upi_id,linked_account_count,linked_accounts,total_claim_count,total_payout_amount
matthew60600@okaxis,1,ACC000001,0,0.0
dalbir8384@ybl,1,ACC000002,1,181.65
khoslagautam525@okaxis,1,ACC000003,2,86.1
kapoordavid349@paytm,1,ACC000004,0,0.0
chakradhardeol968@okicici,1,ACC000005,3,120.55
morarpratyush964@okaxis,1,ACC000006,1,17.5
kashishchatterjee401@okaxis,1,ACC000007,2,33.3
jhawatika981@okhdfcbank,1,ACC000008,1,5.58
udyati97270@okicici,1,ACC000009,2,48.61
yagneshbumb402@okaxis,1,ACC000010,0,0.0
saumya49214@okaxis,1,ACC000011,1,37.45
wgala27@oksbi,1,ACC000012,1,70.0
qbaral119@okaxis,1,ACC000013,1,47.23
harini59491@paytm,1,ACC000014,2,113.73
chanderanamika713@okicici,1,ACC000015,0,0.0
mukherjeesanaya338@paytm,1,ACC000016,2,53.18
arin75749@oksbi,1,ACC000017,2,131.6
kamdarbhavna226@oksbi,1,ACC000018,0,0.0
ftaneja932@okaxis,1,ACC000019,1,40.95
laksh68821@paytm,1,ACC000020,1,37.78
lajita32155@ybl,1,ACC000021,1,15.56
adviksundaram562@ybl,1,ACC000022,1,10.83
aayush26445@okhdfcbank,1,ACC000023,5,276.67
jeremiah89835@ybl,1,ACC000024,1,35.0
zramanathan624@oksbi,1,ACC000025,3,261.76
mbhatia59@okhdfcbank,1,ACC000026,3,47.21
imaranoak547@okaxis,1,ACC000027,0,0.0
harrisonpatla945@ybl,1,ACC000028,3,54.93
krishadixit803@oksbi,1,ACC000029,0,0.0
urvi11260@okhdfcbank,1,ACC000030,1,2.93
esrinivasan166@paytm,1,ACC000031,1,10.83
alka7220@okicici,1,ACC000032,1,20.28
manan80941@okhdfcbank,1,ACC000033,2,35.49
lalzarna416@okhdfcbank,1,ACC000034,1,17.5
yadavinarayan436@oksbi,1,ACC000035,1,55.98
wriddhishrattan271@oksbi,1,ACC000036,1,11.9
uparekh727@okhdfcbank,1,ACC000037,1,19.6
urmi43297@okaxis,1,ACC000038,1,10.15
xpalla565@okhdfcbank,1,ACC000039,0,0.0
vhegde673@okaxis,1,ACC000040,3,110.23
srinivashemangini858@okhdfcbank,1,ACC000041,1,52.5
ramaryan614@okhdfcbank,1,ACC000042,2,90.28
gabriel67251@oksbi,1,ACC000043,0,0.0
onkardatta86@okaxis,1,ACC000044,1,56.17
ndhingra148@okaxis,1,ACC000045,4,185.13
nachiket88659@okhdfcbank,1,ACC000046,0,0.0
vyasliam932@ybl,1,ACC000047,1,20.65
ayaankrishnamurthy653@okicici,1,ACC000048,1,17.15
aashi86502@okicici,1,ACC000049,1,115.85
tara98259@oksbi,1,ACC000050,2,107.78
maxviswanathan786@oksbi,1,ACC000051,1,55.98
aayushdoctor637@ybl,1,ACC000052,3,236.6
bhatiaeshana916@ybl,1,ACC000053,0,0.0
jcherian840@ybl,1,ACC000054,0,0.0
chaudhariyashica77@ybl,1,ACC000055,1,26.95
savanteshana237@okaxis,1,ACC000056,4,109.03
aradhanasethi2@okicici,1,ACC000057,1,37.45
aashijain382@oksbi,1,ACC000058,0,0.0
ramanathanriya875@oksbi,1,ACC000059,2,175.31
nbora792@okicici,1,ACC000060,1,52.5
jasmitdhar209@paytm,1,ACC000061,0,0.0
vkanda131@okhdfcbank,1,ACC000062,0,0.0
qgaba416@paytm,1,ACC000063,1,20.65
zvarma513@okaxis,1,ACC000064,2,101.85
george50570@oksbi,1,ACC000065,2,43.36
rajagopalangarima216@okaxis,1,ACC000066,3,244.12
chowdhuryveer443@okicici,1,ACC000067,2,80.85
anita02876@okaxis,1,ACC000068,2,98.33
zkuruvilla88@ybl,1,ACC000069,0,0.0
fnarain661@paytm,1,ACC000070,1,37.97
pavanibora73@okicici,1,ACC000071,0,0.0
ladfiyaz2@oksbi,1,ACC000072,2,34.29
jairaj70722@paytm,1,ACC000073,3,103.25
kai08736@okaxis,1,ACC000074,3,75.57
adwetabedi779@okicici,1,ACC000075,1,87.5
samesh47972@ybl,1,ACC000076,4,310.43
andrew40338@okhdfcbank,1,ACC000077,0,0.0
yoshitasoman860@okicici,1,ACC000078,1,20.28
italwar575@okhdfcbank,1,ACC000079,0,0.0
tanveer3551@paytm,1,ACC000080,1,8.04
nidhipalan32@paytm,1,ACC000081,1,41.37
bobalaadhya264@okhdfcbank,1,ACC000082,1,52.5
qtoor947@okicici,1,ACC000083,0,0.0
chakradev7225@okhdfcbank,1,ACC000084,0,0.0
januja58835@okaxis,1,ACC000085,0,0.0
tejas52843@paytm,1,ACC000086,2,58.33
gmallick254@okaxis,1,ACC000087,2,58.47
chandaishani99@okaxis,1,ACC000088,0,0.0
ramesharin472@ybl,1,ACC000089,2,131.95
wadhwamohammed382@okicici,1,ACC000090,0,0.0
unanda289@ybl,1,ACC000091,2,37.78
calebvarghese5@okaxis,1,ACC000092,2,18.16
yaminibabu997@ybl,1,ACC000093,1,40.95
frederickbalasubramanian109@paytm,1,ACC000094,0,0.0
purisiya46@okhdfcbank,1,ACC000095,0,0.0
vrishtilalla839@okicici,1,ACC000096,0,0.0
voradominic815@okaxis,1,ACC000097,0,0.0
lankawahab159@paytm,1,ACC000098,1,54.24
ytak428@oksbi,1,ACC000099,0,0.0
chakradhar93660@okhdfcbank,1,ACC000100,1,20.28
daksha99416@ybl,1,ACC000101,3,59.99
rluthra357@okicici,1,ACC000102,1,40.25
tmannan309@okhdfcbank,1,ACC000103,0,0.0
jdani949@paytm,1,ACC000104,1,10.83
sbadal636@okaxis,1,ACC000105,1,17.26
yluthra393@okicici,1,ACC000106,0,0.0
falanchana906@ybl,1,ACC000107,5,483.92
kevin98516@okaxis,1,ACC000108,4,202.63
vihaan7794@okaxis,1,ACC000109,4,168.68
zseshadri27@oksbi,1,ACC000110,1,144.18
krisha51980@okhdfcbank,1,ACC000111,1,8.4
mitali13332@ybl,1,ACC000112,1,23.47
zehaan51519@okhdfcbank,1,ACC000113,1,16.78
patelpriya173@okicici,1,ACC000114,4,177.76
harsh04150@okicici,1,ACC000115,0,0.0
rajata85304@ybl,1,ACC000116,1,32.2
zbalakrishnan227@okhdfcbank,1,ACC000117,1,55.98
farisbawa669@oksbi,1,ACC000118,1,5.25
bhavinisunder309@ybl,1,ACC000119,0,0.0
onkarsodhi960@okhdfcbank,1,ACC000120,3,175.35
abha63609@paytm,1,ACC000121,1,225.73
kdar64@ybl,1,ACC000122,1,20.65
ckannan146@okaxis,1,ACC000123,3,81.55
isane733@ybl,1,ACC000124,0,0.0
hemachand180@okhdfcbank,1,ACC000125,1,12.58
anmolsachar729@oksbi,1,ACC000126,0,0.0
krishamadan996@okicici,1,ACC000127,1,59.85
jagvi28968@okhdfcbank,1,ACC000128,1,151.7
georgemadan481@okaxis,1,ACC000129,3,199.15
tsankaran933@okhdfcbank,1,ACC000130,0,0.0
dattabachittar146@paytm,1,ACC000131,3,75.23
asuri913@paytm,1,ACC000132,2,49.15
psen489@oksbi,1,ACC000133,0,0.0
ikbalshankar268@oksbi,1,ACC000134,5,106.21
dassviraj551@ybl,1,ACC000135,1,76.98
kabir48781@oksbi,1,ACC000136,1,16.78
chaudharyekavir981@ybl,1,ACC000137,0,0.0
lipikalal503@paytm,1,ACC000138,4,184.08
yogicharvi514@okhdfcbank,1,ACC000139,1,8.75
xavier78160@okaxis,1,ACC000140,0,0.0
dmohanty594@okhdfcbank,1,ACC000141,1,20.65
qbumb159@paytm,1,ACC000142,2,91.7
utkarsh70169@paytm,1,ACC000143,1,38.44
meghana30201@oksbi,1,ACC000144,0,0.0
jhawarhi13@okaxis,1,ACC000145,0,0.0
vihaanshroff475@oksbi,1,ACC000146,0,0.0
ikbal97718@ybl,1,ACC000147,0,0.0
qsahni873@okhdfcbank,1,ACC000148,0,0.0
nbhagat917@okaxis,1,ACC000149,1,19.77
tben21@ybl,1,ACC000150,1,38.13
isaiah12930@oksbi,1,ACC000151,0,0.0
tbalay357@oksbi,1,ACC000152,1,79.1
garima72535@okicici,1,ACC000153,1,33.95
panchalosha747@ybl,1,ACC000154,1,11.9
lajitaparikh644@paytm,1,ACC000155,2,35.7
dchahal218@okhdfcbank,1,ACC000156,0,0.0
uhans799@okaxis,1,ACC000157,1,13.65
royyug494@oksbi,1,ACC000158,0,0.0
prashadbakhshi497@okaxis,1,ACC000159,0,0.0
kurianrobert875@okaxis,1,ACC000160,1,79.1
janani45215@oksbi,1,ACC000161,2,175.86
edhitha44926@okaxis,1,ACC000162,1,37.78
bajwavivaan807@paytm,1,ACC000163,1,17.15
yraju569@oksbi,1,ACC000164,1,70.0
fdeo718@okaxis,1,ACC000165,1,22.75
matthew93713@ybl,1,ACC000166,2,38.83
farhan8322@ybl,1,ACC000167,0,0.0
pbhattacharyya35@okhdfcbank,1,ACC000168,0,0.0
naveen61350@okaxis,1,ACC000169,0,0.0
joshigopal433@okicici,1,ACC000170,2,54.23
oghose671@okaxis,1,ACC000171,1,40.95
jairajmemon804@oksbi,1,ACC000172,1,19.06
aachal4348@okhdfcbank,1,ACC000173,0,0.0
miteshmanda932@ybl,1,ACC000174,1,87.5
dhruv64641@okhdfcbank,1,ACC000175,1,218.4
harishshetty378@okhdfcbank,1,ACC000176,0,0.0
ckashyap36@okicici,1,ACC000177,0,0.0
viraj10535@oksbi,1,ACC000178,1,37.78
falanpradhan105@oksbi,1,ACC000179,1,12.07
abeer19990@oksbi,1,ACC000180,1,17.5
pillayharini945@oksbi,1,ACC000181,0,0.0
balvan93301@paytm,1,ACC000182,0,0.0
lprabhu16@paytm,1,ACC000183,2,67.36
tandonveda972@ybl,1,ACC000184,1,52.85
odubey645@okaxis,1,ACC000185,1,16.78
amadan998@paytm,1,ACC000186,0,0.0
tbehl616@okicici,1,ACC000187,0,0.0
bsaha827@okaxis,1,ACC000188,0,0.0
ronith66943@oksbi,1,ACC000189,0,0.0
pallavicomar281@ybl,1,ACC000190,1,20.28
triveni22317@ybl,1,ACC000191,1,13.65
kchakraborty90@ybl,1,ACC000192,4,234.45
madhavpall372@ybl,1,ACC000193,0,0.0
chopraleela945@okaxis,1,ACC000194,2,27.66
charvidate22@oksbi,1,ACC000195,1,35.0
dmurty839@ybl,1,ACC000196,2,81.9
dyaltristan892@paytm,1,ACC000197,0,0.0
urvashigoswami724@oksbi,1,ACC000198,3,114.43
leelaparmer40@okicici,1,ACC000199,0,0.0
benjaminbarad265@ybl,1,ACC000200,1,139.65
jshah962@okhdfcbank,1,ACC000201,0,0.0
lmorar483@okicici,1,ACC000202,1,20.28
sanya87937@paytm,1,ACC000203,3,130.25
pshroff981@oksbi,1,ACC000204,1,73.48
zgola340@okhdfcbank,1,ACC000205,1,29.59
jagratisani429@okaxis,1,ACC000206,0,0.0
bariakalpit267@okaxis,1,ACC000207,1,40.95
bhagatyamini574@okaxis,1,ACC000208,1,79.1
atharvbhatti948@okhdfcbank,1,ACC000209,2,63.31
harikaran524@okhdfcbank,1,ACC000210,1,37.78
timothybhatti586@okhdfcbank,1,ACC000211,1,129.51
nathan59911@ybl,1,ACC000212,0,0.0
aachalthakkar597@okicici,1,ACC000213,3,123.53
yashawini35137@paytm,1,ACC000214,0,0.0
oedwin720@okicici,1,ACC000215,0,0.0
yganguly124@okicici,1,ACC000216,0,0.0
parsasneha458@ybl,1,ACC000217,2,57.75
krishnanmeera569@oksbi,1,ACC000218,1,15.4
kpillay106@okicici,1,ACC000219,1,20.65
sathevictor113@oksbi,1,ACC000220,0,0.0
minhaszaitra685@ybl,1,ACC000221,2,34.3
aarav03347@okaxis,1,ACC000222,0,0.0
gsahni835@okaxis,1,ACC000223,2,107.78
nkaran112@ybl,1,ACC000224,2,67.03
pantdaksha649@oksbi,1,ACC000225,0,0.0
odikamitra243@oksbi,1,ACC000226,0,0.0
idutt983@ybl,1,ACC000227,0,0.0
shravyachar127@ybl,1,ACC000228,1,15.32
neelima40295@okaxis,1,ACC000229,0,0.0
sachi98472@ybl,1,ACC000230,1,21.0
basudavid560@okaxis,1,ACC000231,4,74.53
nathanielbhardwaj163@ybl,1,ACC000232,0,0.0
luckysachdev363@paytm,1,ACC000233,0,0.0
gghosh427@okicici,1,ACC000234,0,0.0
sridharabeer600@oksbi,1,ACC000235,1,87.5
vbuch389@okaxis,1,ACC000236,0,0.0
lalvincent569@ybl,1,ACC000237,4,217.87
charles4891@okicici,1,ACC000238,0,0.0
chakrika31913@oksbi,1,ACC000239,0,0.0
warinder32552@ybl,1,ACC000240,0,0.0
mnarasimhan476@okicici,1,ACC000241,0,0.0
hsodhi235@oksbi,1,ACC000242,3,145.21
kkaur352@paytm,1,ACC000243,0,0.0
kbrahmbhatt525@okhdfcbank,1,ACC000244,0,0.0
choudhuryhredhaan647@okhdfcbank,1,ACC000245,0,0.0
ayushbalasubramanian62@paytm,1,ACC000246,0,0.0
birchakradhar709@okaxis,1,ACC000247,0,0.0
ryan81202@okhdfcbank,1,ACC000248,4,160.97
pchhabra971@ybl,1,ACC000249,3,125.98
chahalbhavna274@paytm,1,ACC000250,5,69.56
chaitalynagar323@oksbi,1,ACC000251,0,0.0
aahana40973@oksbi,1,ACC000252,1,10.83
yahvi7423@okhdfcbank,1,ACC000253,0,0.0
bbalasubramanian406@ybl,1,ACC000254,2,33.68
ibava568@okhdfcbank,1,ACC000255,2,152.25
manionkar723@okhdfcbank,1,ACC000256,0,0.0
chatura05857@okhdfcbank,1,ACC000257,1,20.28
wardapalan210@okhdfcbank,1,ACC000258,0,0.0
bhanumatikala922@okaxis,1,ACC000259,1,17.15
imaranbuch695@ybl,1,ACC000260,2,22.9
narainishani795@okhdfcbank,1,ACC000261,3,178.66
samiaryan837@paytm,1,ACC000262,0,0.0
kthaker960@okicici,1,ACC000263,0,0.0
trivenidate255@okaxis,1,ACC000264,2,38.83
palleta41@ybl,1,ACC000265,1,15.23
knaik579@okhdfcbank,1,ACC000266,0,0.0
vihaan25358@oksbi,1,ACC000267,0,0.0
yashicahanda622@paytm,1,ACC000268,2,96.58
nachiketkota712@paytm,1,ACC000269,1,26.95
naveen35953@okicici,1,ACC000270,0,0.0
galaharsh521@oksbi,1,ACC000271,2,45.3
chasmummishra268@okhdfcbank,1,ACC000272,2,80.83
mandsamuel207@paytm,1,ACC000273,0,0.0
rastogirajeshri723@okhdfcbank,1,ACC000274,0,0.0
ubika02906@paytm,1,ACC000275,2,54.56
kibequshi473@okaxis,1,ACC000276,2,137.88
qkarnik114@paytm,1,ACC000277,0,0.0
pratyushdash297@okhdfcbank,1,ACC000278,5,199.11
sainixavier9@okicici,1,ACC000279,2,12.8
zashilsampath794@okaxis,1,ACC000280,1,26.25
rvasa761@ybl,1,ACC000281,0,0.0
advaith67140@ybl,1,ACC000282,1,21.0
tejas23434@okaxis,1,ACC000283,0,0.0
tjayaraman454@paytm,1,ACC000284,2,666.83
hemal67876@ybl,1,ACC000285,2,114.1
wvarkey926@paytm,1,ACC000286,4,77.66
daksh44998@okaxis,1,ACC000287,0,0.0
sahotaosha493@paytm,1,ACC000288,1,5.31
ikbal34708@oksbi,1,ACC000289,2,58.1
manyashere117@okhdfcbank,1,ACC000290,0,0.0
hansupasna666@oksbi,1,ACC000291,2,69.65
irasachdev581@oksbi,1,ACC000292,1,79.1
upasnapant105@okaxis,1,ACC000293,1,20.28
bkulkarni141@okicici,1,ACC000294,0,0.0
ishita34719@ybl,1,ACC000295,0,0.0
patilmichael637@okhdfcbank,1,ACC000296,0,0.0
chadaekta824@paytm,1,ACC000297,0,0.0
alexander03971@okicici,1,ACC000298,1,40.95
harrison92116@oksbi,1,ACC000299,1,37.78
ypal117@oksbi,1,ACC000300,1,10.15
gautammishra857@okhdfcbank,1,ACC000301,2,135.1
sarnajackson820@oksbi,1,ACC000302,2,39.78
liamsolanki319@okhdfcbank,1,ACC000303,0,0.0
sdhawan340@ybl,1,ACC000304,1,37.78
dyalekani471@ybl,1,ACC000305,1,37.78
udyati56583@ybl,1,ACC000306,0,0.0
golejalsa894@okhdfcbank,1,ACC000307,1,5.36
narayanangirindra698@oksbi,1,ACC000308,2,176.4
bahadurjitkala688@okicici,1,ACC000309,1,29.22
girindra55211@oksbi,1,ACC000310,0,0.0
bhanumatisaran148@okicici,1,ACC000311,1,43.75
mannbrinda362@okaxis,1,ACC000312,1,30.78
yahvi48283@okicici,1,ACC000313,2,217.68
vdalal290@ybl,1,ACC000314,0,0.0
gaganbaria50@oksbi,1,ACC000315,2,10.3
zbawa218@okicici,1,ACC000316,3,89.23
vaishnavibhasin613@okaxis,1,ACC000317,0,0.0
odin670@okicici,1,ACC000318,1,73.48
kalabalveer543@oksbi,1,ACC000319,0,0.0
harrisongolla158@paytm,1,ACC000320,1,15.4
aryajyoti795@paytm,1,ACC000321,0,0.0
aarna42371@ybl,1,ACC000322,1,20.65
fbhagat155@paytm,1,ACC000323,1,17.15
samanidhi210@ybl,1,ACC000324,1,7.18
edugal542@oksbi,1,ACC000325,2,42.35
sodhisimon676@paytm,1,ACC000326,0,0.0
aagrawal420@okaxis,1,ACC000327,2,58.1
kamdarjairaj334@okaxis,1,ACC000328,0,0.0
shravyagrover489@okicici,1,ACC000329,0,0.0
fradomemon498@okhdfcbank,1,ACC000330,0,0.0
dkumar54@okhdfcbank,1,ACC000331,0,0.0
buchlopa959@okicici,1,ACC000332,0,0.0
vidhibhasin155@ybl,1,ACC000333,1,15.05
rsinghal904@okicici,1,ACC000334,3,382.53
patilnihal67@oksbi,1,ACC000335,1,11.53
rsethi152@paytm,1,ACC000336,1,17.5
ati09994@okhdfcbank,1,ACC000337,0,0.0
alexander29271@okicici,1,ACC000338,1,50.73
krisharam669@okaxis,1,ACC000339,1,20.28
siyamander430@okaxis,1,ACC000340,4,278.35
pahal29680@oksbi,1,ACC000341,1,6.33
manilohit685@okicici,1,ACC000342,4,1816.92
anushatata628@paytm,1,ACC000343,1,79.1
mraj269@okaxis,1,ACC000344,0,0.0
dayamaibhandari373@ybl,1,ACC000345,0,0.0
aachalandra330@okaxis,1,ACC000346,1,20.65
yadavisha679@ybl,1,ACC000347,2,93.76
ekani78778@ybl,1,ACC000348,2,136.32
georgegolla570@okhdfcbank,1,ACC000349,1,20.65
neha82272@okaxis,1,ACC000350,1,37.1
gprasad735@okaxis,1,ACC000351,2,90.98
dugaldiya133@ybl,1,ACC000352,0,0.0
chandrabahadurjit881@oksbi,1,ACC000353,0,0.0
qkala111@ybl,1,ACC000354,1,20.63
sekhonkaran408@okaxis,1,ACC000355,1,18.53
pratyushradhakrishnan568@okicici,1,ACC000356,0,0.0
tara71585@oksbi,1,ACC000357,1,117.25
chanaaarini729@okicici,1,ACC000358,0,0.0
toormaya144@okaxis,1,ACC000359,2,45.76
wahab32393@okicici,1,ACC000360,0,0.0
daniel80315@okicici,1,ACC000361,0,0.0
gbhalla207@okhdfcbank,1,ACC000362,0,0.0
chanchalsastry145@okicici,1,ACC000363,1,10.15
kamya4670@okaxis,1,ACC000364,3,132.3
ridhikhare209@okhdfcbank,1,ACC000365,0,0.0
sidhurobert834@ybl,1,ACC000366,2,37.8
farasprakash150@paytm,1,ACC000367,1,9.08
ychatterjee675@okicici,1,ACC000368,2,27.08
unori724@ybl,1,ACC000369,3,38.94
luke53229@paytm,1,ACC000370,0,0.0
cdhillon342@paytm,1,ACC000371,1,73.48
jkoshy75@okicici,1,ACC000372,0,0.0
gaurika24554@oksbi,1,ACC000373,1,20.65
jcomar991@oksbi,1,ACC000374,1,144.18
vanshamangat338@paytm,1,ACC000375,0,0.0
rachana43466@oksbi,1,ACC000376,1,15.44
ojasvi20594@oksbi,1,ACC000377,0,0.0
amolsathe384@paytm,1,ACC000378,0,0.0
saanviagarwal6@paytm,1,ACC000379,3,165.45
quincy56480@okhdfcbank,1,ACC000380,3,26.21
pratyush22246@oksbi,1,ACC000381,0,0.0
ronithbuch90@okhdfcbank,1,ACC000382,1,12.93
lmahal87@paytm,1,ACC000383,1,19.07
darikajain346@oksbi,1,ACC000384,1,35.0
hbhakta607@okhdfcbank,1,ACC000385,3,42.2
achana948@okhdfcbank,1,ACC000386,0,0.0
amairakothari39@okaxis,1,ACC000387,0,0.0
balhaar2595@paytm,1,ACC000388,1,49.35
zinal78139@okicici,1,ACC000389,0,0.0
ekaniraj169@okaxis,1,ACC000390,1,10.72
hritik77671@paytm,1,ACC000391,1,8.75
anshkohli243@okaxis,1,ACC000392,1,59.85
oliverchauhan846@okaxis,1,ACC000393,0,0.0
bahlgopal680@ybl,1,ACC000394,1,32.2
andrew99429@okaxis,1,ACC000395,0,0.0
wchauhan404@okaxis,1,ACC000396,2,30.8
mahajanjatin124@okhdfcbank,1,ACC000397,1,26.95
imaran11172@okhdfcbank,1,ACC000398,1,13.65
utkarshdin810@ybl,1,ACC000399,3,47.23
bgala566@paytm,1,ACC000400,2,56.67
cvora273@okicici,1,ACC000401,1,11.9
hamsini63373@paytm,1,ACC000402,0,0.0
nandini80387@okaxis,1,ACC000403,0,0.0
zaid6036@okicici,1,ACC000404,0,0.0
nairrachita602@ybl,1,ACC000405,0,0.0
liamsalvi299@ybl,1,ACC000406,0,0.0
zbatra505@paytm,1,ACC000407,1,16.78
banerjeeamaira356@okhdfcbank,1,ACC000408,2,28.94
chaudhryzashil986@paytm,1,ACC000409,5,474.57
balveermani462@ybl,1,ACC000410,2,28.91
jaibhasin771@oksbi,1,ACC000411,2,211.73
frado7943@ybl,1,ACC000412,2,71.04
vaidyakaran99@ybl,1,ACC000413,0,0.0
anusha31170@paytm,1,ACC000414,2,59.15
pkant359@okhdfcbank,1,ACC000415,0,0.0
triveni84137@okhdfcbank,1,ACC000416,1,26.25
azaan35592@okaxis,1,ACC000417,1,37.78
arandhawa513@oksbi,1,ACC000418,1,13.65
ekiyananda628@okicici,1,ACC000419,0,0.0
chakrikabhandari219@okhdfcbank,1,ACC000420,1,35.0
pallria74@oksbi,1,ACC000421,1,20.28
vpandya457@ybl,1,ACC000422,5,190.0
omajanazareth550@paytm,1,ACC000423,3,91.24
aradhanavasa419@okhdfcbank,1,ACC000424,1,189.7
yluthra658@okaxis,1,ACC000425,0,0.0
nitarachauhan466@okhdfcbank,1,ACC000426,0,0.0
tankmitali79@paytm,1,ACC000427,0,0.0
nmammen792@okicici,1,ACC000428,1,51.1
sshankar737@oksbi,1,ACC000429,0,0.0
jvora46@paytm,1,ACC000430,1,18.53
tatalajita814@okicici,1,ACC000431,0,0.0
maanav69399@okhdfcbank,1,ACC000432,4,89.57
ekiya93220@paytm,1,ACC000433,4,98.34
banne497@paytm,1,ACC000434,1,7.68
imital899@okhdfcbank,1,ACC000435,1,13.65
hvarughese735@paytm,1,ACC000436,0,0.0
cparmar391@oksbi,1,ACC000437,3,197.22
birveer50@okaxis,1,ACC000438,1,47.23
mdube19@okaxis,1,ACC000439,0,0.0
soza147@ybl,1,ACC000440,1,16.78
jananinadkarni872@oksbi,1,ACC000441,0,0.0
yauvani21630@okicici,1,ACC000442,3,263.18
yashodhara6289@ybl,1,ACC000443,0,0.0
yashasviguha92@okicici,1,ACC000444,1,87.5
panditbrijesh77@oksbi,1,ACC000445,1,27.28
mohantyaayush589@paytm,1,ACC000446,4,201.23
auroraayushman634@okicici,1,ACC000447,0,0.0
yoshita2930@okicici,1,ACC000448,1,17.5
nakshvasa281@okhdfcbank,1,ACC000449,3,87.4
borraonkar545@okhdfcbank,1,ACC000450,1,43.73
zsani217@ybl,1,ACC000451,1,15.38
maanas35774@oksbi,1,ACC000452,0,0.0
bhatnagarikshita449@ybl,1,ACC000453,0,0.0
bhagatthomas94@paytm,1,ACC000454,2,31.11
sarrafchatura66@paytm,1,ACC000455,1,29.22
duttaoscar705@okicici,1,ACC000456,2,48.12
amitter882@okaxis,1,ACC000457,4,116.82
pbir162@paytm,1,ACC000458,1,37.45
odikamore393@okicici,1,ACC000459,2,34.3
kohligagan556@paytm,1,ACC000460,2,47.51
abhimanyumannan293@okaxis,1,ACC000461,1,7.0
lekha56247@paytm,1,ACC000462,1,37.78
jpanchal31@okaxis,1,ACC000463,2,46.53
hemangini36932@okhdfcbank,1,ACC000464,1,13.65
nachiket32569@oksbi,1,ACC000465,0,0.0
saanvisibal113@oksbi,1,ACC000466,3,147.0
jhalakpandit77@okaxis,1,ACC000467,1,5.25
chamelisoni12@paytm,1,ACC000468,1,12.93
tdeep681@ybl,1,ACC000469,2,33.95
ipillai717@okhdfcbank,1,ACC000470,0,0.0
jeremiahdas450@okhdfcbank,1,ACC000471,1,35.0
lekha0913@okicici,1,ACC000472,5,140.85
goelvincent33@okaxis,1,ACC000473,0,0.0
birjanaki245@oksbi,1,ACC000474,1,39.2
dominicmukhopadhyay124@okicici,1,ACC000475,2,39.02
wmandal83@ybl,1,ACC000476,2,34.3
aradhanagoda98@oksbi,1,ACC000477,0,0.0
nitara07431@oksbi,1,ACC000478,0,0.0
guneet24120@okaxis,1,ACC000479,2,20.41
banjeetravel585@okaxis,1,ACC000480,1,129.5
chavvidugal694@oksbi,1,ACC000481,2,385.72
praneel93477@okicici,1,ACC000482,1,35.0
radhika95922@paytm,1,ACC000483,0,0.0
brijesh99131@okhdfcbank,1,ACC000484,2,46.42
baradeiravati591@ybl,1,ACC000485,4,82.69
sahnimeera650@okhdfcbank,1,ACC000486,1,20.65
avnivyas616@okaxis,1,ACC000487,0,0.0
vsavant548@okaxis,1,ACC000488,4,275.1
dtrivedi958@oksbi,1,ACC000489,1,87.5
vrishtigulati896@okicici,1,ACC000490,4,131.2
owen82825@oksbi,1,ACC000491,0,0.0
zaid02319@oksbi,1,ACC000492,5,148.57
deepadevan247@okicici,1,ACC000493,0,0.0
tkhanna742@oksbi,1,ACC000494,0,0.0
pdeol197@okhdfcbank,1,ACC000495,1,20.65
wrideshnath790@okicici,1,ACC000496,0,0.0
rgara407@okicici,1,ACC000497,3,36.73
nravi473@oksbi,1,ACC000498,4,53.98
vidhi3069@okicici,1,ACC000499,0,0.0
indrajitmore789@paytm,1,ACC000500,1,26.95
sai7990@paytm,1,ACC000501,5,88.51
bathadvay734@paytm,1,ACC000502,1,14.0
vchacko619@okaxis,1,ACC000503,0,0.0
ikbal76372@oksbi,1,ACC000504,1,26.95
abhiram51485@okhdfcbank,1,ACC000505,0,0.0
yatan12767@okhdfcbank,1,ACC000506,0,0.0
sdhillon29@okicici,1,ACC000507,3,50.73
harshmukherjee589@okicici,1,ACC000508,0,0.0
ishaninagarajan869@okicici,1,ACC000509,0,0.0
zehaan30404@okaxis,1,ACC000510,3,58.94
nbedi260@ybl,1,ACC000511,0,0.0
chandanibuch731@okicici,1,ACC000512,0,0.0
saanviratti900@okhdfcbank,1,ACC000513,1,35.0
msrinivas467@okicici,1,ACC000514,0,0.0
vaidyapavani370@okhdfcbank,1,ACC000515,0,0.0
varkeyoviya70@okaxis,1,ACC000516,1,47.23
godanitesh654@paytm,1,ACC000517,0,0.0
rohan71757@okicici,1,ACC000518,2,32.55
owarrior372@paytm,1,ACC000519,1,79.1
bhasingarima735@okhdfcbank,1,ACC000520,2,67.2
epillay162@okaxis,1,ACC000521,0,0.0
ayaan33528@paytm,1,ACC000522,3,75.91
dinkamya901@oksbi,1,ACC000523,3,107.76
wridesh97647@okaxis,1,ACC000524,2,193.53
samakshchoudhury95@oksbi,1,ACC000525,3,114.45
guhazayan739@paytm,1,ACC000526,0,0.0
ikara891@oksbi,1,ACC000527,6,258.14
reddyethan318@okhdfcbank,1,ACC000528,1,13.67
varmaharsh428@okaxis,1,ACC000529,0,0.0
rehaansoman531@okhdfcbank,1,ACC000530,0,0.0
ravelwarjas719@okaxis,1,ACC000531,1,26.25
triptimital661@okhdfcbank,1,ACC000532,1,59.85
jaggiishwar975@okaxis,1,ACC000533,1,58.45
jeevikaom695@okaxis,1,ACC000534,1,109.18
kumerjason293@oksbi,1,ACC000535,3,287.0
vrinda09655@okaxis,1,ACC000536,1,20.65
isaiah0369@okicici,1,ACC000537,3,224.22
lbail61@paytm,1,ACC000538,2,31.83
echoudhry945@oksbi,1,ACC000539,1,73.48
lajita29612@okhdfcbank,1,ACC000540,1,14.7
sachi00116@okaxis,1,ACC000541,0,0.0
zbalay124@okaxis,1,ACC000542,1,158.2
ksoni170@okhdfcbank,1,ACC000543,0,0.0
zansiborra15@okaxis,1,ACC000544,1,20.28
karan99937@ybl,1,ACC000545,0,0.0
unni59513@paytm,1,ACC000546,3,99.9
abeer59166@okicici,1,ACC000547,0,0.0
triptibath841@oksbi,1,ACC000548,0,0.0
anjalirajagopalan821@ybl,1,ACC000549,1,8.75
ishanvi99953@oksbi,1,ACC000550,1,37.45
chandranryan90@ybl,1,ACC000551,2,143.5
patilbaghyawati100@oksbi,1,ACC000552,0,0.0
ekbalmodi801@okicici,1,ACC000553,0,0.0
yashodhara35710@paytm,1,ACC000554,0,0.0
darpan55982@oksbi,1,ACC000555,1,6.83
yagnesh35879@okhdfcbank,1,ACC000556,5,47.96
cravel980@okhdfcbank,1,ACC000557,2,155.03
dominicdhawan879@okhdfcbank,1,ACC000558,0,0.0
ethan39646@okaxis,1,ACC000559,0,0.0
ira75763@okaxis,1,ACC000560,1,20.28
sundarameiravati701@oksbi,1,ACC000561,0,0.0
arin24481@okaxis,1,ACC000562,1,109.18
rattasara511@ybl,1,ACC000563,0,0.0
hegdewyatt326@okhdfcbank,1,ACC000564,2,27.26
buchethan369@okhdfcbank,1,ACC000565,0,0.0
laban0366@okaxis,1,ACC000566,0,0.0
naiduayaan686@oksbi,1,ACC000567,3,56.78
sundernidra528@okaxis,1,ACC000568,2,78.73
daksheshsachdeva216@oksbi,1,ACC000569,2,72.42
warda96114@paytm,1,ACC000570,1,17.15
baledhitha639@ybl,1,ACC000571,0,0.0
sagarforum942@okicici,1,ACC000572,1,7.0
lukewagle164@okicici,1,ACC000573,1,43.75
pallavi58242@okaxis,1,ACC000574,5,224.68
gangakarpe464@ybl,1,ACC000575,0,0.0
xbalay773@oksbi,1,ACC000576,2,35.68
xmall954@oksbi,1,ACC000577,0,0.0
zayyanandra868@paytm,1,ACC000578,1,19.79
matthew36105@ybl,1,ACC000579,0,0.0
desaijason444@okicici,1,ACC000580,0,0.0
aashipau678@okaxis,1,ACC000581,2,26.06
ayushpanchal39@okaxis,1,ACC000582,5,223.8
okala829@okaxis,1,ACC000583,1,35.0
nsharma676@paytm,1,ACC000584,1,79.1
auroradominic56@okhdfcbank,1,ACC000585,2,44.1
darpan39184@oksbi,1,ACC000586,0,0.0
bkapur675@okicici,1,ACC000587,1,7.33
okhurana87@okicici,1,ACC000588,0,0.0
tmallick453@paytm,1,ACC000589,2,53.0
vanshaloke573@ybl,1,ACC000590,1,13.98
barkha15190@oksbi,1,ACC000591,0,0.0
neelnagarajan530@okaxis,1,ACC000592,1,18.95
lkala839@okicici,1,ACC000593,3,105.33
chakradhar72804@okaxis,1,ACC000594,0,0.0
aryan12562@oksbi,1,ACC000595,3,136.98
matthew85500@oksbi,1,ACC000596,1,37.78
achana889@okaxis,1,ACC000597,0,0.0
cnayak361@okicici,1,ACC000598,1,37.78
baradkrishna451@ybl,1,ACC000599,2,89.93
ucheema117@okicici,1,ACC000600,4,146.29
dhruv11904@okicici,1,ACC000601,1,56.17
lagate218@okaxis,1,ACC000602,0,0.0
wagleirya340@okaxis,1,ACC000603,2,388.85
pallatanveer480@oksbi,1,ACC000604,2,40.93
elijahmahajan777@paytm,1,ACC000605,2,85.54
ekapad03421@ybl,1,ACC000606,2,244.11
amara05215@okhdfcbank,1,ACC000607,1,35.0
ganga64979@paytm,1,ACC000608,0,0.0
jrajagopal141@okicici,1,ACC000609,0,0.0
odhar681@ybl,1,ACC000610,0,0.0
krishna33169@okicici,1,ACC000611,5,789.25
bawanidra140@paytm,1,ACC000612,0,0.0
dmutti548@okhdfcbank,1,ACC000613,0,0.0
vuppal695@okhdfcbank,1,ACC000614,1,79.1
kritikapant581@okhdfcbank,1,ACC000615,1,59.85
ekanta1883@ybl,1,ACC000616,1,73.48
adweta75182@ybl,1,ACC000617,1,98.0
luckybhatti208@okicici,1,ACC000618,1,17.15
omkaarpau640@paytm,1,ACC000619,3,50.95
ogoel949@oksbi,1,ACC000620,3,172.54
nagylakshmi850@okhdfcbank,1,ACC000621,1,18.89
adas47@okhdfcbank,1,ACC000622,0,0.0
patlaishanvi640@paytm,1,ACC000623,0,0.0
sneha14750@paytm,1,ACC000624,0,0.0
senguptavanya484@ybl,1,ACC000625,0,0.0
abeerde271@okicici,1,ACC000626,0,0.0
kamalavirk324@okaxis,1,ACC000627,0,0.0
iyeraadi616@ybl,1,ACC000628,0,0.0
daminimaharaj806@paytm,1,ACC000629,1,105.0
raksha18422@okhdfcbank,1,ACC000630,0,0.0
kabirsampath285@okhdfcbank,1,ACC000631,0,0.0
caleb76662@ybl,1,ACC000632,5,183.57
nikita69381@oksbi,1,ACC000633,1,16.78
ndayal62@ybl,1,ACC000634,0,0.0
dev35854@oksbi,1,ACC000635,2,486.13
zraghavan117@okhdfcbank,1,ACC000636,3,99.01
chokshiturvi668@ybl,1,ACC000637,0,0.0
esachdeva767@okaxis,1,ACC000638,1,12.58
iswamy928@okaxis,1,ACC000639,0,0.0
sairatti571@ybl,1,ACC000640,1,79.1
ganga67643@okaxis,1,ACC000641,0,0.0
auroraharsh674@okicici,1,ACC000642,1,35.0
suhanibhakta294@oksbi,1,ACC000643,1,20.28
vasudha08959@okicici,1,ACC000644,1,52.5
niharikabedi476@okicici,1,ACC000645,0,0.0
ranveer80993@okhdfcbank,1,ACC000646,0,0.0
gabriel56286@oksbi,1,ACC000647,1,55.98
avaidya283@okicici,1,ACC000648,0,0.0
lajitasarin126@ybl,1,ACC000649,0,0.0
karanben933@ybl,1,ACC000650,4,97.2
tsuresh516@okhdfcbank,1,ACC000651,2,146.96
sai78321@oksbi,1,ACC000652,0,0.0
waliaekansh60@oksbi,1,ACC000653,0,0.0
balendra43694@okaxis,1,ACC000654,1,20.28
suhaniravi88@oksbi,1,ACC000655,1,22.75
dalbirgole737@okicici,1,ACC000656,1,24.13
devanekbal969@ybl,1,ACC000657,0,0.0
galawishi370@okicici,1,ACC000658,3,58.06
siddharth82401@paytm,1,ACC000659,2,399.35
zaitrachaudhuri973@okhdfcbank,1,ACC000660,1,17.15
bedioeshi733@ybl,1,ACC000661,2,48.28
jsamra865@ybl,1,ACC000662,0,0.0
benjamindutta490@okicici,1,ACC000663,0,0.0
eiravatidube994@okicici,1,ACC000664,0,0.0
maxkashyap390@okaxis,1,ACC000665,1,117.25
pdugal608@oksbi,1,ACC000666,1,5.25
horaucchal382@ybl,1,ACC000667,1,33.25
neelima10159@ybl,1,ACC000668,1,20.28
elijahmannan832@okicici,1,ACC000669,3,250.59
mchander797@ybl,1,ACC000670,0,0.0
jaggilogan706@ybl,1,ACC000671,3,795.81
charitabali494@oksbi,1,ACC000672,0,0.0
padmanabhanrobert69@okaxis,1,ACC000673,2,25.61
geragauri244@okicici,1,ACC000674,0,0.0
januja2110@okicici,1,ACC000675,5,588.35
shagirish644@okicici,1,ACC000676,1,52.5
mayashenoy510@paytm,1,ACC000677,0,0.0
sacharkevin892@okicici,1,ACC000678,1,15.4
prasadnihal360@ybl,1,ACC000679,1,40.95
narulaabdul951@ybl,1,ACC000680,0,0.0
jmitter904@ybl,1,ACC000681,0,0.0
jacksondua650@ybl,1,ACC000682,3,225.01
nairupadhriti858@okhdfcbank,1,ACC000683,0,0.0
tooraahana601@okhdfcbank,1,ACC000684,2,26.93
ijani180@ybl,1,ACC000685,1,55.98
girishaurora856@ybl,1,ACC000686,5,327.95
veerchahal841@oksbi,1,ACC000687,0,0.0
azaan66889@okicici,1,ACC000688,0,0.0
chadteerth854@okhdfcbank,1,ACC000689,0,0.0
korpalelijah459@okicici,1,ACC000690,2,94.13
kaleowen207@okicici,1,ACC000691,2,181.76
agoswami412@okhdfcbank,1,ACC000692,0,0.0
fbali86@okhdfcbank,1,ACC000693,4,1032.6
matthewpadmanabhan545@okicici,1,ACC000694,0,0.0
garimabhavsar299@paytm,1,ACC000695,2,30.8
fbarad581@okaxis,1,ACC000696,0,0.0
bhatnagarrushil718@paytm,1,ACC000697,2,60.02
nisha15652@paytm,1,ACC000698,0,0.0
itaneja295@okicici,1,ACC000699,1,56.48
chatresh79178@okicici,1,ACC000700,4,485.95
jack14715@paytm,1,ACC000701,1,6.11
rudrashankar591@paytm,1,ACC000702,0,0.0
ramanathanmegha71@okicici,1,ACC000703,1,87.5
ladli61648@okhdfcbank,1,ACC000704,2,91.17
pooja4039@okaxis,1,ACC000705,1,34.64
somanomya911@okhdfcbank,1,ACC000706,1,19.25
gautamikala177@paytm,1,ACC000707,1,17.13
sbali333@paytm,1,ACC000708,3,131.58
riyareddy191@okaxis,1,ACC000709,2,35.92
kalitabenjamin781@ybl,1,ACC000710,4,425.25
vmadan309@okaxis,1,ACC000711,2,38.42
indaliramesh85@oksbi,1,ACC000712,3,67.55
nicholasraman774@okhdfcbank,1,ACC000713,1,79.1
hemangkorpal300@paytm,1,ACC000714,2,96.93
indira18319@okaxis,1,ACC000715,1,7.12
wdeshmukh750@okicici,1,ACC000716,2,109.9
varkeygarima961@okicici,1,ACC000717,0,0.0
dalaja68228@okicici,1,ACC000718,0,0.0
xtak25@paytm,1,ACC000719,3,52.84
purohitsara438@okicici,1,ACC000720,1,12.9
tarabanerjee811@okicici,1,ACC000721,1,15.03
madanmaanas242@okhdfcbank,1,ACC000722,0,0.0
ramanathanoscar698@okaxis,1,ACC000723,1,9.08
wyatt4847@paytm,1,ACC000724,2,31.13
zchad530@ybl,1,ACC000725,1,35.0
sparsa347@okaxis,1,ACC000726,1,40.95
ybava964@oksbi,1,ACC000727,0,0.0
zaitrabhatia346@okhdfcbank,1,ACC000728,4,502.31
devikabera309@ybl,1,ACC000729,2,44.1
rachit44980@paytm,1,ACC000730,4,90.63
raksha61473@okhdfcbank,1,ACC000731,1,129.5
lekha74970@oksbi,1,ACC000732,5,225.01
athaker898@okaxis,1,ACC000733,1,28.7
chaitanya24548@ybl,1,ACC000734,1,70.0
rbose49@okaxis,1,ACC000735,0,0.0
zwagle777@okaxis,1,ACC000736,3,101.98
shivani00750@okhdfcbank,1,ACC000737,2,73.15
irya95506@ybl,1,ACC000738,3,114.78
charnitara268@okicici,1,ACC000739,0,0.0
noah21405@okaxis,1,ACC000740,0,0.0
mugdha67155@oksbi,1,ACC000741,1,73.83
lukewali460@okicici,1,ACC000742,1,117.25
kiaan35937@okhdfcbank,1,ACC000743,0,0.0
thakkaraarush682@ybl,1,ACC000744,2,87.5
nraval602@okhdfcbank,1,ACC000745,0,0.0
matthewkapadia833@okhdfcbank,1,ACC000746,1,35.0
mandalbahadurjit114@okicici,1,ACC000747,1,104.95
imani211@okhdfcbank,1,ACC000748,0,0.0
tmaharaj261@ybl,1,ACC000749,1,10.69
tanay34170@ybl,1,ACC000750,2,183.01
parsaarin159@okicici,1,ACC000751,1,35.7
tejas07699@okhdfcbank,1,ACC000752,0,0.0
yahvi07716@okaxis,1,ACC000753,0,0.0
baralunni272@oksbi,1,ACC000754,1,27.28
ganga89564@okaxis,1,ACC000755,0,0.0
baghyawatiyadav694@paytm,1,ACC000756,0,0.0
ayushthaman587@oksbi,1,ACC000757,1,24.12
gaurav91772@okicici,1,ACC000758,0,0.0
qkara669@okicici,1,ACC000759,0,0.0
forum41659@paytm,1,ACC000760,1,19.07
rsetty628@okaxis,1,ACC000761,0,0.0
haritagupta641@okhdfcbank,1,ACC000762,2,50.73
farajvarty488@okhdfcbank,1,ACC000763,0,0.0
alkajaggi382@oksbi,1,ACC000764,4,74.16
arin90556@paytm,1,ACC000765,2,67.9
yogiaishani566@okhdfcbank,1,ACC000766,0,0.0
isha41784@ybl,1,ACC000767,1,59.85
oviya07330@okaxis,1,ACC000768,1,20.65
janujasinha325@oksbi,1,ACC000769,2,123.55
eiravati72669@oksbi,1,ACC000770,1,109.18
yashoda63701@okicici,1,ACC000771,0,0.0
arunimavenkataraman821@okicici,1,ACC000772,1,17.5
zdyal290@ybl,1,ACC000773,2,33.56
agastyachoudhry657@ybl,1,ACC000774,3,81.55
abala161@ybl,1,ACC000775,2,108.15
shethcaleb697@okicici,1,ACC000776,0,0.0
naikhamsini702@ybl,1,ACC000777,0,0.0
ajha729@paytm,1,ACC000778,1,20.65
gchawla382@ybl,1,ACC000779,1,117.25
riashan330@okhdfcbank,1,ACC000780,0,0.0
kbir955@okaxis,1,ACC000781,1,11.9
zgara127@ybl,1,ACC000782,0,0.0
upasnasodhi982@okhdfcbank,1,ACC000783,0,0.0
eraj16@ybl,1,ACC000784,0,0.0
abdulramanathan779@paytm,1,ACC000785,0,0.0
balvankibe411@oksbi,1,ACC000786,1,12.58
baradunnati889@okhdfcbank,1,ACC000787,0,0.0
chaitanyasachdev7@ybl,1,ACC000788,0,0.0
srinivashemang339@paytm,1,ACC000789,1,29.03
groverluke473@ybl,1,ACC000790,0,0.0
hitesh86383@okhdfcbank,1,ACC000791,2,22.73
chadayadavi75@ybl,1,ACC000792,0,0.0
bhagatbina355@okaxis,1,ACC000793,3,147.33
arjungrover357@oksbi,1,ACC000794,1,22.28
hjoshi949@paytm,1,ACC000795,1,55.65
nchoudhry419@ybl,1,ACC000796,0,0.0
girindra13878@ybl,1,ACC000797,0,0.0
chakrabortyjhalak845@paytm,1,ACC000798,0,0.0
manbir79732@oksbi,1,ACC000799,1,82.25
abhimanyubrar248@ybl,1,ACC000800,1,117.25
zinalrajan450@ybl,1,ACC000801,1,63.33
fariqbains332@okaxis,1,ACC000802,2,25.9
deshmukhraagini686@okicici,1,ACC000803,2,93.45
riya42509@okhdfcbank,1,ACC000804,0,0.0
ayush56164@okicici,1,ACC000805,1,10.83
rnanda552@paytm,1,ACC000806,0,0.0
oakvihaan73@okicici,1,ACC000807,0,0.0
aarav352@okaxis,1,ACC000808,1,10.69
banikdipta424@okicici,1,ACC000809,1,26.95
yogijairaj965@okhdfcbank,1,ACC000810,1,11.9
yohannanyash725@oksbi,1,ACC000811,1,40.95
kalatejas940@paytm,1,ACC000812,0,0.0
ladraagini321@ybl,1,ACC000813,1,69.47
rakshaganesan925@okaxis,1,ACC000814,1,7.28
vkothari811@oksbi,1,ACC000815,1,9.08
aashidhar703@okicici,1,ACC000816,0,0.0
emodi595@okhdfcbank,1,ACC000817,3,34.96
borahjanaki355@okaxis,1,ACC000818,0,0.0
suppal345@okaxis,1,ACC000819,4,67.51
ggokhale319@ybl,1,ACC000820,0,0.0
saichandran33@okhdfcbank,1,ACC000821,0,0.0
samesh06245@okicici,1,ACC000822,1,11.9
indalinayak61@okicici,1,ACC000823,0,0.0
elijahchakraborty600@ybl,1,ACC000824,2,46.53
adya20866@oksbi,1,ACC000825,4,558.19
rajagopalaachal335@okicici,1,ACC000826,1,20.28
davidbhattacharyya83@okaxis,1,ACC000827,2,234.85
ishapatla328@okhdfcbank,1,ACC000828,1,5.25
zayan55201@ybl,1,ACC000829,1,52.5
noahmangal578@okaxis,1,ACC000830,3,65.43
kapurrishi140@okicici,1,ACC000831,1,70.0
wridesh74248@okhdfcbank,1,ACC000832,3,60.18
ppingle28@paytm,1,ACC000833,2,49.35
hdalia970@paytm,1,ACC000834,1,20.28
raveljacob994@okicici,1,ACC000835,0,0.0
poojasarraf442@okaxis,1,ACC000836,2,62.99
jalsa77728@paytm,1,ACC000837,0,0.0
borayashodhara306@oksbi,1,ACC000838,2,58.25
dchoudhary398@ybl,1,ACC000839,1,5.25
onkaruppal329@paytm,1,ACC000840,0,0.0
soodalka928@okicici,1,ACC000841,2,37.78
falansethi343@paytm,1,ACC000842,1,7.0
jalsa11291@okaxis,1,ACC000843,0,0.0
pranit80497@okicici,1,ACC000844,4,168.17
singhalazad505@okhdfcbank,1,ACC000845,3,139.43
pdewan155@okhdfcbank,1,ACC000846,3,370.91
benjamin52893@paytm,1,ACC000847,3,169.75
cbumb945@okicici,1,ACC000848,5,190.35
mdey805@okhdfcbank,1,ACC000849,2,52.85
dominicratti229@paytm,1,ACC000850,3,76.96
veda31521@oksbi,1,ACC000851,2,44.08
nkala242@okicici,1,ACC000852,1,10.15
tjaggi980@okhdfcbank,1,ACC000853,1,17.5
ekantabalay982@oksbi,1,ACC000854,2,50.92
prakashneel849@oksbi,1,ACC000855,0,0.0
aarnasha669@oksbi,1,ACC000856,1,2.65
qdevan933@okhdfcbank,1,ACC000857,1,40.95
idixit186@oksbi,1,ACC000858,0,0.0
dakshesh23891@ybl,1,ACC000859,0,0.0
qrege296@oksbi,1,ACC000860,5,250.56
amrutareddy647@ybl,1,ACC000861,0,0.0
badalbimala165@okaxis,1,ACC000862,0,0.0
lakshitsalvi223@ybl,1,ACC000863,0,0.0
yochana91568@paytm,1,ACC000864,4,194.6
reyansh61561@okaxis,1,ACC000865,1,26.95
sgolla105@paytm,1,ACC000866,5,227.79
hperi350@paytm,1,ACC000867,1,8.03
sodhisimon452@oksbi,1,ACC000868,0,0.0
saxenavaishnavi728@oksbi,1,ACC000869,1,79.1
udyatinair556@okaxis,1,ACC000870,1,9.43
nchakraborty748@okhdfcbank,1,ACC000871,0,0.0
virajprabhakar578@okicici,1,ACC000872,1,20.28
ipatla69@okicici,1,ACC000873,1,216.53
isaiah08153@okicici,1,ACC000874,3,39.2
ebrahmbhatt873@oksbi,1,ACC000875,3,133.98
hemani65670@okicici,1,ACC000876,0,0.0
dyalmeera620@paytm,1,ACC000877,1,12.58
samar39371@ybl,1,ACC000878,1,89.59
aadhya21703@okhdfcbank,1,ACC000879,1,6.64
issacalexander924@paytm,1,ACC000880,2,132.96
ayush10781@okhdfcbank,1,ACC000881,1,14.46
aayushghose399@okaxis,1,ACC000882,0,0.0
anirudhbajwa335@okhdfcbank,1,ACC000883,2,138.58
manthansinghal485@oksbi,1,ACC000884,0,0.0
bishakha67162@okhdfcbank,1,ACC000885,2,137.34
lallanicholas183@okicici,1,ACC000886,1,4.55
lallkaran747@oksbi,1,ACC000887,0,0.0
yachana72546@okhdfcbank,1,ACC000888,1,635.87
dubepahal145@okhdfcbank,1,ACC000889,1,40.95
deepabora878@paytm,1,ACC000890,1,105.0
rayaansethi730@okaxis,1,ACC000891,0,0.0
giriksodhi721@okhdfcbank,1,ACC000892,1,24.5
tanveerchokshi950@okicici,1,ACC000893,0,0.0
yachana68422@paytm,1,ACC000894,1,14.35
karnikarjun432@oksbi,1,ACC000895,1,17.5
lhanda240@okhdfcbank,1,ACC000896,0,0.0
karan20439@ybl,1,ACC000897,0,0.0
mekhala58969@okicici,1,ACC000898,0,0.0
gaurav40319@okicici,1,ACC000899,3,111.28
yatanshenoy26@okhdfcbank,1,ACC000900,0,0.0
vamakshi84150@paytm,1,ACC000901,0,0.0
ramrajeshri597@okicici,1,ACC000902,0,0.0
shivaninadkarni569@okicici,1,ACC000903,0,0.0
iprabhu386@okhdfcbank,1,ACC000904,1,40.95
charan17509@okicici,1,ACC000905,0,0.0
baljiwandayal39@okaxis,1,ACC000906,1,23.54
mitalekapad35@okhdfcbank,1,ACC000907,1,22.75
rajeshri81670@ybl,1,ACC000908,2,55.28
balaybhavna856@okaxis,1,ACC000909,0,0.0
bobaldiya44@paytm,1,ACC000910,0,0.0
pgara974@ybl,1,ACC000911,5,270.86
xnigam671@ybl,1,ACC000912,3,89.81
chandaashi809@ybl,1,ACC000913,0,0.0
osolanki422@okhdfcbank,1,ACC000914,0,0.0
udyati63557@okaxis,1,ACC000915,3,29.34
vrittichhabra212@okicici,1,ACC000916,3,50.71
ayaankumer879@paytm,1,ACC000917,5,938.66
ekanimunshi148@oksbi,1,ACC000918,0,0.0
raghav60664@ybl,1,ACC000919,0,0.0
advaith49932@ybl,1,ACC000920,2,438.2
vedant54574@paytm,1,ACC000921,5,126.99
meera6476@oksbi,1,ACC000922,0,0.0
pkonda218@okicici,1,ACC000923,1,26.68
matthewmohanty176@okaxis,1,ACC000924,1,35.0
tsarkar739@okhdfcbank,1,ACC000925,0,0.0
christopher5290@okicici,1,ACC000926,1,33.95
chanakyashah144@okhdfcbank,1,ACC000927,1,20.28
ukala489@ybl,1,ACC000928,2,251.98
danieta478@ybl,1,ACC000929,1,17.5
karankala721@ybl,1,ACC000930,1,27.28
issacturvi904@oksbi,1,ACC000931,1,66.11
tradhakrishnan588@okhdfcbank,1,ACC000932,1,17.15
wnagar867@okicici,1,ACC000933,0,0.0
hitesh99304@okaxis,1,ACC000934,4,160.77
sulesanaya543@okaxis,1,ACC000935,1,31.89
sarthakjoshi109@oksbi,1,ACC000936,2,205.1
banerjeetriya744@oksbi,1,ACC000937,0,0.0
pushtichanda885@okicici,1,ACC000938,2,169.4
harrison39273@paytm,1,ACC000939,2,58.08
ydugar300@okicici,1,ACC000940,1,12.93
ujaggi519@oksbi,1,ACC000941,1,136.5
vyanjanatella587@ybl,1,ACC000942,1,11.9
lgala652@oksbi,1,ACC000943,0,0.0
pathakchatresh926@ybl,1,ACC000944,0,0.0
thakkartanveer515@oksbi,1,ACC000945,1,26.95
maanasdua141@oksbi,1,ACC000946,3,252.59
mdeshpande978@okicici,1,ACC000947,2,140.89
oshakalita238@okaxis,1,ACC000948,2,49.52
ahluwaliaharini546@okicici,1,ACC000949,0,0.0
aadhyakata680@paytm,1,ACC000950,1,109.18
sakshamchoudhary903@oksbi,1,ACC000951,0,0.0
anjalisamra322@okicici,1,ACC000952,3,101.82
savantgabriel982@okaxis,1,ACC000953,0,0.0
udhar826@ybl,1,ACC000954,0,0.0
nilima33939@ybl,1,ACC000955,1,20.28
rajata44682@okaxis,1,ACC000956,2,58.1
dharreyansh773@paytm,1,ACC000957,3,72.73
qarin67649@paytm,1,ACC000958,3,73.0
rsolanki742@oksbi,1,ACC000959,4,132.26
xitigara558@okicici,1,ACC000960,1,16.78
zboase386@okicici,1,ACC000961,2,72.55
indira62203@okicici,1,ACC000962,1,20.28
barmanvansha948@paytm,1,ACC000963,3,101.7
nsankaran879@okicici,1,ACC000964,1,79.1
dhillonjasmit800@okaxis,1,ACC000965,2,349.65
theodore52680@okhdfcbank,1,ACC000966,0,0.0
bhavikadalia595@ybl,1,ACC000967,1,20.65
naiduvarsha656@okaxis,1,ACC000968,0,0.0
pallaekta547@oksbi,1,ACC000969,1,167.1
aachal69651@ybl,1,ACC000970,1,8.12
anay56186@okaxis,1,ACC000971,1,20.28
majumdargaurangi118@okicici,1,ACC000972,0,0.0
ebains693@okhdfcbank,1,ACC000973,2,35.85
mananmukhopadhyay984@oksbi,1,ACC000974,1,17.5
jairaj12263@paytm,1,ACC000975,0,0.0
dixitradha846@okaxis,1,ACC000976,1,14.13
braju391@oksbi,1,ACC000977,1,20.65
jonathanmitra952@paytm,1,ACC000978,0,0.0
baradanthony36@okhdfcbank,1,ACC000979,1,26.95
isaiahsheth621@ybl,1,ACC000980,1,27.28
rudra51984@paytm,1,ACC000981,0,0.0
qrege584@okicici,1,ACC000982,1,12.58
gillnoah916@okicici,1,ACC000983,1,33.95
daniel78894@ybl,1,ACC000984,0,0.0
catwal203@okaxis,1,ACC000985,1,20.65
meghana82471@paytm,1,ACC000986,2,87.85
watikagill653@okicici,1,ACC000987,1,23.97
tellayutika12@paytm,1,ACC000988,2,37.78
oeshi39504@okicici,1,ACC000989,3,110.07
varsha99532@ybl,1,ACC000990,0,0.0
amrutakakar142@okicici,1,ACC000991,0,0.0
naraineesha91@okicici,1,ACC000992,1,103.02
nathan98598@okhdfcbank,1,ACC000993,1,26.95
swamychakradhar212@paytm,1,ACC000994,1,59.85
lmenon52@okaxis,1,ACC000995,1,8.75
chahalkiaan958@ybl,1,ACC000996,3,52.46
saranriya228@okhdfcbank,1,ACC000997,2,61.58
senjyoti690@paytm,1,ACC000998,0,0.0
tanish14367@okicici,1,ACC000999,2,59.5
dmall338@okaxis,1,ACC001000,2,57.75
cdani673@ybl,1,ACC001001,2,137.88
chatresh98256@ybl,1,ACC001002,3,61.94
krisha34343@ybl,1,ACC001003,1,570.48
fbal328@okicici,1,ACC001004,1,19.09
kaleucchal553@paytm,1,ACC001005,0,0.0
mannanhemal391@okicici,1,ACC001006,3,154.68
jagdishgrewal159@okicici,1,ACC001007,1,17.07
nihalkapoor838@oksbi,1,ACC001008,0,0.0
aashi03253@paytm,1,ACC001009,2,612.13
dev68769@okicici,1,ACC001010,0,0.0
guneetsaha960@okaxis,1,ACC001011,1,40.95
rajagopalvincent602@okaxis,1,ACC001012,1,13.79
aashidyal277@okaxis,1,ACC001013,2,134.75
nidhi22231@okaxis,1,ACC001014,0,0.0
jhalak18695@oksbi,1,ACC001015,0,0.0
nicholas51475@paytm,1,ACC001016,1,37.45
wishimandal907@okicici,1,ACC001017,1,17.13
diptabalakrishnan303@oksbi,1,ACC001018,0,0.0
tamanna59751@oksbi,1,ACC001019,2,80.13
vasana38734@okaxis,1,ACC001020,3,540.03
jagviguha774@okicici,1,ACC001021,0,0.0
devanshsalvi185@oksbi,1,ACC001022,2,46.29
yutikatripathi852@ybl,1,ACC001023,1,20.28
indrajitmangat497@paytm,1,ACC001024,2,28.68
latachandran391@okicici,1,ACC001025,1,59.85
dhriti90220@okicici,1,ACC001026,1,11.9
agastyajain999@okicici,1,ACC001027,1,98.0
harshkade245@oksbi,1,ACC001028,0,0.0
leena60379@okaxis,1,ACC001029,1,18.0
vchoudhry78@paytm,1,ACC001030,0,0.0
qpatla458@paytm,1,ACC001031,1,20.28
sanelekha210@paytm,1,ACC001032,0,0.0
jagratipingle896@okaxis,1,ACC001033,2,35.68
maxdixit721@ybl,1,ACC001034,0,0.0
duttadayamai33@ybl,1,ACC001035,2,137.62
dsachar930@okhdfcbank,1,ACC001036,0,0.0
keerpahal588@okhdfcbank,1,ACC001037,2,67.53
khuranaishanvi464@okicici,1,ACC001038,0,0.0
bram299@oksbi,1,ACC001039,0,0.0
chandransethi685@okicici,1,ACC001040,1,10.55
gollarudra899@oksbi,1,ACC001041,0,0.0
gaurang51924@okhdfcbank,1,ACC001042,0,0.0
rkonda792@okhdfcbank,1,ACC001043,0,0.0
hitesh86495@okhdfcbank,1,ACC001044,1,40.95
vdas746@okaxis,1,ACC001045,1,35.0
maneyashica537@okaxis,1,ACC001046,1,73.48
yashviravel257@okicici,1,ACC001047,1,37.78
qlad971@ybl,1,ACC001048,0,0.0
saggarwal770@okaxis,1,ACC001049,1,32.2
nikitachahal839@paytm,1,ACC001050,5,138.77
gautami3458@oksbi,1,ACC001051,1,35.0
rattanomaja554@okicici,1,ACC001052,0,0.0
fradobobal375@oksbi,1,ACC001053,0,0.0
harish68827@okhdfcbank,1,ACC001054,2,40.93
tandonsara984@okhdfcbank,1,ACC001055,2,436.81
jdate262@oksbi,1,ACC001056,0,0.0
goyalchakradev708@oksbi,1,ACC001057,1,21.63
chowdhuryekanta611@oksbi,1,ACC001058,1,79.1
ijaya25121@okicici,1,ACC001059,0,0.0
rakshasarma746@okaxis,1,ACC001060,0,0.0
okeer822@oksbi,1,ACC001061,1,17.5
jackson1622@okhdfcbank,1,ACC001062,1,52.5
brijeshpandya704@oksbi,1,ACC001063,0,0.0
riya98969@paytm,1,ACC001064,0,0.0
inazareth922@ybl,1,ACC001065,0,0.0
arunimathakkar818@paytm,1,ACC001066,0,0.0
cgoyal945@okhdfcbank,1,ACC001067,1,32.2
hprasad861@paytm,1,ACC001068,1,56.17
smannan753@oksbi,1,ACC001069,0,0.0
vasudha53170@okhdfcbank,1,ACC001070,1,10.73
suhani51961@okaxis,1,ACC001071,1,37.78
vivaansankaran976@okhdfcbank,1,ACC001072,1,37.78
anay48152@paytm,1,ACC001073,3,69.64
sarkardalaja830@okicici,1,ACC001074,1,12.58
urmi12731@okicici,1,ACC001075,4,229.95
vidhi02519@okhdfcbank,1,ACC001076,2,50.03
amani625@oksbi,1,ACC001077,2,75.95
nakulpandey802@okicici,1,ACC001078,2,41.61
garimabansal377@paytm,1,ACC001079,0,0.0
msamra437@okicici,1,ACC001080,1,17.5
choudhuryanita163@paytm,1,ACC001081,0,0.0
anmol66754@okicici,1,ACC001082,0,0.0
ishaan55266@okaxis,1,ACC001083,1,294.7
samuelbahri175@okhdfcbank,1,ACC001084,1,35.0
chaayachaudhari701@paytm,1,ACC001085,1,635.87
virajsinha111@ybl,1,ACC001086,2,41.28
jairaj09285@okicici,1,ACC001087,0,0.0
uppaltriveni687@oksbi,1,ACC001088,3,42.64
omaja50834@oksbi,1,ACC001089,1,79.1
pkhosla12@ybl,1,ACC001090,3,67.2
krishnabarad779@okaxis,1,ACC001091,1,10.5
amruta77870@okaxis,1,ACC001092,1,33.95
oshere98@ybl,1,ACC001093,2,51.1
kram674@okicici,1,ACC001094,4,475.28
ria14487@paytm,1,ACC001095,0,0.0
birgirik935@okaxis,1,ACC001096,1,52.5
sankarannirja964@okhdfcbank,1,ACC001097,3,57.55
zaitra52531@okaxis,1,ACC001098,3,192.76
prabhubina761@okaxis,1,ACC001099,2,25.89
vparmar492@okicici,1,ACC001100,0,0.0
bhanumati1942@paytm,1,ACC001101,0,0.0
paufalak269@oksbi,1,ACC001102,2,54.23
nigamneel375@ybl,1,ACC001103,1,37.78
tristan60522@okhdfcbank,1,ACC001104,1,17.15
zpatel634@okhdfcbank,1,ACC001105,1,26.95
xgala726@okicici,1,ACC001106,0,0.0
ukanda394@okicici,1,ACC001107,1,40.95
zsodhi851@okicici,1,ACC001108,5,78.49
quincykuruvilla480@paytm,1,ACC001109,1,11.81
yashodharamurthy330@paytm,1,ACC001110,0,0.0
ichoudhry442@oksbi,1,ACC001111,0,0.0
tristansavant692@okicici,1,ACC001112,2,78.73
janujatak530@okaxis,1,ACC001113,1,47.23
chhabrafaris927@paytm,1,ACC001114,3,173.25
amaraboase339@okhdfcbank,1,ACC001115,0,0.0
babuvictor517@oksbi,1,ACC001116,4,181.26
pwalia341@paytm,1,ACC001117,1,5.5
atharv25206@paytm,1,ACC001118,1,35.0
darachandresh144@paytm,1,ACC001119,0,0.0
charita13250@okicici,1,ACC001120,3,45.85
abdul04160@paytm,1,ACC001121,0,0.0
ydhar316@paytm,1,ACC001122,1,25.53
ohegde948@okicici,1,ACC001123,1,108.48
kiaanmody412@okhdfcbank,1,ACC001124,2,71.75
riapillay620@okaxis,1,ACC001125,2,40.4
nbala535@ybl,1,ACC001126,0,0.0
nandini32458@okicici,1,ACC001127,0,0.0
hdugar722@oksbi,1,ACC001128,0,0.0
urmitoor521@okaxis,1,ACC001129,1,20.65
irachandra643@paytm,1,ACC001130,0,0.0
subramaniambaghyawati506@ybl,1,ACC001131,0,0.0
diyasarkar536@oksbi,1,ACC001132,0,0.0
aachal28287@ybl,1,ACC001133,4,104.57
onkarmaster413@oksbi,1,ACC001134,0,0.0
bsibal438@ybl,1,ACC001135,1,4.69
ggulati163@ybl,1,ACC001136,2,3.56
eeshakant445@oksbi,1,ACC001137,0,0.0
manthan12502@okaxis,1,ACC001138,5,639.34
vaishnaviyogi376@okicici,1,ACC001139,1,43.75
bchaudhary838@okaxis,1,ACC001140,1,40.95
xbarad379@okhdfcbank,1,ACC001141,2,48.65
xkalla780@ybl,1,ACC001142,5,175.94
orinderpalan32@okhdfcbank,1,ACC001143,0,0.0
dugardamyanti32@okhdfcbank,1,ACC001144,0,0.0
bhasinchandresh341@oksbi,1,ACC001145,0,0.0
zayyan14854@paytm,1,ACC001146,1,2.8
triya35528@ybl,1,ACC001147,1,9.08
wcomar894@okicici,1,ACC001148,2,34.3
hritik77939@oksbi,1,ACC001149,1,35.0
indalibansal555@paytm,1,ACC001150,0,0.0
tkapur608@paytm,1,ACC001151,0,0.0
lsarkar894@ybl,1,ACC001152,2,30.64
lmaharaj916@ybl,1,ACC001153,0,0.0
qkakar554@okaxis,1,ACC001154,2,51.43
yashodadani534@ybl,1,ACC001155,2,78.03
aandra735@oksbi,1,ACC001156,3,138.25
reyanshsinghal198@okaxis,1,ACC001157,4,175.68
jjayaraman889@ybl,1,ACC001158,1,13.65
anthony67926@oksbi,1,ACC001159,0,0.0
gayathribir926@oksbi,1,ACC001160,0,0.0
caleb44789@ybl,1,ACC001161,1,10.5
jackchand268@okhdfcbank,1,ACC001162,3,109.53
aryan52534@okicici,1,ACC001163,0,0.0
hdas347@okhdfcbank,1,ACC001164,3,219.83
grajagopal188@ybl,1,ACC001165,2,37.97
ekantasrinivasan955@okaxis,1,ACC001166,0,0.0
wvenkataraman700@okhdfcbank,1,ACC001167,0,0.0
senadweta994@okaxis,1,ACC001168,1,19.58
wramakrishnan976@okhdfcbank,1,ACC001169,2,673.38
pavanidixit734@okaxis,1,ACC001170,2,49.7
jasonbadal546@okaxis,1,ACC001171,0,0.0
lmitter561@okaxis,1,ACC001172,2,53.53
chopranidhi34@oksbi,1,ACC001173,3,87.65
prashadjanuja795@okicici,1,ACC001174,1,43.75
balamatthew773@okicici,1,ACC001175,5,152.54
hayerzarna149@okhdfcbank,1,ACC001176,3,106.78
qsastry828@ybl,1,ACC001177,4,172.86
chatterjeenilima652@ybl,1,ACC001178,1,94.5
chaudhrypriya241@okicici,1,ACC001179,0,0.0
watika42304@okhdfcbank,1,ACC001180,1,12.58
tnanda675@paytm,1,ACC001181,0,0.0
chandrazaitra692@ybl,1,ACC001182,0,0.0
nadigyashoda825@ybl,1,ACC001183,0,0.0
kashvi36403@okicici,1,ACC001184,0,0.0
radhashroff909@okicici,1,ACC001185,0,0.0
krishnadave89@okaxis,1,ACC001186,0,0.0
kurianparth544@okaxis,1,ACC001187,3,76.28
mohinishere164@okicici,1,ACC001188,2,114.8
hemang27971@okicici,1,ACC001189,1,15.4
mbassi502@ybl,1,ACC001190,0,0.0
xhayre222@okicici,1,ACC001191,2,337.75
neha96373@okhdfcbank,1,ACC001192,0,0.0
yauvaninazareth244@okaxis,1,ACC001193,3,68.25
khoslafaqid915@oksbi,1,ACC001194,0,0.0
amrita77585@okhdfcbank,1,ACC001195,1,12.25
petergarde788@okhdfcbank,1,ACC001196,2,83.98
vanyanayar879@ybl,1,ACC001197,1,109.18
udarshnarasimhan306@okaxis,1,ACC001198,2,1061.88
lokesamesh476@okaxis,1,ACC001199,0,0.0
ykannan517@okaxis,1,ACC001200,0,0.0
gacharya919@oksbi,1,ACC001201,1,13.82
wridesh09284@oksbi,1,ACC001202,0,0.0
koshysaumya135@paytm,1,ACC001203,1,37.78
azad1992@okicici,1,ACC001204,0,0.0
zdhingra669@okhdfcbank,1,ACC001205,1,55.98
hiral62476@okhdfcbank,1,ACC001206,1,13.65
radha34395@ybl,1,ACC001207,0,0.0
yashica10231@paytm,1,ACC001208,1,37.78
anusha68516@okicici,1,ACC001209,1,20.28
imaran92950@ybl,1,ACC001210,2,21.83
shauryadeshmukh497@ybl,1,ACC001211,0,0.0
gaurisehgal581@okhdfcbank,1,ACC001212,1,37.78
dalbirghosh9@paytm,1,ACC001213,0,0.0
badamivasana252@okhdfcbank,1,ACC001214,1,38.15
sachdevvincent289@okicici,1,ACC001215,1,91.0
vkhanna180@okaxis,1,ACC001216,1,101.48
pbhandari232@okhdfcbank,1,ACC001217,0,0.0
sankarsamaksh378@okicici,1,ACC001218,2,76.1
chandrachristopher860@okaxis,1,ACC001219,1,23.78
xtailor857@oksbi,1,ACC001220,1,105.0
advik64680@oksbi,1,ACC001221,1,20.65
yvyas19@paytm,1,ACC001222,1,36.56
tankrachana29@paytm,1,ACC001223,0,0.0
singhdaksha874@paytm,1,ACC001224,0,0.0
aarnav73583@ybl,1,ACC001225,2,100.1
minhascharles823@okhdfcbank,1,ACC001226,1,10.61
bbalakrishnan865@ybl,1,ACC001227,1,15.27
vanyamodi766@okaxis,1,ACC001228,0,0.0
akshay25874@oksbi,1,ACC001229,0,0.0
azaangala610@paytm,1,ACC001230,0,0.0
vkara924@ybl,1,ACC001231,1,17.5
lucky13802@oksbi,1,ACC001232,1,87.19
mitesh72918@paytm,1,ACC001233,0,0.0
kamala08107@okhdfcbank,1,ACC001234,0,0.0
gadeaadi167@ybl,1,ACC001235,0,0.0
narainforum480@paytm,1,ACC001236,1,10.83
banjeet91164@okicici,1,ACC001237,3,68.23
vidhidara381@okhdfcbank,1,ACC001238,0,0.0
veer00302@okaxis,1,ACC001239,0,0.0
gopalraksha142@okhdfcbank,1,ACC001240,1,17.5
kai25980@oksbi,1,ACC001241,1,87.5
saramajumdar921@okaxis,1,ACC001242,1,136.5
krishnaprabhu833@paytm,1,ACC001243,2,27.65
darasaksham502@okhdfcbank,1,ACC001244,0,0.0
ekantika14990@paytm,1,ACC001245,0,0.0
saanvichhabra372@okhdfcbank,1,ACC001246,0,0.0
neeljohal441@okaxis,1,ACC001247,2,76.98
rattanfiyaz224@oksbi,1,ACC001248,0,0.0
routshivani85@oksbi,1,ACC001249,0,0.0
wyattsarin650@oksbi,1,ACC001250,1,75.49
joshua61109@okicici,1,ACC001251,1,37.78
kalarajeshri535@paytm,1,ACC001252,3,407.73
ymitter827@paytm,1,ACC001253,0,0.0
senguptadev114@ybl,1,ACC001254,0,0.0
warda46929@okicici,1,ACC001255,0,0.0
yastisankaran41@oksbi,1,ACC001256,3,94.46
yoza257@oksbi,1,ACC001257,1,383.6
ramanathannachiket427@oksbi,1,ACC001258,1,40.95
ekta77879@ybl,1,ACC001259,1,37.97
ldewan744@okhdfcbank,1,ACC001260,1,15.4
sachdevaryan994@okhdfcbank,1,ACC001261,1,14.21
nprasad906@oksbi,1,ACC001262,0,0.0
shegde337@okicici,1,ACC001263,1,17.5
kantdayita715@okicici,1,ACC001264,1,79.1
xsant238@paytm,1,ACC001265,0,0.0
zilmil19649@okicici,1,ACC001266,1,52.5
kpanchal912@paytm,1,ACC001267,0,0.0
qnarayan291@oksbi,1,ACC001268,1,14.69
fbarad660@okaxis,1,ACC001269,1,11.9
duttdaksh759@oksbi,1,ACC001270,2,242.37
warjastara216@okaxis,1,ACC001271,0,0.0
ewalia189@okicici,1,ACC001272,1,155.75
georgerai945@okhdfcbank,1,ACC001273,2,115.99
janaki12813@okhdfcbank,1,ACC001274,2,15.73
jeetbassi741@oksbi,1,ACC001275,0,0.0
xmallick691@ybl,1,ACC001276,1,28.7
unnigolla451@okaxis,1,ACC001277,0,0.0
krish96802@oksbi,1,ACC001278,1,34.65
janani48859@ybl,1,ACC001279,4,142.77
leena39197@ybl,1,ACC001280,3,128.43
ysankar384@okicici,1,ACC001281,1,10.15
kkata928@oksbi,1,ACC001282,4,226.17
vanya95551@ybl,1,ACC001283,0,0.0
abutala261@okicici,1,ACC001284,1,71.74
fmurty135@okaxis,1,ACC001285,1,47.42
vrishtibansal231@paytm,1,ACC001286,2,30.08
urmi04841@okhdfcbank,1,ACC001287,1,17.5
saanvijha126@oksbi,1,ACC001288,1,12.07
rudramukhopadhyay804@ybl,1,ACC001289,2,25.18
ijaya39888@okhdfcbank,1,ACC001290,0,0.0
jackson5998@oksbi,1,ACC001291,1,175.0
yutika64734@okicici,1,ACC001292,1,8.75
hemal40135@okhdfcbank,1,ACC001293,1,40.95
qushilall650@paytm,1,ACC001294,1,37.78
baghyawati08918@ybl,1,ACC001295,0,0.0
jasmitdada240@okaxis,1,ACC001296,2,65.76
prishakrishna925@ybl,1,ACC001297,1,40.95
xmody358@okicici,1,ACC001298,1,73.83
ozaosha147@okhdfcbank,1,ACC001299,2,34.11
vaishnavitara122@oksbi,1,ACC001300,1,40.95
guneet33698@ybl,1,ACC001301,0,0.0
kalpitwason258@okaxis,1,ACC001302,1,20.65
qprakash851@okicici,1,ACC001303,4,104.62
pavanivasa888@oksbi,1,ACC001304,1,70.35
benjamin14813@oksbi,1,ACC001305,0,0.0
gopalvarughese656@okicici,1,ACC001306,4,110.46
chavvikalla925@okaxis,1,ACC001307,0,0.0
srinivashamsini224@okhdfcbank,1,ACC001308,3,102.18
anmol77607@okicici,1,ACC001309,1,32.82
sharmaudarsh631@okhdfcbank,1,ACC001310,2,72.94
harshhalder377@paytm,1,ACC001311,0,0.0
janaki16240@oksbi,1,ACC001312,2,72.97
leena77884@paytm,1,ACC001313,0,0.0
guhavrishti556@ybl,1,ACC001314,1,20.65
pavani31849@okaxis,1,ACC001315,3,92.69
dateamol585@okicici,1,ACC001316,4,149.07
anvi06210@okicici,1,ACC001317,2,31.48
madanlaban413@ybl,1,ACC001318,3,211.38
xavierdin158@okicici,1,ACC001319,2,32.53
karan76961@okicici,1,ACC001320,0,0.0
ssaini780@okicici,1,ACC001321,2,55.28
tarabrijesh295@paytm,1,ACC001322,1,35.7
jgill249@paytm,1,ACC001323,0,0.0
yahvisalvi25@okicici,1,ACC001324,1,341.93
sharafjanuja536@oksbi,1,ACC001325,2,279.65
zarnakale294@oksbi,1,ACC001326,3,132.26
dhritikari730@ybl,1,ACC001327,0,0.0
chandavanya203@oksbi,1,ACC001328,0,0.0
nikitamitra675@okaxis,1,ACC001329,1,20.28
ubikasinghal868@ybl,1,ACC001330,1,40.95
gaurikadani568@okhdfcbank,1,ACC001331,0,0.0
nattzinal353@paytm,1,ACC001332,1,20.28
champakluthra327@ybl,1,ACC001333,0,0.0
ibera103@ybl,1,ACC001334,1,37.97
sankaranwriddhish748@okhdfcbank,1,ACC001335,4,101.83
bdin879@okaxis,1,ACC001336,4,169.52
sastryanay693@okaxis,1,ACC001337,0,0.0
lsen441@ybl,1,ACC001338,1,40.95
alexanderdora509@okaxis,1,ACC001339,1,35.0
udyati50776@okaxis,1,ACC001340,4,44.57
saumyakumar378@paytm,1,ACC001341,0,0.0
ysawhney635@okaxis,1,ACC001342,0,0.0
ishwar59366@paytm,1,ACC001343,2,44.41
ddhillon438@ybl,1,ACC001344,0,0.0
ysolanki728@paytm,1,ACC001345,0,0.0
harishanand629@okhdfcbank,1,ACC001346,1,8.75
karnikria819@ybl,1,ACC001347,1,20.28
gautam79359@paytm,1,ACC001348,1,14.53
dhruv59255@paytm,1,ACC001349,5,123.62
xitioommen270@ybl,1,ACC001350,1,117.25
samesh24146@oksbi,1,ACC001351,0,0.0
aachal94339@okhdfcbank,1,ACC001352,2,196.2
adweta73937@okicici,1,ACC001353,3,65.23
sachideep685@okhdfcbank,1,ACC001354,0,0.0
meghamody909@oksbi,1,ACC001355,2,126.68
xdubey747@okaxis,1,ACC001356,1,17.13
patrick85206@okhdfcbank,1,ACC001357,1,28.57
krishna25989@ybl,1,ACC001358,2,33.93
lakshgoel235@ybl,1,ACC001359,1,52.5
aarnav62491@okicici,1,ACC001360,0,0.0
ikbalminhas478@ybl,1,ACC001361,1,34.28
bishakhamammen157@oksbi,1,ACC001362,2,130.9
comarchaitanya354@okaxis,1,ACC001363,0,0.0
sanireyansh967@okhdfcbank,1,ACC001364,0,0.0
suhani04228@ybl,1,ACC001365,1,11.46
raoishani331@okicici,1,ACC001366,0,0.0
issacekiya538@okaxis,1,ACC001367,0,0.0
kaurcaleb840@paytm,1,ACC001368,1,20.63
rajatanori549@okhdfcbank,1,ACC001369,2,220.85
zaitrauppal510@paytm,1,ACC001370,0,0.0
ghoshazaan82@okicici,1,ACC001371,0,0.0
jdeshpande904@oksbi,1,ACC001372,1,1.75
cgandhi38@oksbi,1,ACC001373,0,0.0
luke09334@oksbi,1,ACC001374,0,0.0
chaitaly18429@okhdfcbank,1,ACC001375,2,32.73
idugal540@oksbi,1,ACC001376,4,194.21
saumyagala229@ybl,1,ACC001377,0,0.0
lekha28359@oksbi,1,ACC001378,0,0.0
gagan8512@paytm,1,ACC001379,3,189.8
wasonjacob776@ybl,1,ACC001380,3,64.46
falguninagy430@paytm,1,ACC001381,0,0.0
chaudhuripranit954@ybl,1,ACC001382,2,137.53
edhitha02900@okhdfcbank,1,ACC001383,2,141.99
prabhuidika949@paytm,1,ACC001384,3,176.54
psharma771@oksbi,1,ACC001385,1,5.58
yochana15374@okhdfcbank,1,ACC001386,1,20.98
wparekh912@okicici,1,ACC001387,0,0.0
imahal9@ybl,1,ACC001388,1,59.85
frado36160@okicici,1,ACC001389,2,87.83
pranit68817@okhdfcbank,1,ACC001390,0,0.0
harshildewan320@paytm,1,ACC001391,2,157.48
khannacharan891@paytm,1,ACC001392,0,0.0
krishnawali497@paytm,1,ACC001393,0,0.0
zsrinivas693@oksbi,1,ACC001394,2,50.74
diyamodi467@oksbi,1,ACC001395,1,19.58
patlarajata689@okhdfcbank,1,ACC001396,1,40.95
kdayal169@paytm,1,ACC001397,1,59.85
abhimanyu78548@okaxis,1,ACC001398,3,37.08
vanya65937@okaxis,1,ACC001399,0,0.0
hbath928@ybl,1,ACC001400,2,129.15
onagy770@okicici,1,ACC001401,1,3.17
saxenasai327@okaxis,1,ACC001402,0,0.0
vidhi36511@paytm,1,ACC001403,1,8.75
jonathan86673@oksbi,1,ACC001404,0,0.0
williamkant211@okhdfcbank,1,ACC001405,0,0.0
smahal563@paytm,1,ACC001406,2,43.03
lopa94890@paytm,1,ACC001407,1,12.93
urishillasha729@okaxis,1,ACC001408,5,132.61
chatterjeeunnati757@paytm,1,ACC001409,5,143.5
sureshparth413@paytm,1,ACC001410,1,34.98
narasimhanabeer767@oksbi,1,ACC001411,0,0.0
vchowdhury712@okaxis,1,ACC001412,1,179.18
lucky20762@ybl,1,ACC001413,0,0.0
shenoydipta173@okhdfcbank,1,ACC001414,1,8.3
agatekashvi827@ybl,1,ACC001415,2,101.87
garima48332@okhdfcbank,1,ACC001416,0,0.0
jalsa19664@ybl,1,ACC001417,0,0.0
wkunda501@paytm,1,ACC001418,3,104.79
aachal05349@oksbi,1,ACC001419,0,0.0
mchandran967@okaxis,1,ACC001420,3,60.85
ijaya12550@okicici,1,ACC001421,1,17.15
ysengupta501@okicici,1,ACC001422,2,114.43
zarna57769@paytm,1,ACC001423,3,56.33
fissac129@ybl,1,ACC001424,2,32.9
dhingrareva439@okaxis,1,ACC001425,5,141.06
pushti30796@ybl,1,ACC001426,0,0.0
kabirkumer330@ybl,1,ACC001427,5,72.28
abdulbala191@paytm,1,ACC001428,1,52.85
bhasinraagini746@paytm,1,ACC001429,3,135.43
seshadrishaurya54@okicici,1,ACC001430,2,62.1
hritikkarpe273@okaxis,1,ACC001431,0,0.0
nairradhika599@okaxis,1,ACC001432,3,51.43
neelimasinha466@okaxis,1,ACC001433,1,58.45
igour968@okicici,1,ACC001434,3,267.24
gtak912@ybl,1,ACC001435,2,58.1
kabir19985@ybl,1,ACC001436,3,72.07
rpurohit207@okhdfcbank,1,ACC001437,1,15.4
dgrewal378@paytm,1,ACC001438,0,0.0
falgunipradhan794@oksbi,1,ACC001439,0,0.0
yugsehgal309@okhdfcbank,1,ACC001440,1,52.67
fthakur752@okaxis,1,ACC001441,3,274.36
samarkari306@paytm,1,ACC001442,1,17.5
bobaldamini415@okhdfcbank,1,ACC001443,1,30.45
asidhu855@ybl,1,ACC001444,2,89.25
bguha487@okaxis,1,ACC001445,1,9.39
samakshpadmanabhan516@paytm,1,ACC001446,0,0.0
reyansh84383@okicici,1,ACC001447,1,10.15
ekanitella621@ybl,1,ACC001448,1,17.5
chopraaryan276@ybl,1,ACC001449,2,57.59
wsarma557@ybl,1,ACC001450,0,0.0
ldhaliwal862@oksbi,1,ACC001451,5,176.03
kmunshi163@paytm,1,ACC001452,2,50.36
sbahri309@okhdfcbank,1,ACC001453,0,0.0
borariya704@okhdfcbank,1,ACC001454,1,117.25
ychoudhury916@oksbi,1,ACC001455,0,0.0
daraamruta737@paytm,1,ACC001456,1,21.6
meghanakant776@ybl,1,ACC001457,2,118.28
venkataramanoeshi262@oksbi,1,ACC001458,2,36.4
abhirambutala891@ybl,1,ACC001459,2,27.11
ektaom708@okicici,1,ACC001460,1,37.78
radhika28548@paytm,1,ACC001461,5,324.52
zinal03928@okhdfcbank,1,ACC001462,0,0.0
tkata673@oksbi,1,ACC001463,2,53.89
akarpe866@okaxis,1,ACC001464,1,25.53
chatterjeehitesh958@oksbi,1,ACC001465,2,18.9
chahalazad815@oksbi,1,ACC001466,0,0.0
osharana32@okicici,1,ACC001467,1,3.13
tanvi27353@okhdfcbank,1,ACC001468,0,0.0
mittaltejas582@oksbi,1,ACC001469,1,33.25
aadi82758@ybl,1,ACC001470,5,104.26
anmoldyal547@paytm,1,ACC001471,1,18.97
jasmit63305@okaxis,1,ACC001472,0,0.0
ektadeshmukh905@ybl,1,ACC001473,2,39.53
manan08695@ybl,1,ACC001474,1,10.15
pagate48@okhdfcbank,1,ACC001475,2,128.45
ejha468@okhdfcbank,1,ACC001476,3,28.31
adalal387@okicici,1,ACC001477,1,73.48
kritikawali195@ybl,1,ACC001478,0,0.0
faqid12423@paytm,1,ACC001479,1,11.53
mmall650@oksbi,1,ACC001480,2,40.93
qkaur82@okhdfcbank,1,ACC001481,1,11.35
nicholasdeshpande231@ybl,1,ACC001482,2,59.68
shauryatak143@ybl,1,ACC001483,3,74.18
qasimdin352@okaxis,1,ACC001484,0,0.0
gagan31702@paytm,1,ACC001485,0,0.0
chandrafaris936@okicici,1,ACC001486,2,167.28
vwagle644@paytm,1,ACC001487,1,51.08
szachariah408@oksbi,1,ACC001488,1,22.4
mistrysamarth892@okaxis,1,ACC001489,0,0.0
bkashyap395@okicici,1,ACC001490,0,0.0
suriprisha786@oksbi,1,ACC001491,1,20.28
rajeshri47720@ybl,1,ACC001492,1,37.78
gparmar686@okaxis,1,ACC001493,1,147.88
chanchal17946@okicici,1,ACC001494,1,114.21
revasawhney229@okhdfcbank,1,ACC001495,2,86.99
hamsini69609@okaxis,1,ACC001496,0,0.0
peribaghyawati555@okhdfcbank,1,ACC001497,2,75.6
nitara79422@okicici,1,ACC001498,0,0.0
samuelpillay315@okicici,1,ACC001499,2,61.58
revavenkataraman425@oksbi,1,ACC001500,2,37.78
gaurikabanik326@okhdfcbank,1,ACC001501,4,72.39
morarkashvi479@oksbi,1,ACC001502,0,0.0
xthaman366@okicici,1,ACC001503,3,91.5
tristansundaram553@okaxis,1,ACC001504,0,0.0
kadeupasna303@okhdfcbank,1,ACC001505,0,0.0
ytiwari476@okicici,1,ACC001506,4,86.76
dalalharish70@ybl,1,ACC001507,1,13.65
ebrar681@oksbi,1,ACC001508,2,114.43
ddate902@okaxis,1,ACC001509,0,0.0
widishadora112@ybl,1,ACC001510,3,172.64
chokshimitali968@okaxis,1,ACC001511,5,135.08
yashodharamane417@okhdfcbank,1,ACC001512,1,35.0
krishnanitesh268@okaxis,1,ACC001513,1,17.15
edeol340@oksbi,1,ACC001514,0,0.0
dayamai4057@ybl,1,ACC001515,1,20.98
karpelipika28@ybl,1,ACC001516,3,222.75
deviyatin205@okicici,1,ACC001517,1,40.95
gganesh589@paytm,1,ACC001518,0,0.0
lgolla990@okaxis,1,ACC001519,0,0.0
xarora79@ybl,1,ACC001520,3,71.05
sampathnaveen412@ybl,1,ACC001521,0,0.0
wahabbatta53@oksbi,1,ACC001522,0,0.0
wverma242@paytm,1,ACC001523,1,20.28
yashodachaudhari360@paytm,1,ACC001524,1,20.28
girik5124@okhdfcbank,1,ACC001525,5,704.47
keeradya336@paytm,1,ACC001526,0,0.0
natarajanira914@ybl,1,ACC001527,0,0.0
mkohli864@paytm,1,ACC001528,2,55.63
aayushdesai658@paytm,1,ACC001529,0,0.0
annefaras92@oksbi,1,ACC001530,0,0.0
shaurya11454@oksbi,1,ACC001531,1,28.0
gollarohan426@ybl,1,ACC001532,5,677.74
comarharrison208@oksbi,1,ACC001533,2,33.93
chhabrabhavya957@okaxis,1,ACC001534,0,0.0
eparikh944@okaxis,1,ACC001535,1,7.0
ekarajseth453@okaxis,1,ACC001536,1,37.78
ksheth322@okhdfcbank,1,ACC001537,0,0.0
dgolla703@okaxis,1,ACC001538,0,0.0
tarora296@ybl,1,ACC001539,1,175.0
dipta89366@okhdfcbank,1,ACC001540,2,138.21
maniishwar909@okicici,1,ACC001541,2,152.95
lekhatata500@oksbi,1,ACC001542,1,55.98
charviprabhu903@okicici,1,ACC001543,0,0.0
balcharita186@okaxis,1,ACC001544,2,54.93
naveen6565@okicici,1,ACC001545,4,199.46
hchauhan114@okhdfcbank,1,ACC001546,2,39.53
mittalvrinda812@paytm,1,ACC001547,2,59.85
bsingh229@ybl,1,ACC001548,0,0.0
fbera781@oksbi,1,ACC001549,2,96.25
gabrielbahl205@oksbi,1,ACC001550,1,105.0
naveenchahal303@paytm,1,ACC001551,0,0.0
pchaudry890@okaxis,1,ACC001552,2,115.5
hseth329@okhdfcbank,1,ACC001553,2,72.78
paijeet785@okaxis,1,ACC001554,0,0.0
reyanshchahal768@ybl,1,ACC001555,0,0.0
rom434@paytm,1,ACC001556,1,32.2
abhimanyu11100@okicici,1,ACC001557,3,31.18
mcheema573@okhdfcbank,1,ACC001558,5,154.1
manthan70501@oksbi,1,ACC001559,0,0.0
luckycheema94@okhdfcbank,1,ACC001560,0,0.0
fparsa132@okaxis,1,ACC001561,0,0.0
luketailor523@ybl,1,ACC001562,0,0.0
tristan79942@oksbi,1,ACC001563,1,35.0
naveendugar751@oksbi,1,ACC001564,1,21.0
wbhavsar612@okicici,1,ACC001565,2,48.98
dalaja11207@oksbi,1,ACC001566,0,0.0
chanakya96659@okhdfcbank,1,ACC001567,4,144.5
ethansinha686@okicici,1,ACC001568,1,10.5
vaidyaudyati976@okhdfcbank,1,ACC001569,0,0.0
panchallavanya250@paytm,1,ACC001570,3,41.26
pinglenathan863@okicici,1,ACC001571,3,192.13
pcomar919@paytm,1,ACC001572,1,17.5
chaitaly83139@paytm,1,ACC001573,1,20.65
faraj9414@okaxis,1,ACC001574,0,0.0
dboase733@ybl,1,ACC001575,0,0.0
tankaarna784@okaxis,1,ACC001576,0,0.0
omarin352@oksbi,1,ACC001577,2,46.18
aradhana98509@ybl,1,ACC001578,1,21.22
falan88907@okaxis,1,ACC001579,2,99.73
janujamajumdar740@ybl,1,ACC001580,1,37.97
ekapadkala702@paytm,1,ACC001581,2,120.05
janya85185@okaxis,1,ACC001582,0,0.0
tailorfaqid924@oksbi,1,ACC001583,1,32.2
matwal532@okicici,1,ACC001584,0,0.0
yoshita82520@okhdfcbank,1,ACC001585,5,214.76
krishna53805@paytm,1,ACC001586,3,85.01
hamsinibiswas784@okhdfcbank,1,ACC001587,3,851.86
binasrivastava201@okicici,1,ACC001588,0,0.0
shethfalak722@okaxis,1,ACC001589,0,0.0
jagratirama517@okaxis,1,ACC001590,5,468.97
riasharma650@okaxis,1,ACC001591,0,0.0
ndhaliwal245@oksbi,1,ACC001592,1,33.95
csankaran964@okaxis,1,ACC001593,1,19.25
chakradevdhingra429@okicici,1,ACC001594,4,77.66
shethradhika256@paytm,1,ACC001595,1,17.34
darsh83229@okaxis,1,ACC001596,1,20.28
rishi50346@okicici,1,ACC001597,2,54.59
charitasant88@ybl,1,ACC001598,0,0.0
mandvyanjana381@okhdfcbank,1,ACC001599,0,0.0
udarsh7973@okhdfcbank,1,ACC001600,2,209.98
fsama330@okhdfcbank,1,ACC001601,1,87.5
qarin92663@okicici,1,ACC001602,2,39.9
vivaankorpal779@paytm,1,ACC001603,1,8.75
fiyaz17663@paytm,1,ACC001604,0,0.0
xchand828@ybl,1,ACC001605,1,10.15
borahgaurang652@okicici,1,ACC001606,1,19.79
deepa5889@okhdfcbank,1,ACC001607,0,0.0
dhruvupadhyay789@okicici,1,ACC001608,2,67.2
bganesan306@okicici,1,ACC001609,0,0.0
bhavini94258@oksbi,1,ACC001610,3,213.41
qdhingra599@ybl,1,ACC001611,3,105.49
mandpriya184@oksbi,1,ACC001612,0,0.0
aradhana01164@okaxis,1,ACC001613,1,8.63
dakshesh1287@ybl,1,ACC001614,0,0.0
krishagoyal686@oksbi,1,ACC001615,1,40.95
katateerth406@okicici,1,ACC001616,0,0.0
tanejajagrati8@oksbi,1,ACC001617,1,9.08
abarad907@oksbi,1,ACC001618,0,0.0
cpalan328@paytm,1,ACC001619,1,37.78
jbhagat253@oksbi,1,ACC001620,1,20.65
nicholastiwari284@okaxis,1,ACC001621,1,26.25
tristanchowdhury195@okaxis,1,ACC001622,3,79.58
agastyarout622@okicici,1,ACC001623,1,33.95
kalavamakshi654@oksbi,1,ACC001624,1,40.95
sheththeodore441@oksbi,1,ACC001625,0,0.0
nsubramaniam789@oksbi,1,ACC001626,0,0.0
upadhriti06689@okaxis,1,ACC001627,0,0.0
advikatak427@ybl,1,ACC001628,5,230.61
hamsiniwali770@okaxis,1,ACC001629,2,28.85
srana938@okaxis,1,ACC001630,0,0.0
azadarya966@paytm,1,ACC001631,0,0.0
gaurangbansal921@paytm,1,ACC001632,3,70.47
kavyaroy661@okhdfcbank,1,ACC001633,3,45.87
yashica18856@okhdfcbank,1,ACC001634,0,0.0
isaacsavant915@okhdfcbank,1,ACC001635,0,0.0
xpandit385@okicici,1,ACC001636,1,6.15
jananisibal278@ybl,1,ACC001637,1,17.83
ngrover183@paytm,1,ACC001638,1,47.23
saumyasachdeva176@oksbi,1,ACC001639,0,0.0
aarya514@okhdfcbank,1,ACC001640,1,40.95
xsinghal269@oksbi,1,ACC001641,5,344.17
kalaijaya541@okhdfcbank,1,ACC001642,2,147.31
samuelbhatt869@okaxis,1,ACC001643,0,0.0
varughesemaanas915@okhdfcbank,1,ACC001644,2,116.2
owen43999@okhdfcbank,1,ACC001645,1,37.78
indrajitchowdhury817@oksbi,1,ACC001646,2,39.37
sehgaldayamai742@paytm,1,ACC001647,1,38.13
qadimsabharwal688@oksbi,1,ACC001648,0,0.0
devwagle247@ybl,1,ACC001649,0,0.0
jvaidya346@okicici,1,ACC001650,1,45.48
ekapad96606@paytm,1,ACC001651,1,13.71
omsridhar701@okhdfcbank,1,ACC001652,1,29.03
jeevika80485@paytm,1,ACC001653,0,0.0
banerjeedaksh291@okicici,1,ACC001654,0,0.0
dasguptasimon189@okhdfcbank,1,ACC001655,5,141.61
wdayal783@ybl,1,ACC001656,2,18.16
gargwarda583@paytm,1,ACC001657,3,46.59
onkarkalla562@okicici,1,ACC001658,4,179.72
gaurikabajwa489@ybl,1,ACC001659,1,15.67
gagan54113@ybl,1,ACC001660,0,0.0
nidralala268@okicici,1,ACC001661,1,47.23
dixitamara363@okhdfcbank,1,ACC001662,0,0.0
evarkey970@okicici,1,ACC001663,2,31.15
aashilad547@okicici,1,ACC001664,0,0.0
vpatla990@okhdfcbank,1,ACC001665,1,70.0
amara80835@paytm,1,ACC001666,0,0.0
venkataramanwarhi456@okicici,1,ACC001667,0,0.0
kbora300@okicici,1,ACC001668,1,17.15
aishani16600@oksbi,1,ACC001669,1,30.45
yuvraj08125@okicici,1,ACC001670,0,0.0
oliver86835@okicici,1,ACC001671,2,30.08
advikatandon719@paytm,1,ACC001672,1,20.65
faras89978@okicici,1,ACC001673,0,0.0
bminhas712@okhdfcbank,1,ACC001674,0,0.0
mangalaadhya28@okhdfcbank,1,ACC001675,1,29.03
nisha24239@okicici,1,ACC001676,0,0.0
rpal749@ybl,1,ACC001677,2,29.03
odika11625@oksbi,1,ACC001678,1,40.95
eeshavyas813@oksbi,1,ACC001679,2,37.06
chadayash666@oksbi,1,ACC001680,0,0.0
ektasarna268@oksbi,1,ACC001681,1,68.23
vaishnavibuch797@ybl,1,ACC001682,1,10.83
rdesai479@oksbi,1,ACC001683,0,0.0
charles98692@okaxis,1,ACC001684,2,78.75
brinda46500@oksbi,1,ACC001685,0,0.0
gopalyashawini817@paytm,1,ACC001686,0,0.0
jyoti51373@paytm,1,ACC001687,1,20.53
dnanda405@okhdfcbank,1,ACC001688,0,0.0
smanda629@paytm,1,ACC001689,0,0.0
zachariaayaan252@okhdfcbank,1,ACC001690,0,0.0
amol858@oksbi,1,ACC001691,0,0.0
krishteerth640@paytm,1,ACC001692,3,114.43
urvashi92882@okhdfcbank,1,ACC001693,0,0.0
devanjason853@okaxis,1,ACC001694,2,122.13
tailorwarjas539@okaxis,1,ACC001695,1,20.28
ebumb638@okicici,1,ACC001696,1,12.58
jonathanbatra758@oksbi,1,ACC001697,1,40.95
chakrikasundaram341@okhdfcbank,1,ACC001698,0,0.0
libnigera390@ybl,1,ACC001699,0,0.0
waidawalia2@oksbi,1,ACC001700,1,7.33
tanviahluwalia594@okhdfcbank,1,ACC001701,3,103.34
shauryawadhwa688@okhdfcbank,1,ACC001702,0,0.0
sharmayashodhara120@okaxis,1,ACC001703,0,0.0
vartyabhiram521@ybl,1,ACC001704,0,0.0
ladnirja376@okaxis,1,ACC001705,0,0.0
dmenon471@okaxis,1,ACC001706,4,106.73
xiti52656@okaxis,1,ACC001707,4,234.97
hvig245@ybl,1,ACC001708,1,111.12
urvisagar529@okhdfcbank,1,ACC001709,2,50.36
graman835@ybl,1,ACC001710,2,47.23
logan00813@oksbi,1,ACC001711,1,7.68
vamakshitailor196@oksbi,1,ACC001712,1,17.15
pkar568@okaxis,1,ACC001713,3,97.96
arjun34660@ybl,1,ACC001714,5,103.93
adhingra537@okaxis,1,ACC001715,2,73.13
charanbumb777@okhdfcbank,1,ACC001716,1,36.8
faraskari800@okhdfcbank,1,ACC001717,0,0.0
pranitkrish952@okhdfcbank,1,ACC001718,0,0.0
kalaraghav279@okhdfcbank,1,ACC001719,3,73.41
mangalmichael27@okicici,1,ACC001720,2,110.95
gabrielraj910@oksbi,1,ACC001721,0,0.0
mangatgayathri28@okhdfcbank,1,ACC001722,0,0.0
yashicaissac243@okaxis,1,ACC001723,1,12.58
dubeyjeremiah762@okhdfcbank,1,ACC001724,1,10.15
kkurian308@okaxis,1,ACC001725,2,48.02
horazehaan373@okhdfcbank,1,ACC001726,4,302.67
kandra108@oksbi,1,ACC001727,1,136.5
zilmil26129@okhdfcbank,1,ACC001728,0,0.0
csuri537@okaxis,1,ACC001729,1,52.5
gautamiramesh346@paytm,1,ACC001730,0,0.0
tanmayikapur451@okicici,1,ACC001731,0,0.0
guneetram999@ybl,1,ACC001732,1,20.65
wchanda144@okhdfcbank,1,ACC001733,0,0.0
nidhimodi289@okaxis,1,ACC001734,3,84.69
maanavdeo710@okaxis,1,ACC001735,3,82.91
vidhi46722@okhdfcbank,1,ACC001736,2,60.53
aryaedhitha370@oksbi,1,ACC001737,1,17.15
ebutala544@okicici,1,ACC001738,0,0.0
oommensathvik728@ybl,1,ACC001739,0,0.0
tdhar155@ybl,1,ACC001740,0,0.0
lakshmisane781@paytm,1,ACC001741,0,0.0
sahotadarsh200@okaxis,1,ACC001742,1,59.85
ishwarmistry541@okicici,1,ACC001743,1,20.65
azaanvenkatesh95@oksbi,1,ACC001744,1,105.0
fbaria962@paytm,1,ACC001745,1,13.3
golefarhan691@okhdfcbank,1,ACC001746,0,0.0
ramaswamyisaac783@okhdfcbank,1,ACC001747,0,0.0
aryan97147@okaxis,1,ACC001748,0,0.0
kbhalla503@okicici,1,ACC001749,0,0.0
hiteshrastogi180@paytm,1,ACC001750,1,8.99
mekhala06620@okaxis,1,ACC001751,0,0.0
vihaanbabu764@ybl,1,ACC001752,0,0.0
indira10342@paytm,1,ACC001753,0,0.0
pallaekalinga460@ybl,1,ACC001754,0,0.0
banerjeeranbir478@okhdfcbank,1,ACC001755,1,10.15
manthan0135@ybl,1,ACC001756,3,21.7
kgola904@okhdfcbank,1,ACC001757,2,55.28
gaurisarraf283@paytm,1,ACC001758,2,58.1
kaurfalan156@paytm,1,ACC001759,1,6.53
jpathak776@ybl,1,ACC001760,1,8.24
ptailor525@oksbi,1,ACC001761,0,0.0
brijeshrattan100@okhdfcbank,1,ACC001762,1,59.85
hdivan835@okicici,1,ACC001763,0,0.0
jagratihora44@okhdfcbank,1,ACC001764,1,59.85
odika95500@okaxis,1,ACC001765,0,0.0
triptibhatia408@okhdfcbank,1,ACC001766,5,169.73
bdeshmukh672@oksbi,1,ACC001767,1,25.18
vedant93188@okhdfcbank,1,ACC001768,0,0.0
cheemavidhi619@ybl,1,ACC001769,0,0.0
niharika8727@oksbi,1,ACC001770,1,18.33
pratyush35863@okicici,1,ACC001771,5,154.33
sahotaumang757@ybl,1,ACC001772,2,36.54
settynidra790@oksbi,1,ACC001773,1,30.78
zilmil9239@okaxis,1,ACC001774,1,9.78
rhans332@oksbi,1,ACC001775,3,81.2
amairamutti822@okaxis,1,ACC001776,4,200.79
khannagaurang890@okaxis,1,ACC001777,4,203.31
hayreyatin780@paytm,1,ACC001778,0,0.0
nsama373@okicici,1,ACC001779,2,168.35
gde787@paytm,1,ACC001780,3,162.2
jbakshi123@okhdfcbank,1,ACC001781,1,52.83
rayaan47610@okicici,1,ACC001782,1,20.65
chandreshmurty663@ybl,1,ACC001783,2,58.1
bedivedika722@okicici,1,ACC001784,1,20.28
raaginibajwa982@okicici,1,ACC001785,1,40.95
wakeetanigam806@okhdfcbank,1,ACC001786,1,37.78
devansh80475@okaxis,1,ACC001787,0,0.0
darpanparmar924@paytm,1,ACC001788,0,0.0
siya71309@okicici,1,ACC001789,1,17.5
vlala546@oksbi,1,ACC001790,1,20.65
ckumar963@okicici,1,ACC001791,0,0.0
david64611@okicici,1,ACC001792,1,55.98
abhiramghosh975@okaxis,1,ACC001793,1,37.78
triveni1512@oksbi,1,ACC001794,2,46.89
vrishtide912@okaxis,1,ACC001795,0,0.0
jwadhwa977@okhdfcbank,1,ACC001796,3,177.78
chandermekhala722@ybl,1,ACC001797,1,49.35
kaibadami129@ybl,1,ACC001798,1,8.12
vedantvora88@paytm,1,ACC001799,1,7.33
zboase73@okaxis,1,ACC001800,1,3.64
lukesant708@ybl,1,ACC001801,2,57.05
amrita66549@paytm,1,ACC001802,1,17.5
nagibachittar809@okaxis,1,ACC001803,0,0.0
lakshmi40142@paytm,1,ACC001804,1,18.9
xraj546@okicici,1,ACC001805,0,0.0
jsinha902@okhdfcbank,1,ACC001806,2,50.36
doshinitara997@okaxis,1,ACC001807,1,26.95
mannesamesh570@oksbi,1,ACC001808,1,91.68
biswasyatin652@okaxis,1,ACC001809,1,28.06
owenkari791@oksbi,1,ACC001810,0,0.0
eiravati82198@okaxis,1,ACC001811,0,0.0
sahniveda377@paytm,1,ACC001812,0,0.0
ppandey306@okicici,1,ACC001813,2,129.81
tandonnitesh892@paytm,1,ACC001814,1,39.55
hpradhan540@okaxis,1,ACC001815,3,141.03
chatura44966@paytm,1,ACC001816,0,0.0
ememon293@paytm,1,ACC001817,3,81.18
meghadayal859@ybl,1,ACC001818,1,30.61
lmander400@okhdfcbank,1,ACC001819,2,58.43
balanirudh61@paytm,1,ACC001820,2,38.15
luckysankaran188@okhdfcbank,1,ACC001821,0,0.0
salvikevin812@okhdfcbank,1,ACC001822,5,303.43
mandalogan120@oksbi,1,ACC001823,0,0.0
bhavsarchakrika997@okicici,1,ACC001824,3,75.6
edhitha04691@oksbi,1,ACC001825,2,75.23
jasmit95176@okaxis,1,ACC001826,1,8.75
ypatla767@okicici,1,ACC001827,2,89.23
esavant61@oksbi,1,ACC001828,3,53.53
gkant44@okhdfcbank,1,ACC001829,3,73.28
kashvi28261@ybl,1,ACC001830,1,5.63
dayita50522@okicici,1,ACC001831,1,40.95
bmann203@ybl,1,ACC001832,1,20.65
norivinaya435@oksbi,1,ACC001833,2,95.88
zdyal171@okaxis,1,ACC001834,1,13.65
vsrinivas471@okhdfcbank,1,ACC001835,2,46.9
sahluwalia266@paytm,1,ACC001836,0,0.0
bpanchal267@oksbi,1,ACC001837,1,3.5
zarna19130@ybl,1,ACC001838,0,0.0
wbasu670@okhdfcbank,1,ACC001839,2,204.21
nachiketkalla12@okhdfcbank,1,ACC001840,4,96.23
vrishti7699@okicici,1,ACC001841,4,188.26
williambarman196@okaxis,1,ACC001842,1,52.48
charita93248@oksbi,1,ACC001843,4,285.91
rcheema49@okhdfcbank,1,ACC001844,1,20.65
vohrafaqid588@ybl,1,ACC001845,1,31.13
ysura337@paytm,1,ACC001846,3,143.88
jananisaini567@oksbi,1,ACC001847,0,0.0
nishajayaraman902@ybl,1,ACC001848,4,80.58
trivedichandani842@okhdfcbank,1,ACC001849,0,0.0
ytata739@okhdfcbank,1,ACC001850,0,0.0
agoyal975@paytm,1,ACC001851,2,58.43
qasim08560@okicici,1,ACC001852,1,9.88
ranveer63764@okicici,1,ACC001853,3,174.63
asampath460@okicici,1,ACC001854,1,11.53
ppandey272@oksbi,1,ACC001855,1,43.75
duttanitara226@ybl,1,ACC001856,1,30.78
varshakala523@oksbi,1,ACC001857,1,59.85
chhabrachavvi639@ybl,1,ACC001858,0,0.0
snehamani550@okicici,1,ACC001859,1,28.7
irya82636@paytm,1,ACC001860,0,0.0
icheema670@okicici,1,ACC001861,0,0.0
dominic42286@oksbi,1,ACC001862,2,67.15
fbhalla247@oksbi,1,ACC001863,1,12.58
settydiya949@okicici,1,ACC001864,2,97.3
yrao557@okaxis,1,ACC001865,0,0.0
hemangini56670@ybl,1,ACC001866,0,0.0
pantraghav788@okhdfcbank,1,ACC001867,1,8.75
kohlijack440@okhdfcbank,1,ACC001868,0,0.0
timothysubramanian425@okicici,1,ACC001869,1,20.65
ati67662@paytm,1,ACC001870,3,212.12
xchand833@okicici,1,ACC001871,0,0.0
vinaya90150@ybl,1,ACC001872,0,0.0
vtara825@ybl,1,ACC001873,1,23.78
chandran37742@ybl,1,ACC001874,1,10.83
dalalhardik687@okaxis,1,ACC001875,1,37.78
gsabharwal893@oksbi,1,ACC001876,4,100.43
seshadriharsh694@okhdfcbank,1,ACC001877,1,59.85
babuvictor792@okaxis,1,ACC001878,2,81.9
gautamdash590@okhdfcbank,1,ACC001879,2,207.36
dakshborra409@paytm,1,ACC001880,1,16.78
wkanda609@okaxis,1,ACC001881,0,0.0
diyashah598@okaxis,1,ACC001882,2,37.43
jasmit1097@oksbi,1,ACC001883,1,40.95
ubikagade154@oksbi,1,ACC001884,3,67.55
ekbal12594@okicici,1,ACC001885,2,143.23
mdin156@paytm,1,ACC001886,0,0.0
rajata08898@oksbi,1,ACC001887,2,106.39
kumerhardik162@okicici,1,ACC001888,0,0.0
omkaarmore530@paytm,1,ACC001889,2,80.21
fradosaraf806@paytm,1,ACC001890,0,0.0
bina26540@okaxis,1,ACC001891,1,35.0
minhasfalan311@okhdfcbank,1,ACC001892,2,122.5
manderjanuja160@paytm,1,ACC001893,2,69.26
barkha16514@okicici,1,ACC001894,1,14.0
sbajaj472@ybl,1,ACC001895,0,0.0
raoekansh780@okaxis,1,ACC001896,1,40.95
lakshmi63315@oksbi,1,ACC001897,1,28.7
lbail934@ybl,1,ACC001898,0,0.0
ekta00702@ybl,1,ACC001899,1,17.5
dubeyarunima668@oksbi,1,ACC001900,0,0.0
murtyom826@ybl,1,ACC001901,2,67.2
nikita79347@paytm,1,ACC001902,2,40.93
vanya94992@okicici,1,ACC001903,3,256.53
kannanazad819@oksbi,1,ACC001904,0,0.0
nathan60802@okicici,1,ACC001905,2,15.57
sekhonyashasvi553@okaxis,1,ACC001906,1,59.85
bathjackson448@okicici,1,ACC001907,1,26.61
kchoudhury660@oksbi,1,ACC001908,1,17.5
urvashi86699@ybl,1,ACC001909,2,29.73
nilima25633@oksbi,1,ACC001910,0,0.0
urvichaudhary601@ybl,1,ACC001911,2,22.73
jchhabra14@okaxis,1,ACC001912,0,0.0
zilmilraman544@okaxis,1,ACC001913,2,34.3
nrandhawa100@okhdfcbank,1,ACC001914,1,8.75
lbera446@okhdfcbank,1,ACC001915,0,0.0
gagate56@ybl,1,ACC001916,2,53.2
neha7724@ybl,1,ACC001917,1,70.0
mnagy719@paytm,1,ACC001918,0,0.0
eesha58174@paytm,1,ACC001919,0,0.0
ekantabassi241@okaxis,1,ACC001920,0,0.0
zde877@okicici,1,ACC001921,1,7.0
majumdarniharika421@okaxis,1,ACC001922,0,0.0
jagat05940@okhdfcbank,1,ACC001923,1,8.57
gaurangi12689@okaxis,1,ACC001924,0,0.0
owen25180@paytm,1,ACC001925,0,0.0
pillaitriya178@paytm,1,ACC001926,0,0.0
sandhuedhitha196@okicici,1,ACC001927,2,30.62
jsagar720@okhdfcbank,1,ACC001928,1,37.78
chandreshkonda920@ybl,1,ACC001929,0,0.0
dipta91332@okaxis,1,ACC001930,3,80.85
aashi75941@okicici,1,ACC001931,0,0.0
ldeep353@oksbi,1,ACC001932,1,105.68
onkargoda235@okicici,1,ACC001933,1,32.89
prandhawa106@oksbi,1,ACC001934,2,210.68
solankiforum192@okhdfcbank,1,ACC001935,0,0.0
krishna19907@okaxis,1,ACC001936,3,71.71
kbumb582@ybl,1,ACC001937,0,0.0
rradhakrishnan2@okaxis,1,ACC001938,0,0.0
hardik49889@okaxis,1,ACC001939,1,59.85
nraj604@oksbi,1,ACC001940,2,66.83
tchaudhary667@okicici,1,ACC001941,1,8.75
nayarchasmum168@ybl,1,ACC001942,1,18.89
obuch183@okaxis,1,ACC001943,1,20.65
chaturadora556@ybl,1,ACC001944,0,0.0
unni62986@okaxis,1,ACC001945,1,40.95
isha78227@paytm,1,ACC001946,3,162.55
yamini20419@paytm,1,ACC001947,2,34.28
katalila387@ybl,1,ACC001948,2,75.95
goswaminachiket114@paytm,1,ACC001949,4,85.52
harinimrat858@okhdfcbank,1,ACC001950,1,15.57
darpan53961@paytm,1,ACC001951,1,20.65
lopa75619@paytm,1,ACC001952,0,0.0
dakshadyal150@okaxis,1,ACC001953,2,46.71
ytripathi86@okhdfcbank,1,ACC001954,0,0.0
vaishnavi14258@ybl,1,ACC001955,0,0.0
bsrinivasan3@ybl,1,ACC001956,0,0.0
aahanasarma236@ybl,1,ACC001957,2,162.73
karanarjun583@paytm,1,ACC001958,2,19.76
mohannandini658@paytm,1,ACC001959,1,36.38
dubemason509@ybl,1,ACC001960,0,0.0
sshroff940@oksbi,1,ACC001961,2,58.25
aryapallavi732@ybl,1,ACC001962,2,155.73
aarush57602@paytm,1,ACC001963,1,6.94
chanderaarini457@ybl,1,ACC001964,5,430.97
echaudhary548@paytm,1,ACC001965,0,0.0
barkhasaraf877@ybl,1,ACC001966,1,16.78
bariajoshua266@paytm,1,ACC001967,2,42.16
qnanda556@paytm,1,ACC001968,0,0.0
xraman413@okaxis,1,ACC001969,0,0.0
knatt584@paytm,1,ACC001970,3,50.15
peter68483@okaxis,1,ACC001971,0,0.0
yashodhara29431@okhdfcbank,1,ACC001972,0,0.0
kapoorudant521@paytm,1,ACC001973,1,12.58
gautambath571@okhdfcbank,1,ACC001974,0,0.0
jyoti81410@oksbi,1,ACC001975,4,119.33
anarasimhan5@ybl,1,ACC001976,0,0.0
ttella887@okaxis,1,ACC001977,0,0.0
unnati62176@okhdfcbank,1,ACC001978,2,33.93
rachana99257@okicici,1,ACC001979,3,50.53
aroy106@okicici,1,ACC001980,5,306.56
osidhu314@ybl,1,ACC001981,0,0.0
acharyavarsha896@paytm,1,ACC001982,0,0.0
urvashi09720@okaxis,1,ACC001983,0,0.0
wazir61716@oksbi,1,ACC001984,3,60.18
omann468@okaxis,1,ACC001985,0,0.0
anvi72186@oksbi,1,ACC001986,0,0.0
shethzansi586@okhdfcbank,1,ACC001987,2,21.0
pandeyeta478@okaxis,1,ACC001988,1,8.75
fiyazsibal773@ybl,1,ACC001989,0,0.0
xsachar267@okicici,1,ACC001990,1,17.5
bwarrior218@okaxis,1,ACC001991,1,114.43
ojasbasak409@okicici,1,ACC001992,0,0.0
thamanbalendra664@okhdfcbank,1,ACC001993,0,0.0
kritikaganesh769@okaxis,1,ACC001994,0,0.0
hsarma78@okaxis,1,ACC001995,1,73.48
janakinatarajan214@oksbi,1,ACC001996,1,270.9
jatin97696@paytm,1,ACC001997,1,20.65
ekanshdesai188@okaxis,1,ACC001998,1,40.95
deyamara74@okicici,1,ACC001999,1,137.31
ptripathi214@okicici,1,ACC002000,0,0.0
shahhemangini263@okaxis,1,ACC002001,2,100.78
charvisarkar999@okicici,1,ACC002002,1,40.95
vrishtiram72@oksbi,1,ACC002003,0,0.0
nkala136@oksbi,1,ACC002004,1,40.95
darikamahal585@okicici,1,ACC002005,1,59.85
ekantaprabhu85@oksbi,1,ACC002006,1,17.15
sarrafyatan81@ybl,1,ACC002007,3,166.23
ekhare927@okicici,1,ACC002008,1,30.8
diya28287@okhdfcbank,1,ACC002009,2,47.77
sankaranamaira557@okhdfcbank,1,ACC002010,1,30.45
cvarughese464@okhdfcbank,1,ACC002011,0,0.0
tchhabra793@paytm,1,ACC002012,0,0.0
kiaan56460@okicici,1,ACC002013,0,0.0
mramakrishnan562@oksbi,1,ACC002014,1,17.32
akshay77219@oksbi,1,ACC002015,0,0.0
bhavsarjeremiah815@okhdfcbank,1,ACC002016,4,580.11
btrivedi302@paytm,1,ACC002017,2,50.38
vsalvi370@ybl,1,ACC002018,1,52.5
triyavarughese502@paytm,1,ACC002019,1,140.0
wakeeta93174@ybl,1,ACC002020,3,123.6
kibevivaan313@okaxis,1,ACC002021,1,10.15
ati98331@oksbi,1,ACC002022,0,0.0
yashmukherjee958@oksbi,1,ACC002023,2,58.43
nirjaboase217@okaxis,1,ACC002024,2,113.03
neha14153@okicici,1,ACC002025,2,377.98
madhavsane251@okaxis,1,ACC002026,1,7.33
wriddhishdewan735@okaxis,1,ACC002027,1,26.95
yachanasubramaniam742@oksbi,1,ACC002028,1,59.85
schawla355@oksbi,1,ACC002029,2,19.07
ekantikasaraf762@okhdfcbank,1,ACC002030,0,0.0
vyanjana38484@paytm,1,ACC002031,1,10.53
bhavnakhalsa563@oksbi,1,ACC002032,1,70.35
akala663@oksbi,1,ACC002033,1,10.15
esridhar976@okicici,1,ACC002034,0,0.0
jeevika46924@okicici,1,ACC002035,2,34.61
ekavirsabharwal120@oksbi,1,ACC002036,3,94.81
omaja33381@oksbi,1,ACC002037,1,8.75
utkarsh03533@okhdfcbank,1,ACC002038,2,108.15
dewanonkar995@okicici,1,ACC002039,0,0.0
dsetty391@oksbi,1,ACC002040,1,309.4
bprabhakar782@ybl,1,ACC002041,3,78.01
nisha21656@okaxis,1,ACC002042,0,0.0
azaandube948@ybl,1,ACC002043,1,37.78
bdass632@okicici,1,ACC002044,1,20.63
vsama879@paytm,1,ACC002045,5,246.36
tarak44746@paytm,1,ACC002046,1,13.82
pahalgola877@okhdfcbank,1,ACC002047,2,104.26
xitibail963@oksbi,1,ACC002048,0,0.0
kakaromaja980@okicici,1,ACC002049,1,14.04
dakshsinghal453@okaxis,1,ACC002050,1,30.45
vrindamerchant807@okaxis,1,ACC002051,0,0.0
dmadan71@okaxis,1,ACC002052,1,20.65
pandeytimothy943@oksbi,1,ACC002053,2,29.05
modygirindra804@ybl,1,ACC002054,1,17.15
raghavanoeshi531@ybl,1,ACC002055,0,0.0
umanne505@ybl,1,ACC002056,1,20.28
dalalmeera966@okaxis,1,ACC002057,5,186.0
mdyal231@okaxis,1,ACC002058,1,17.5
wvasa11@okaxis,1,ACC002059,1,73.83
azachariah317@okhdfcbank,1,ACC002060,2,102.32
sankarrayaan497@oksbi,1,ACC002061,0,0.0
laban5886@ybl,1,ACC002062,0,0.0
abhalla901@ybl,1,ACC002063,2,126.33
ygola590@oksbi,1,ACC002064,0,0.0
meghana96618@okhdfcbank,1,ACC002065,5,421.56
bhavani74388@okhdfcbank,1,ACC002066,0,0.0
xaurora906@oksbi,1,ACC002067,2,80.5
chatura01749@paytm,1,ACC002068,0,0.0
kapoorpooja592@okhdfcbank,1,ACC002069,1,40.95
achand417@ybl,1,ACC002070,1,3.5
xvora517@ybl,1,ACC002071,2,55.28
mahalkiaan401@oksbi,1,ACC002072,0,0.0
mahikasharma89@okaxis,1,ACC002073,1,37.78
coak635@okicici,1,ACC002074,0,0.0
advika21198@okicici,1,ACC002075,1,61.25
yohannanjacob203@okaxis,1,ACC002076,1,68.85
anmol49648@oksbi,1,ACC002077,1,210.0
brinda44291@okicici,1,ACC002078,1,17.85
lallrehaan54@paytm,1,ACC002079,0,0.0
jyotiaggarwal939@paytm,1,ACC002080,0,0.0
goswamioni522@okaxis,1,ACC002081,3,224.68
zachariaurmi516@paytm,1,ACC002082,1,8.75
benjaminsinghal667@okhdfcbank,1,ACC002083,0,0.0
kchad180@oksbi,1,ACC002084,2,50.87
gautaminatarajan45@paytm,1,ACC002085,2,24.13
venkataramansimon127@paytm,1,ACC002086,1,8.75
krishna29876@okhdfcbank,1,ACC002087,0,0.0
jagvi63928@okicici,1,ACC002088,4,151.88
kamala38107@okicici,1,ACC002089,0,0.0
forummanda61@ybl,1,ACC002090,0,0.0
htata447@oksbi,1,ACC002091,1,43.75
srivastavayauvani305@okaxis,1,ACC002092,1,18.89
kevinchakraborty724@okicici,1,ACC002093,1,23.24
kchadha174@oksbi,1,ACC002094,1,11.18
nmannan98@okicici,1,ACC002095,4,143.51
jai84936@okaxis,1,ACC002096,4,227.36
janyabandi882@ybl,1,ACC002097,0,0.0
libni06191@oksbi,1,ACC002098,2,62.26
vasudhanagar146@ybl,1,ACC002099,4,149.23
abdul8439@oksbi,1,ACC002100,1,11.9
hardikkothari331@okicici,1,ACC002101,1,35.0
jratta560@okicici,1,ACC002102,2,34.1
dalbirthakkar594@paytm,1,ACC002103,0,0.0
bhavna063@okhdfcbank,1,ACC002104,0,0.0
nsaraf721@okhdfcbank,1,ACC002105,0,0.0
ewadhwa133@oksbi,1,ACC002106,0,0.0
qtailor316@okicici,1,ACC002107,1,104.98
jagrati73953@oksbi,1,ACC002108,5,1308.46
ojasvisandhu544@okaxis,1,ACC002109,2,104.05
gchakrabarti146@okicici,1,ACC002110,0,0.0
yuvrajbhandari68@oksbi,1,ACC002111,5,325.63
lbail477@okicici,1,ACC002112,0,0.0
chatreshtripathi239@ybl,1,ACC002113,0,0.0
vlad255@okhdfcbank,1,ACC002114,2,57.73
fnatt414@okicici,1,ACC002115,1,20.65
zahluwalia19@oksbi,1,ACC002116,0,0.0
arjunbrar983@ybl,1,ACC002117,0,0.0
gabrielrau479@okaxis,1,ACC002118,0,0.0
boza887@oksbi,1,ACC002119,2,49.26
llalla340@oksbi,1,ACC002120,0,0.0
goladeepa975@okhdfcbank,1,ACC002121,3,76.28
iryabir263@paytm,1,ACC002122,2,161.68
zehaan72803@okaxis,1,ACC002123,0,0.0
munileela344@okhdfcbank,1,ACC002124,5,163.01
bpanchal827@ybl,1,ACC002125,4,92.57
qtoor537@okicici,1,ACC002126,1,25.18
mallbhanumati90@okaxis,1,ACC002127,4,161.0
tarakkunda794@oksbi,1,ACC002128,0,0.0
yochana58461@okicici,1,ACC002129,2,79.45
htalwar139@oksbi,1,ACC002130,1,7.04
kevin54503@oksbi,1,ACC002131,0,0.0
golezilmil967@okaxis,1,ACC002132,1,20.65
bhatnagarvedant307@oksbi,1,ACC002133,0,0.0
trivediyagnesh686@oksbi,1,ACC002134,0,0.0
kmajumdar303@paytm,1,ACC002135,2,93.76
frederickbarad330@okhdfcbank,1,ACC002136,3,209.11
xvarughese728@okaxis,1,ACC002137,1,35.0
vedant03397@oksbi,1,ACC002138,1,37.97
chakrabortyforum900@ybl,1,ACC002139,0,0.0
ishita46462@okhdfcbank,1,ACC002140,1,7.0
mistrybaghyawati447@okicici,1,ACC002141,4,315.52
lsathe293@okicici,1,ACC002142,2,46.5
daminivarughese470@okhdfcbank,1,ACC002143,0,0.0
yrana898@paytm,1,ACC002144,1,79.1
mandleela876@okicici,1,ACC002145,5,256.3
priya06989@okhdfcbank,1,ACC002146,1,37.78
malhotragirindra414@okhdfcbank,1,ACC002147,0,0.0
pedwin172@okhdfcbank,1,ACC002148,2,92.03
npant902@okaxis,1,ACC002149,1,72.72
jairaj62947@okhdfcbank,1,ACC002150,0,0.0
okala582@paytm,1,ACC002151,0,0.0
pramaswamy288@ybl,1,ACC002152,0,0.0
bhavinigola999@okicici,1,ACC002153,2,23.42
qsethi205@okaxis,1,ACC002154,0,0.0
usaran454@oksbi,1,ACC002155,0,0.0
umangdua739@okhdfcbank,1,ACC002156,4,144.54
soniindrajit869@okaxis,1,ACC002157,5,443.22
aashi19522@okaxis,1,ACC002158,2,64.11
sensiddharth578@paytm,1,ACC002159,0,0.0
nikitasarraf566@okhdfcbank,1,ACC002160,5,87.76
jeevika77552@oksbi,1,ACC002161,3,239.38
adada577@okicici,1,ACC002162,0,0.0
farhanvohra169@okhdfcbank,1,ACC002163,0,0.0
qsood544@okhdfcbank,1,ACC002164,0,0.0
upkaaranand927@okaxis,1,ACC002165,2,234.85
zpatel362@okhdfcbank,1,ACC002166,0,0.0
ombanjeet841@okhdfcbank,1,ACC002167,3,39.69
ianand770@paytm,1,ACC002168,2,53.16
ekani64826@okhdfcbank,1,ACC002169,0,0.0
chokshiparth323@ybl,1,ACC002170,1,79.1
chaudharichavvi523@ybl,1,ACC002171,1,10.85
lakshitdara683@okaxis,1,ACC002172,0,0.0
utkarsh54884@ybl,1,ACC002173,2,46.9
chaitaly68791@okhdfcbank,1,ACC002174,1,12.58
sachinarayan381@okhdfcbank,1,ACC002175,1,20.28
ahujakrishna862@paytm,1,ACC002176,1,37.78
bhattindali759@ybl,1,ACC002177,0,0.0
divangagan346@ybl,1,ACC002178,2,117.58
sarmaraagini743@okaxis,1,ACC002179,1,40.95
ubadami450@okaxis,1,ACC002180,1,19.77
lakshit44611@okicici,1,ACC002181,4,132.64
trajan595@ybl,1,ACC002182,0,0.0
prabhuojasvi220@oksbi,1,ACC002183,1,11.18
bhavanibhakta524@okaxis,1,ACC002184,3,121.25
anita44435@okicici,1,ACC002185,1,19.25
paninichopra357@okhdfcbank,1,ACC002186,1,25.53
leenalal437@okicici,1,ACC002187,1,12.77
victor19975@oksbi,1,ACC002188,1,40.95
gpanchal575@paytm,1,ACC002189,1,37.78
vartylila37@ybl,1,ACC002190,2,190.15
fariq74828@okhdfcbank,1,ACC002191,5,143.98
chadhawarinder434@oksbi,1,ACC002192,2,31.73
bansalsamuel676@oksbi,1,ACC002193,1,10.83
fgarg910@okicici,1,ACC002194,1,56.35
kabir2658@okhdfcbank,1,ACC002195,1,35.0
chadhaharsh259@okicici,1,ACC002196,0,0.0
nicholas19750@paytm,1,ACC002197,1,20.28
unni16501@okhdfcbank,1,ACC002198,2,69.98
qkaul116@paytm,1,ACC002199,0,0.0
dprakash276@okicici,1,ACC002200,2,76.98
utkarshkumar220@okhdfcbank,1,ACC002201,3,42.68
jananibajwa578@ybl,1,ACC002202,1,53.18
bishakha26804@okhdfcbank,1,ACC002203,0,0.0
jkeer576@okaxis,1,ACC002204,0,0.0
tanveersane746@oksbi,1,ACC002205,1,12.6
aariniwadhwa302@paytm,1,ACC002206,1,12.58
krishnamurthychaitaly150@okhdfcbank,1,ACC002207,1,30.78
darbenjamin666@okicici,1,ACC002208,1,20.28
xalakgour764@ybl,1,ACC002209,2,213.66
buchanusha90@paytm,1,ACC002210,0,0.0
brindasuresh516@okicici,1,ACC002211,0,0.0
twarrior959@okicici,1,ACC002212,4,201.39
vdar594@okhdfcbank,1,ACC002213,2,65.78
kamya8375@okhdfcbank,1,ACC002214,0,0.0
psuri402@ybl,1,ACC002215,4,88.31
koshyradhika851@okaxis,1,ACC002216,2,78.36
pahalkulkarni57@oksbi,1,ACC002217,4,170.91
manthan52223@okhdfcbank,1,ACC002218,2,40.41
vbhavsar698@paytm,1,ACC002219,0,0.0
yashasvichaudhuri834@okhdfcbank,1,ACC002220,2,34.26
tthaker427@okaxis,1,ACC002221,0,0.0
fradoaggarwal112@okicici,1,ACC002222,2,176.78
watikabutala983@paytm,1,ACC002223,2,14.0
nisha25543@paytm,1,ACC002224,1,98.0
maanavkalla120@okaxis,1,ACC002225,1,12.58
lkorpal514@okaxis,1,ACC002226,4,422.76
faras12427@okicici,1,ACC002227,2,124.37
pvig563@ybl,1,ACC002228,4,291.32
bhagatdaniel481@ybl,1,ACC002229,1,40.25
odube786@okicici,1,ACC002230,1,40.95
tandonlucky178@okaxis,1,ACC002231,3,179.0
onveer0868@ybl,1,ACC002232,0,0.0
nandini29538@okaxis,1,ACC002233,1,17.15
badamidevika259@oksbi,1,ACC002234,1,70.0
choudharybalveer846@okhdfcbank,1,ACC002235,0,0.0
nbarman297@okicici,1,ACC002236,3,67.26
alka21630@ybl,1,ACC002237,1,98.0
hkrishna367@okhdfcbank,1,ACC002238,3,129.19
isankar815@okaxis,1,ACC002239,2,50.73
ydalia841@paytm,1,ACC002240,0,0.0
osha03249@okhdfcbank,1,ACC002241,4,91.29
golesamarth620@okhdfcbank,1,ACC002242,0,0.0
vasudha68582@okhdfcbank,1,ACC002243,3,61.4
neelrajagopalan748@okaxis,1,ACC002244,1,40.95
pranit51748@okicici,1,ACC002245,3,173.72
zarnanarasimhan424@okaxis,1,ACC002246,0,0.0
perichavvi671@oksbi,1,ACC002247,1,52.5
varenyaratta977@okhdfcbank,1,ACC002248,1,40.95
jeremiah94485@okicici,1,ACC002249,1,12.58
aarininarasimhan492@paytm,1,ACC002250,2,44.45
avnibhasin368@okaxis,1,ACC002251,3,54.93
ayaanahluwalia492@okaxis,1,ACC002252,2,90.65
pbhargava318@oksbi,1,ACC002253,0,0.0
amaragade602@oksbi,1,ACC002254,1,12.58
wardapatla457@ybl,1,ACC002255,2,36.4
zehaanchadha172@okaxis,1,ACC002256,0,0.0
nadigavni94@okhdfcbank,1,ACC002257,0,0.0
damyanti70795@okhdfcbank,1,ACC002258,4,185.83
fkade787@ybl,1,ACC002259,0,0.0
bediqarin84@ybl,1,ACC002260,0,0.0
balatanay212@okaxis,1,ACC002261,1,28.28
ekarajdayal893@oksbi,1,ACC002262,1,79.1
ybhalla477@ybl,1,ACC002263,5,588.68
rehaanpatla216@oksbi,1,ACC002264,0,0.0
nayarpranav646@ybl,1,ACC002265,3,78.66
pahal91742@okaxis,1,ACC002266,3,1065.03
simonchanda556@ybl,1,ACC002267,0,0.0
pandeyabha970@okaxis,1,ACC002268,1,11.17
tsathe902@okaxis,1,ACC002269,0,0.0
ybava392@okaxis,1,ACC002270,0,0.0
borabaghyawati764@okhdfcbank,1,ACC002271,3,66.85
ektakeer196@okhdfcbank,1,ACC002272,1,148.73
kmaster59@okhdfcbank,1,ACC002273,0,0.0
rehaan90266@paytm,1,ACC002274,0,0.0
samarthamble698@paytm,1,ACC002275,0,0.0
ethan0063@ybl,1,ACC002276,0,0.0
farhan3833@okhdfcbank,1,ACC002277,4,206.44
ishwar30475@okicici,1,ACC002278,1,20.65
amaira07663@okicici,1,ACC002279,0,0.0
sainipratyush187@okicici,1,ACC002280,0,0.0
chaitanya48540@okaxis,1,ACC002281,0,0.0
cvarma849@okicici,1,ACC002282,1,98.0
yadavipandit829@okhdfcbank,1,ACC002283,1,35.0
gopalraman223@oksbi,1,ACC002284,2,73.13
lverma207@ybl,1,ACC002285,1,104.28
zvig223@okicici,1,ACC002286,2,24.13
srivastavapanini838@paytm,1,ACC002287,3,64.01
charvisridhar61@okhdfcbank,1,ACC002288,2,71.08
ikshitakara721@okaxis,1,ACC002289,0,0.0
garageorge555@okhdfcbank,1,ACC002290,2,91.68
xavierthaker288@oksbi,1,ACC002291,3,105.48
shivanibhakta166@okaxis,1,ACC002292,0,0.0
zehaan26464@okhdfcbank,1,ACC002293,0,0.0
yug04949@ybl,1,ACC002294,2,110.25
gnarayan765@paytm,1,ACC002295,0,0.0
vrittigopal815@okaxis,1,ACC002296,1,117.25
sarthakjayaraman640@okhdfcbank,1,ACC002297,5,103.32
zehaan49343@paytm,1,ACC002298,1,39.96
upadhritideep98@paytm,1,ACC002299,1,35.0
kpillay652@ybl,1,ACC002300,2,93.1
vargheseikbal446@paytm,1,ACC002301,0,0.0
qsankar740@okhdfcbank,1,ACC002302,0,0.0
zsavant960@okicici,1,ACC002303,0,0.0
magarabhiram849@okhdfcbank,1,ACC002304,1,30.45
aramakrishnan980@paytm,1,ACC002305,1,37.27
sarkarmegha216@paytm,1,ACC002306,2,45.48
rastogiyash98@okaxis,1,ACC002307,2,110.25
chanchal75430@ybl,1,ACC002308,0,0.0
akota78@okicici,1,ACC002309,2,56.85
ojaskrish240@ybl,1,ACC002310,0,0.0
drajagopal333@paytm,1,ACC002311,1,22.65
yashoda10655@ybl,1,ACC002312,1,26.25
fsrinivasan16@ybl,1,ACC002313,2,22.01
garima4260@okaxis,1,ACC002314,1,79.1
upadhriti29584@ybl,1,ACC002315,2,77.0
varkeyfaqid574@okhdfcbank,1,ACC002316,2,33.02
zpadmanabhan343@paytm,1,ACC002317,0,0.0
jchadha140@okhdfcbank,1,ACC002318,0,0.0
cchandran399@oksbi,1,ACC002319,0,0.0
avi56941@okicici,1,ACC002320,1,20.65
samar26731@okhdfcbank,1,ACC002321,0,0.0
zaidwalla531@okaxis,1,ACC002322,0,0.0
wazirdhar229@ybl,1,ACC002323,0,0.0
pbanik200@ybl,1,ACC002324,2,129.46
blata792@okicici,1,ACC002325,1,12.58
nagygautam538@paytm,1,ACC002326,0,0.0
chandran47223@ybl,1,ACC002327,1,17.15
neelima86851@okaxis,1,ACC002328,1,40.95
naksh2224@okaxis,1,ACC002329,2,46.53
nchauhan629@okaxis,1,ACC002330,1,10.41
rtank463@okicici,1,ACC002331,0,0.0
nnagi40@oksbi,1,ACC002332,0,0.0
jhalak4453@paytm,1,ACC002333,2,36.55
urmi30492@okaxis,1,ACC002334,1,55.47
onkarkhalsa814@ybl,1,ACC002335,1,39.72
bmagar82@okicici,1,ACC002336,2,38.15
udarsh06296@paytm,1,ACC002337,0,0.0
wazirravi272@oksbi,1,ACC002338,2,40.74
yatan57915@paytm,1,ACC002339,4,452.53
wpatil996@okhdfcbank,1,ACC002340,1,17.15
triptihayre614@okicici,1,ACC002341,2,43.75
ishitaprakash410@oksbi,1,ACC002342,0,0.0
csura718@paytm,1,ACC002343,1,20.65
xkrishnamurthy971@ybl,1,ACC002344,2,67.68
lipikasibal64@oksbi,1,ACC002345,1,16.78
abeer4125@okaxis,1,ACC002346,4,54.14
hemangini31618@ybl,1,ACC002347,0,0.0
sanisachi882@oksbi,1,ACC002348,3,213.46
lakshmiratta598@okhdfcbank,1,ACC002349,0,0.0
chakrikamammen899@paytm,1,ACC002350,2,53.02
wdube546@okaxis,1,ACC002351,2,398.3
alexanderraju665@paytm,1,ACC002352,2,56.33
ydhingra749@paytm,1,ACC002353,0,0.0
thakerorinder839@paytm,1,ACC002354,0,0.0
tnagy68@okaxis,1,ACC002355,2,102.47
chaitaly30270@ybl,1,ACC002356,2,44.1
goyalpahal734@okaxis,1,ACC002357,0,0.0
bhavna67530@okicici,1,ACC002358,1,17.5
zashilkibe246@oksbi,1,ACC002359,1,11.9
omtanveer600@ybl,1,ACC002360,1,20.28
peter19142@oksbi,1,ACC002361,1,5.6
virkadvaith756@okicici,1,ACC002362,0,0.0
wyatt79573@paytm,1,ACC002363,0,0.0
bhavini01457@oksbi,1,ACC002364,0,0.0
satherobert919@okaxis,1,ACC002365,1,16.78
jhafrado158@ybl,1,ACC002366,2,32.86
mitrasaksham95@okicici,1,ACC002367,0,0.0
vanyabiswas238@okhdfcbank,1,ACC002368,0,0.0
tgarg747@paytm,1,ACC002369,1,43.75
ganesanvedhika332@okicici,1,ACC002370,3,143.15
misraisha341@okicici,1,ACC002371,1,26.95
noahnarula599@okicici,1,ACC002372,0,0.0
garimachakraborty71@okicici,1,ACC002373,3,222.58
balendrapanchal982@okhdfcbank,1,ACC002374,1,13.65
hritiktella631@ybl,1,ACC002375,1,183.4
balpriya812@ybl,1,ACC002376,1,5.25
singhalharini836@ybl,1,ACC002377,2,21.33
rehaan28133@paytm,1,ACC002378,0,0.0
yashawinichaudhuri865@ybl,1,ACC002379,0,0.0
khoslajanaki796@okaxis,1,ACC002380,2,71.63
pushtidhingra757@okaxis,1,ACC002381,2,58.78
planka959@okicici,1,ACC002382,0,0.0
frado70709@okaxis,1,ACC002383,2,37.78
netraraj793@ybl,1,ACC002384,0,0.0
omisha06109@oksbi,1,ACC002385,1,105.0
dmani959@okaxis,1,ACC002386,0,0.0
watikasubramaniam167@okaxis,1,ACC002387,2,43.09
natwal339@oksbi,1,ACC002388,0,0.0
cmitter751@okicici,1,ACC002389,1,40.95
hemang2982@okhdfcbank,1,ACC002390,1,43.75
farhan07279@oksbi,1,ACC002391,3,84.97
qkhare870@ybl,1,ACC002392,0,0.0
fkumar14@oksbi,1,ACC002393,0,0.0
ishanviganesh521@ybl,1,ACC002394,1,17.5
chandtheodore915@okicici,1,ACC002395,0,0.0
anita77963@paytm,1,ACC002396,2,176.45
hmukherjee488@paytm,1,ACC002397,2,30.8
tejassheth366@okicici,1,ACC002398,1,45.83
ekantikashan438@ybl,1,ACC002399,1,40.95
widisha56470@oksbi,1,ACC002400,1,37.78
charitaram783@paytm,1,ACC002401,0,0.0
anaypatla803@okaxis,1,ACC002402,2,59.15
sandaljeremiah938@ybl,1,ACC002403,1,13.65
niharika90198@okhdfcbank,1,ACC002404,0,0.0
ekaja01699@okhdfcbank,1,ACC002405,1,30.45
jnath641@oksbi,1,ACC002406,2,49.31
zehaan35449@ybl,1,ACC002407,2,58.41
zrandhawa756@okaxis,1,ACC002408,1,16.78
sarthak70876@okaxis,1,ACC002409,2,85.4
bhanumati07921@okaxis,1,ACC002410,1,70.35
oratta451@okicici,1,ACC002411,2,31.5
orindernarasimhan563@okhdfcbank,1,ACC002412,0,0.0
xmemon426@okaxis,1,ACC002413,2,45.46
agrawaltanmayi648@okhdfcbank,1,ACC002414,1,20.65
naveen38388@okicici,1,ACC002415,0,0.0
michaelshukla987@paytm,1,ACC002416,1,10.15
advikrajagopal752@oksbi,1,ACC002417,0,0.0
ekanivyas326@ybl,1,ACC002418,0,0.0
bakhshi8560@paytm,1,ACC002419,2,119.33
dev08650@ybl,1,ACC002420,1,8.4
hkarnik240@oksbi,1,ACC002421,2,46.88
hrattan210@okicici,1,ACC002422,0,0.0
qsrinivas473@okhdfcbank,1,ACC002423,0,0.0
aahanashukla665@paytm,1,ACC002424,0,0.0
sahotasara828@okicici,1,ACC002425,0,0.0
ishitaramaswamy604@okhdfcbank,1,ACC002426,0,0.0
kai60511@okaxis,1,ACC002427,0,0.0
warora19@ybl,1,ACC002428,0,0.0
utkarshmukhopadhyay415@ybl,1,ACC002429,1,40.95
ikapadia541@ybl,1,ACC002430,0,0.0
chandani39644@oksbi,1,ACC002431,1,35.0
bhandaridayita195@okicici,1,ACC002432,5,199.5
bhanumatimutti523@oksbi,1,ACC002433,1,179.18
kuruvillaabha909@paytm,1,ACC002434,0,0.0
balveerbalakrishnan685@okaxis,1,ACC002435,1,59.85
gavinkaul250@okaxis,1,ACC002436,1,175.68
fpingle702@okhdfcbank,1,ACC002437,5,154.65
sabharwalzaid36@okicici,1,ACC002438,1,382.9
mittaldivya918@ybl,1,ACC002439,2,46.53
finnbalay577@paytm,1,ACC002440,0,0.0
barkhapandit983@paytm,1,ACC002441,1,9.08
bansalakshay546@oksbi,1,ACC002442,1,10.5
urishilla75482@okaxis,1,ACC002443,1,17.5
evarughese362@ybl,1,ACC002444,0,0.0
rdatta205@oksbi,1,ACC002445,5,131.21
oparmar423@okicici,1,ACC002446,5,220.82
gavinbhagat263@paytm,1,ACC002447,0,0.0
choudhuryyasti533@okicici,1,ACC002448,0,0.0
pyohannan522@paytm,1,ACC002449,1,14.0
aarnaarora275@okicici,1,ACC002450,1,35.0
fpalla273@oksbi,1,ACC002451,1,10.15
ebahl895@okicici,1,ACC002452,1,23.78
ekiyakonda653@oksbi,1,ACC002453,2,114.1
hmajumdar280@okicici,1,ACC002454,0,0.0
yadavi13845@paytm,1,ACC002455,0,0.0
narulachameli40@paytm,1,ACC002456,1,87.5
dominic96110@okhdfcbank,1,ACC002457,2,71.04
nbose935@ybl,1,ACC002458,2,48.28
tdara271@ybl,1,ACC002459,1,26.95
ipalla496@okhdfcbank,1,ACC002460,1,132.3
rradhakrishnan921@okhdfcbank,1,ACC002461,1,20.28
jasonpillai364@okhdfcbank,1,ACC002462,2,17.95
qanne374@okicici,1,ACC002463,0,0.0
thomaspalla203@okhdfcbank,1,ACC002464,0,0.0
vrishti07588@okhdfcbank,1,ACC002465,1,7.87
bhattnitara410@paytm,1,ACC002466,1,40.95
vidhiwadhwa59@oksbi,1,ACC002467,0,0.0
jeevikakrishnan297@ybl,1,ACC002468,3,251.3
jagvihayre280@okaxis,1,ACC002469,0,0.0
girish58992@ybl,1,ACC002470,0,0.0
asheth475@okicici,1,ACC002471,1,39.55
wazirnath554@okicici,1,ACC002472,3,77.42
jagvinagar415@ybl,1,ACC002473,2,70.0
bakshichandani342@paytm,1,ACC002474,0,0.0
khareyadavi603@oksbi,1,ACC002475,2,54.56
sarthak70828@ybl,1,ACC002476,4,111.44
girindra22381@paytm,1,ACC002477,2,91.0
kavya68247@paytm,1,ACC002478,2,25.53
dadaeta509@paytm,1,ACC002479,0,0.0
frastogi796@okhdfcbank,1,ACC002480,0,0.0
divyamukherjee170@okaxis,1,ACC002481,1,4.74
chandryan781@okhdfcbank,1,ACC002482,1,14.0
handasamar211@okhdfcbank,1,ACC002483,0,0.0
alexandershah476@okicici,1,ACC002484,3,155.05
dhargirish162@ybl,1,ACC002485,2,15.67
maanav58813@oksbi,1,ACC002486,0,0.0
jatin6137@paytm,1,ACC002487,1,232.4
mitesh55939@paytm,1,ACC002488,1,26.95
upasna18881@oksbi,1,ACC002489,0,0.0
dalaja61485@okicici,1,ACC002490,2,29.71
purohitchanchal613@okaxis,1,ACC002491,0,0.0
narayanpooja687@okaxis,1,ACC002492,0,0.0
riya48560@okaxis,1,ACC002493,4,284.53
dixitekanta896@ybl,1,ACC002494,1,59.85
aarushdua167@okhdfcbank,1,ACC002495,0,0.0
vedhika05747@okhdfcbank,1,ACC002496,1,35.0
lallawishi421@oksbi,1,ACC002497,2,55.65
ltandon741@oksbi,1,ACC002498,0,0.0
batrayashasvi58@paytm,1,ACC002499,0,0.0
sameshkorpal590@okaxis,1,ACC002500,1,0.17
meghanapall566@okhdfcbank,1,ACC002501,0,0.0
mugdha82989@ybl,1,ACC002502,0,0.0
purohitrushil427@okhdfcbank,1,ACC002503,0,0.0
mukherjeenisha585@oksbi,1,ACC002504,4,135.8
yaminisaran338@okhdfcbank,1,ACC002505,1,140.0
zganesh140@paytm,1,ACC002506,1,34.77
godabalveer225@ybl,1,ACC002507,1,8.75
psama505@ybl,1,ACC002508,0,0.0
manthan07672@paytm,1,ACC002509,1,211.4
pahalsheth164@okhdfcbank,1,ACC002510,0,0.0
pillaiutkarsh428@okhdfcbank,1,ACC002511,1,33.95
turvi407@okhdfcbank,1,ACC002512,0,0.0
vkalla23@okaxis,1,ACC002513,2,170.56
parth12391@oksbi,1,ACC002514,0,0.0
zachariahekapad576@okicici,1,ACC002515,1,13.04
indira6557@oksbi,1,ACC002516,0,0.0
lkari999@ybl,1,ACC002517,2,45.5
yauvaninaik372@oksbi,1,ACC002518,1,40.95
kwali247@okhdfcbank,1,ACC002519,1,17.15
kaurmaya486@paytm,1,ACC002520,1,79.1
sandhuutkarsh667@oksbi,1,ACC002521,1,20.28
yrai691@ybl,1,ACC002522,0,0.0
jyoti08347@okaxis,1,ACC002523,1,109.18
ccontractor280@ybl,1,ACC002524,0,0.0
fmenon329@okaxis,1,ACC002525,0,0.0
karnikforum221@paytm,1,ACC002526,0,0.0
kalaimaran336@okicici,1,ACC002527,1,10.15
masonwarrior520@okaxis,1,ACC002528,1,10.15
rajata43729@ybl,1,ACC002529,0,0.0
champakbumb641@okhdfcbank,1,ACC002530,2,134.75
anika73487@okicici,1,ACC002531,3,106.26
dloyal161@oksbi,1,ACC002532,0,0.0
ranganathankritika693@ybl,1,ACC002533,0,0.0
mohantyzarna514@oksbi,1,ACC002534,1,37.97
neel4137@okaxis,1,ACC002535,0,0.0
wmody255@ybl,1,ACC002536,1,52.5
jeremiah83229@okicici,1,ACC002537,3,34.22
chokshisanya632@okicici,1,ACC002538,2,283.57
priya79870@okaxis,1,ACC002539,0,0.0
brahmbhattryan47@okhdfcbank,1,ACC002540,3,149.74
patilnicholas4@ybl,1,ACC002541,2,28.32
vrishtichacko697@ybl,1,ACC002542,0,0.0
masterucchal298@okhdfcbank,1,ACC002543,1,79.1
dakshesh13938@okicici,1,ACC002544,0,0.0
thakkarmitali378@paytm,1,ACC002545,1,61.76
neel40694@okhdfcbank,1,ACC002546,5,300.37
rayaankota940@paytm,1,ACC002547,0,0.0
beralogan709@okhdfcbank,1,ACC002548,1,20.65
chokshiluke722@ybl,1,ACC002549,1,117.25
agateagastya219@oksbi,1,ACC002550,3,65.41
uben108@ybl,1,ACC002551,0,0.0
bariajanani745@oksbi,1,ACC002552,0,0.0
ronithlata829@oksbi,1,ACC002553,3,91.81
dadarachana657@paytm,1,ACC002554,1,37.78
mishragautami2@ybl,1,ACC002555,2,34.3
anthonyrajagopal791@okaxis,1,ACC002556,0,0.0
devshankar48@paytm,1,ACC002557,0,0.0
alexanderbhargava486@oksbi,1,ACC002558,0,0.0
bhavani1076@paytm,1,ACC002559,0,0.0
rachitsabharwal412@paytm,1,ACC002560,0,0.0
wriddhish2962@paytm,1,ACC002561,1,47.23
jshetty784@okicici,1,ACC002562,1,17.5
ravalxalak955@ybl,1,ACC002563,1,98.0
darsh37572@paytm,1,ACC002564,1,15.27
ogulati959@ybl,1,ACC002565,0,0.0
charitamodi213@okaxis,1,ACC002566,1,10.83
hitesh79817@paytm,1,ACC002567,0,0.0
senguptaliam426@okhdfcbank,1,ACC002568,4,65.76
mitrapranit575@okaxis,1,ACC002569,1,3.85
pnayak210@paytm,1,ACC002570,0,0.0
balvansabharwal773@okicici,1,ACC002571,0,0.0
doak896@okhdfcbank,1,ACC002572,2,24.83
asrinivas161@okhdfcbank,1,ACC002573,2,26.58
upkaarganesan326@ybl,1,ACC002574,3,65.19
mohini75848@okhdfcbank,1,ACC002575,1,37.78
ckeer91@okaxis,1,ACC002576,2,55.28
qsunder374@ybl,1,ACC002577,0,0.0
tjain31@okaxis,1,ACC002578,0,0.0
xvyas653@okaxis,1,ACC002579,1,17.15
sanghvichandran821@okhdfcbank,1,ACC002580,4,362.0
umangvarkey904@ybl,1,ACC002581,0,0.0
yahvibarad104@paytm,1,ACC002582,1,20.65
ndeo570@ybl,1,ACC002583,1,9.08
madanwakeeta391@paytm,1,ACC002584,1,3.1
harinakshirajagopal853@okicici,1,ACC002585,1,20.65
kulkarniamruta118@paytm,1,ACC002586,3,78.85
vaidyazansi213@okhdfcbank,1,ACC002587,2,61.6
qbakshi816@okicici,1,ACC002588,1,22.03
shahjanya681@okhdfcbank,1,ACC002589,5,64.73
njaggi71@okaxis,1,ACC002590,2,58.1
vedhikachauhan29@ybl,1,ACC002591,5,348.76
rudragandhi251@ybl,1,ACC002592,2,68.75
jagatsahota387@okicici,1,ACC002593,0,0.0
nathan31434@okhdfcbank,1,ACC002594,3,87.49
anayhans89@okicici,1,ACC002595,0,0.0
khuranacharvi673@okicici,1,ACC002596,5,72.28
mgupta351@ybl,1,ACC002597,0,0.0
dhritiratta651@okaxis,1,ACC002598,1,43.75
kundarushil706@okicici,1,ACC002599,0,0.0
uraghavan23@ybl,1,ACC002600,1,10.83
saisethi820@paytm,1,ACC002601,0,0.0
karaarini30@okhdfcbank,1,ACC002602,1,26.25
dhingraagastya685@okhdfcbank,1,ACC002603,1,73.48
smann537@paytm,1,ACC002604,2,141.38
nidhisachdev631@okhdfcbank,1,ACC002605,0,0.0
abhiramsathe700@paytm,1,ACC002606,2,291.18
bhavinibhakta467@ybl,1,ACC002607,2,23.8
qsami5@oksbi,1,ACC002608,0,0.0
vsule794@oksbi,1,ACC002609,0,0.0
kbatta192@okaxis,1,ACC002610,0,0.0
vohramegha497@okhdfcbank,1,ACC002611,1,20.28
kallaojas593@oksbi,1,ACC002612,1,17.15
etakeer569@ybl,1,ACC002613,1,37.78
yachanaramesh801@okicici,1,ACC002614,2,161.68
amaira02391@paytm,1,ACC002615,1,35.0
ranveer61464@ybl,1,ACC002616,2,138.93
rattawahab267@okaxis,1,ACC002617,1,256.23
kdesai281@okicici,1,ACC002618,0,0.0
lavanya38303@paytm,1,ACC002619,0,0.0
ayushman72908@paytm,1,ACC002620,2,148.75
skala525@paytm,1,ACC002621,3,53.51
bahadurjitshroff601@oksbi,1,ACC002622,2,64.73
vivaan69882@okhdfcbank,1,ACC002623,4,148.4
gandhivamakshi648@okicici,1,ACC002624,4,110.84
charvi04364@paytm,1,ACC002625,1,10.48
balasubramanianchatura495@oksbi,1,ACC002626,1,70.0
bajwaosha182@oksbi,1,ACC002627,2,19.58
wganesh493@okicici,1,ACC002628,1,20.63
sahotaekiya969@okaxis,1,ACC002629,0,0.0
amoldalal395@okicici,1,ACC002630,0,0.0
tgill661@oksbi,1,ACC002631,0,0.0
mallickzansi822@ybl,1,ACC002632,1,37.45
raghav17583@okaxis,1,ACC002633,0,0.0
jyotisachdev13@oksbi,1,ACC002634,1,49.35
urvashibatra166@paytm,1,ACC002635,3,149.1
wwarrior853@okicici,1,ACC002636,1,18.89
ranganathanabdul747@oksbi,1,ACC002637,0,0.0
rehaanwable32@okicici,1,ACC002638,3,69.28
buchdayamai865@okaxis,1,ACC002639,2,58.78
yluthra80@ybl,1,ACC002640,0,0.0
rdoctor95@ybl,1,ACC002641,2,80.48
ekajanarang340@paytm,1,ACC002642,1,37.78
haldernitara741@oksbi,1,ACC002643,0,0.0
ridhi72801@okhdfcbank,1,ACC002644,1,59.85
cheemasanaya768@paytm,1,ACC002645,3,190.44
vedasule579@okhdfcbank,1,ACC002646,1,79.91
buchxavier109@okaxis,1,ACC002647,1,20.65
jason43621@okhdfcbank,1,ACC002648,3,189.75
qvarma126@okaxis,1,ACC002649,1,19.07
asuri949@oksbi,1,ACC002650,0,0.0
chandani22941@ybl,1,ACC002651,2,47.03
groverekaraj713@okhdfcbank,1,ACC002652,0,0.0
omya12845@ybl,1,ACC002653,1,20.28
lakshmi29854@okicici,1,ACC002654,3,78.75
wriddhish59231@okhdfcbank,1,ACC002655,1,40.95
jsawhney846@ybl,1,ACC002656,1,30.45
pateljagdish701@okicici,1,ACC002657,0,0.0
karnikmitali620@okicici,1,ACC002658,5,184.02
wde392@ybl,1,ACC002659,2,36.39
sbala954@paytm,1,ACC002660,5,143.47
ranbir86154@okhdfcbank,1,ACC002661,1,20.65
benjaminmohanty12@paytm,1,ACC002662,4,139.26
noridayita729@oksbi,1,ACC002663,1,7.39
udyatichand597@paytm,1,ACC002664,3,119.35
sloyal616@okhdfcbank,1,ACC002665,1,37.78
samarth97424@ybl,1,ACC002666,0,0.0
cbala851@paytm,1,ACC002667,0,0.0
janaki92596@okaxis,1,ACC002668,0,0.0
bachittarsunder56@ybl,1,ACC002669,0,0.0
pillaisamesh311@oksbi,1,ACC002670,2,31.85
kibebalendra143@okhdfcbank,1,ACC002671,1,17.5
logan56297@ybl,1,ACC002672,3,137.53
radharandhawa201@okaxis,1,ACC002673,2,122.5
advaychoudhury206@okhdfcbank,1,ACC002674,2,18.0
azaan42819@ybl,1,ACC002675,1,155.75
tmangal696@okaxis,1,ACC002676,1,20.28
kalpitsodhi583@okaxis,1,ACC002677,0,0.0
yashicaprakash315@okhdfcbank,1,ACC002678,1,72.1
ekiya86510@paytm,1,ACC002679,0,0.0
karankabir375@okaxis,1,ACC002680,0,0.0
chakradev01600@ybl,1,ACC002681,1,16.78
peterborra802@ybl,1,ACC002682,0,0.0
unni03731@okhdfcbank,1,ACC002683,2,25.55
ishanviom786@ybl,1,ACC002684,1,5.33
fyohannan916@ybl,1,ACC002685,2,96.25
nsane179@okhdfcbank,1,ACC002686,2,40.93
xzacharia447@okaxis,1,ACC002687,1,51.08
chandani62331@okicici,1,ACC002688,3,69.63
chakrikadugal589@okicici,1,ACC002689,2,148.75
kumarucchal429@okaxis,1,ACC002690,0,0.0
batrakabir179@paytm,1,ACC002691,1,9.19
peter63343@paytm,1,ACC002692,1,23.47
upmasant156@okicici,1,ACC002693,0,0.0
ssengupta559@okicici,1,ACC002694,1,109.53
palldavid738@okicici,1,ACC002695,2,72.78
ztaneja19@ybl,1,ACC002696,4,553.93
ayush67342@okhdfcbank,1,ACC002697,0,0.0
gvarma35@okhdfcbank,1,ACC002698,0,0.0
chakradevbasak59@okicici,1,ACC002699,0,0.0
sai15721@ybl,1,ACC002700,2,357.83
narainnoah761@okicici,1,ACC002701,0,0.0
libnikulkarni922@oksbi,1,ACC002702,2,67.82
moreviraj162@okaxis,1,ACC002703,4,100.39
vkeer162@oksbi,1,ACC002704,2,50.5
arunima98916@paytm,1,ACC002705,2,47.6
advika60572@oksbi,1,ACC002706,4,188.61
jprabhakar320@paytm,1,ACC002707,1,9.08
hardik08686@okaxis,1,ACC002708,0,0.0
bhavinisachdev561@okicici,1,ACC002709,1,18.9
gulatiridhi821@okicici,1,ACC002710,3,68.56
vaishnavi33301@paytm,1,ACC002711,0,0.0
nreddy601@oksbi,1,ACC002712,1,16.78
pavani52256@okicici,1,ACC002713,1,37.78
panini61630@okaxis,1,ACC002714,1,20.28
saksham10461@okaxis,1,ACC002715,0,0.0
tkunda216@okaxis,1,ACC002716,1,40.95
farajkannan202@oksbi,1,ACC002717,1,35.0
dnori905@ybl,1,ACC002718,3,70.67
wdubey578@okaxis,1,ACC002719,4,86.2
ygaba819@okicici,1,ACC002720,0,0.0
naidubachittar125@ybl,1,ACC002721,0,0.0
warinderagrawal126@okicici,1,ACC002722,0,0.0
devibarkha364@okicici,1,ACC002723,2,9.94
smitter328@okaxis,1,ACC002724,2,23.15
gautami54945@okaxis,1,ACC002725,0,0.0
adityavarghese795@okhdfcbank,1,ACC002726,2,676.51
oliver03422@paytm,1,ACC002727,0,0.0
abhiram49999@paytm,1,ACC002728,0,0.0
charan52696@paytm,1,ACC002729,0,0.0
maanasvirk225@ybl,1,ACC002730,1,79.1
golechaaya81@oksbi,1,ACC002731,1,16.78
qroy516@oksbi,1,ACC002732,1,26.25
gardemitesh227@oksbi,1,ACC002733,0,0.0
nitarashenoy593@oksbi,1,ACC002734,0,0.0
karsanya157@okicici,1,ACC002735,0,0.0
dubeyutkarsh804@okhdfcbank,1,ACC002736,3,55.92
yashasvimanda738@ybl,1,ACC002737,1,17.15
nyohannan363@ybl,1,ACC002738,0,0.0
ajohal337@okicici,1,ACC002739,0,0.0
cbaria499@okicici,1,ACC002740,1,17.15
gchaudhry13@okhdfcbank,1,ACC002741,2,80.48
ethan24824@okhdfcbank,1,ACC002742,1,49.17
balvanvarma348@okhdfcbank,1,ACC002743,2,37.8
chaudharyaadi49@paytm,1,ACC002744,0,0.0
qbali269@okhdfcbank,1,ACC002745,1,37.22
dayita16411@okhdfcbank,1,ACC002746,2,87.5
aarnav05453@paytm,1,ACC002747,1,52.5
lroy769@oksbi,1,ACC002748,1,43.75
bobalthomas241@okaxis,1,ACC002749,1,40.95
madhav10306@okhdfcbank,1,ACC002750,1,5.39
rohanrajagopal853@okicici,1,ACC002751,1,14.0
warora123@okaxis,1,ACC002752,1,14.35
bhanumati66892@oksbi,1,ACC002753,0,0.0
finnparikh938@okaxis,1,ACC002754,0,0.0
tanviramachandran357@okhdfcbank,1,ACC002755,0,0.0
fpurohit54@ybl,1,ACC002756,0,0.0
joshua70404@okhdfcbank,1,ACC002757,1,117.25
mandnirja423@okhdfcbank,1,ACC002758,0,0.0
saumyachakrabarti820@ybl,1,ACC002759,0,0.0
timothy68155@paytm,1,ACC002760,1,8.91
pratyush73444@okaxis,1,ACC002761,1,37.78
dominicsalvi615@okhdfcbank,1,ACC002762,1,10.83
jonathandutt287@okicici,1,ACC002763,0,0.0
ishita30598@okicici,1,ACC002764,0,0.0
ldugal110@paytm,1,ACC002765,0,0.0
vincentpadmanabhan491@oksbi,1,ACC002766,0,0.0
skala35@okicici,1,ACC002767,1,40.95
nidra70751@ybl,1,ACC002768,0,0.0
babuanusha673@oksbi,1,ACC002769,0,0.0
aadidara711@okicici,1,ACC002770,0,0.0
ladonveer639@okhdfcbank,1,ACC002771,0,0.0
rakshathaman742@paytm,1,ACC002772,1,84.0
balendra59856@okicici,1,ACC002773,2,144.24
harshpadmanabhan544@ybl,1,ACC002774,0,0.0
triya57653@oksbi,1,ACC002775,1,12.07
tanay42829@ybl,1,ACC002776,1,20.65
kchand443@paytm,1,ACC002777,4,73.29
fiyazchada705@okhdfcbank,1,ACC002778,0,0.0
tanishsunder906@okhdfcbank,1,ACC002779,0,0.0
ekanikanda984@paytm,1,ACC002780,0,0.0
falgunibanerjee331@okhdfcbank,1,ACC002781,1,12.58
yadavekiya155@ybl,1,ACC002782,1,127.56
fbhardwaj65@ybl,1,ACC002783,0,0.0
wahab75274@okhdfcbank,1,ACC002784,1,6.83
barkha72767@okicici,1,ACC002785,3,119.31
lajitachandran858@okhdfcbank,1,ACC002786,1,59.85
waliaarnav70@paytm,1,ACC002787,0,0.0
vivaansubramaniam542@okhdfcbank,1,ACC002788,1,107.97
semsara224@paytm,1,ACC002789,1,105.0
kabirsavant729@paytm,1,ACC002790,0,0.0
aradhanashenoy78@paytm,1,ACC002791,0,0.0
gkrish479@oksbi,1,ACC002792,0,0.0
gunbir46580@okicici,1,ACC002793,1,33.95
sarthak70577@okhdfcbank,1,ACC002794,3,198.43
soniwatika315@okhdfcbank,1,ACC002795,1,55.98
gavin36975@oksbi,1,ACC002796,1,16.78
karnikkabir49@okicici,1,ACC002797,0,0.0
borralajita839@ybl,1,ACC002798,0,0.0
praneel31576@okhdfcbank,1,ACC002799,1,29.03
triyaratti35@paytm,1,ACC002800,0,0.0
borrajagrati837@ybl,1,ACC002801,4,84.08
zashilmodi971@oksbi,1,ACC002802,0,0.0
srivastavachandresh185@okaxis,1,ACC002803,1,52.5
ayush7723@okicici,1,ACC002804,1,10.33
janani54499@paytm,1,ACC002805,0,0.0
nayakwaida582@paytm,1,ACC002806,0,0.0
fram847@okaxis,1,ACC002807,0,0.0
thakernilima914@paytm,1,ACC002808,0,0.0
yugcontractor575@ybl,1,ACC002809,1,16.78
jhalak17156@okhdfcbank,1,ACC002810,1,107.55
udarsh5541@okaxis,1,ACC002811,2,88.18
dalajasridhar434@ybl,1,ACC002812,0,0.0
alkabutala119@ybl,1,ACC002813,2,37.94
duttomaja377@paytm,1,ACC002814,0,0.0
kohlimadhav802@okhdfcbank,1,ACC002815,0,0.0
lohit94842@ybl,1,ACC002816,0,0.0
asama20@paytm,1,ACC002817,0,0.0
garimamallick481@paytm,1,ACC002818,1,20.65
xchand853@ybl,1,ACC002819,1,32.24
asingh617@okaxis,1,ACC002820,2,153.3
umital614@okicici,1,ACC002821,2,37.43
benbarkha668@okaxis,1,ACC002822,1,84.0
quppal267@ybl,1,ACC002823,2,25.42
tanvi1016@ybl,1,ACC002824,1,20.65
tmallick493@okicici,1,ACC002825,1,90.98
yohannanqushi504@okaxis,1,ACC002826,2,37.26
wraju686@ybl,1,ACC002827,0,0.0
wasonaarav305@okicici,1,ACC002828,1,5.25
anirudh22136@ybl,1,ACC002829,5,362.52
sarinpooja755@ybl,1,ACC002830,1,16.78
bajajtanish146@ybl,1,ACC002831,4,150.13
ysetty647@okaxis,1,ACC002832,0,0.0
hmuni28@okhdfcbank,1,ACC002833,0,0.0
priya14182@ybl,1,ACC002834,4,171.5
amoluppal468@okaxis,1,ACC002835,3,51.95
neelima27107@oksbi,1,ACC002836,0,0.0
damyanti62321@paytm,1,ACC002837,0,0.0
balazilmil545@oksbi,1,ACC002838,3,326.2
chasmumgole4@okaxis,1,ACC002839,2,96.6
tdey97@paytm,1,ACC002840,2,204.4
bainsazaan792@ybl,1,ACC002841,1,83.98
sravel269@ybl,1,ACC002842,0,0.0
nidhi85839@okaxis,1,ACC002843,0,0.0
ikshitabhagat200@okhdfcbank,1,ACC002844,1,35.0
ztripathi897@okicici,1,ACC002845,1,10.69
lajitasoman336@oksbi,1,ACC002846,1,40.95
aadhyaranganathan144@oksbi,1,ACC002847,5,1107.7
anjalikhare633@okhdfcbank,1,ACC002848,2,53.53
adweta6370@paytm,1,ACC002849,0,0.0
ojasloke959@ybl,1,ACC002850,2,116.88
rajata51177@okhdfcbank,1,ACC002851,2,102.51
rjhaveri339@okhdfcbank,1,ACC002852,5,216.11
abdul85259@okhdfcbank,1,ACC002853,0,0.0
upadhritibanik679@paytm,1,ACC002854,0,0.0
ipandya815@okicici,1,ACC002855,0,0.0
ucomar338@ybl,1,ACC002856,0,0.0
iatwal172@okicici,1,ACC002857,0,0.0
saikakar542@oksbi,1,ACC002858,1,17.5
sachibir117@paytm,1,ACC002859,1,52.5
keyaprabhu141@okaxis,1,ACC002860,1,35.0
pateldeepa791@okhdfcbank,1,ACC002861,0,0.0
saininidhi587@ybl,1,ACC002862,1,5.77
gopalram638@paytm,1,ACC002863,5,211.52
amenon164@okicici,1,ACC002864,1,12.18
manbirsodhi634@oksbi,1,ACC002865,2,50.05
baradjatin295@oksbi,1,ACC002866,2,54.56
nayarcharita965@oksbi,1,ACC002867,0,0.0
okota785@okaxis,1,ACC002868,1,10.15
wandra503@okhdfcbank,1,ACC002869,0,0.0
geetika51324@okicici,1,ACC002870,2,113.75
miteshgaba271@okaxis,1,ACC002871,3,48.33
dintarak886@okaxis,1,ACC002872,0,0.0
advaychana29@okhdfcbank,1,ACC002873,2,72.48
tanaybobal351@ybl,1,ACC002874,2,31.82
janujavaidya518@okicici,1,ACC002875,2,467.25
umangdyal196@ybl,1,ACC002876,1,20.28
dalaja353@okhdfcbank,1,ACC002877,3,78.34
ati50585@okicici,1,ACC002878,1,35.0
geetikarege559@okhdfcbank,1,ACC002879,0,0.0
varghesegeetika480@oksbi,1,ACC002880,4,112.33
babufrado835@ybl,1,ACC002881,1,29.03
dbutala285@ybl,1,ACC002882,0,0.0
idugar983@ybl,1,ACC002883,2,43.73
uchanda687@okaxis,1,ACC002884,0,0.0
gautam94538@okhdfcbank,1,ACC002885,3,134.39
quincysrinivasan729@oksbi,1,ACC002886,1,73.48
tanay41111@okhdfcbank,1,ACC002887,0,0.0
achawla17@okaxis,1,ACC002888,0,0.0
joshua85745@ybl,1,ACC002889,0,0.0
dhillonyashica296@ybl,1,ACC002890,1,20.28
qmisra142@okicici,1,ACC002891,2,38.83
reyanshtak85@okaxis,1,ACC002892,0,0.0
ybansal401@okhdfcbank,1,ACC002893,2,39.53
obahri816@oksbi,1,ACC002894,1,17.5
urvivarughese664@ybl,1,ACC002895,2,9.76
chakrika90478@okhdfcbank,1,ACC002896,1,23.78
ekalingakota171@okicici,1,ACC002897,4,180.27
praneelben322@okaxis,1,ACC002898,1,37.78
pranav56766@oksbi,1,ACC002899,1,52.85
tsinha661@ybl,1,ACC002900,1,117.25
hemaloyal280@paytm,1,ACC002901,0,0.0
mnarang1@ybl,1,ACC002902,1,30.78
daramohammed211@okaxis,1,ACC002903,0,0.0
simonrandhawa717@okicici,1,ACC002904,0,0.0
rushil98365@okhdfcbank,1,ACC002905,0,0.0
xborra147@ybl,1,ACC002906,0,0.0
chhabraupma797@okicici,1,ACC002907,0,0.0
ryan29186@oksbi,1,ACC002908,0,0.0
ethanmishra268@oksbi,1,ACC002909,1,40.95
yachana58806@okicici,1,ACC002910,3,75.97
rohan92779@okaxis,1,ACC002911,1,17.15
kandaishwar637@oksbi,1,ACC002912,0,0.0
jackmalhotra120@paytm,1,ACC002913,2,131.95
esrivastava410@okaxis,1,ACC002914,0,0.0
guptaojasvi405@oksbi,1,ACC002915,1,7.33
tejasbalakrishnan404@okicici,1,ACC002916,1,177.78
lsachdev727@ybl,1,ACC002917,0,0.0
zansi84545@oksbi,1,ACC002918,1,20.65
kamalagole809@okicici,1,ACC002919,2,101.25
rachita41655@okicici,1,ACC002920,1,19.07
uagrawal132@okicici,1,ACC002921,1,21.32
nagarishwar229@okicici,1,ACC002922,1,5.25
bahadurjitmahal97@ybl,1,ACC002923,0,0.0
grewaltristan947@okaxis,1,ACC002924,1,17.5
subramanianvivaan115@okhdfcbank,1,ACC002925,0,0.0
omajatripathi216@paytm,1,ACC002926,1,8.75
williamhayer708@okicici,1,ACC002927,0,0.0
ishita78323@okaxis,1,ACC002928,4,717.56
vyanjana76352@okaxis,1,ACC002929,0,0.0
meghana80215@okaxis,1,ACC002930,1,82.93
oshabhatnagar762@okicici,1,ACC002931,0,0.0
falanramanathan492@ybl,1,ACC002932,1,14.13
bhanumati30930@paytm,1,ACC002933,1,20.65
karnikpahal649@ybl,1,ACC002934,2,133.31
wbhalla248@okicici,1,ACC002935,2,75.93
qaggarwal215@okhdfcbank,1,ACC002936,2,52.5
kevinupadhyay885@okicici,1,ACC002937,5,112.29
ykapadia320@ybl,1,ACC002938,0,0.0
indrajitgoda465@okaxis,1,ACC002939,0,0.0
kaidhaliwal467@paytm,1,ACC002940,0,0.0
ayushdayal201@oksbi,1,ACC002941,3,99.01
hemanginivala26@paytm,1,ACC002942,0,0.0
dbhalla822@okaxis,1,ACC002943,1,35.0
dpanchal996@oksbi,1,ACC002944,0,0.0
gborra980@okhdfcbank,1,ACC002945,2,61.95
zinal1376@okicici,1,ACC002946,0,0.0
ptara447@paytm,1,ACC002947,4,204.29
xitithakur137@oksbi,1,ACC002948,2,26.02
kdayal576@oksbi,1,ACC002949,1,8.75
amolkota184@okaxis,1,ACC002950,1,40.95
leenapau862@okhdfcbank,1,ACC002951,0,0.0
yashvi40142@paytm,1,ACC002952,0,0.0
devika0065@okhdfcbank,1,ACC002953,0,0.0
saxenagaurang351@ybl,1,ACC002954,3,177.08
loganchaudhuri262@oksbi,1,ACC002955,1,23.78
bajajlaban241@okaxis,1,ACC002956,5,155.02
qpuri54@okicici,1,ACC002957,1,47.75
namble827@okhdfcbank,1,ACC002958,1,20.28
advika9479@paytm,1,ACC002959,2,50.03
fradochandra910@oksbi,1,ACC002960,1,59.85
zsathe473@ybl,1,ACC002961,1,20.28
kamdarelijah65@okaxis,1,ACC002962,1,37.78
leelarana378@paytm,1,ACC002963,0,0.0
reyanshsrivastava766@paytm,1,ACC002964,1,20.28
brijeshprabhu131@okaxis,1,ACC002965,0,0.0
forumkhosla584@okhdfcbank,1,ACC002966,3,106.36
onisathe297@okhdfcbank,1,ACC002967,1,37.78
damini93586@okicici,1,ACC002968,5,233.05
janani84103@okaxis,1,ACC002969,1,20.65
gourqasim380@oksbi,1,ACC002970,0,0.0
lnarula308@oksbi,1,ACC002971,0,0.0
pmitra820@okhdfcbank,1,ACC002972,2,40.23
bhanumati43610@ybl,1,ACC002973,1,23.97
loak450@okaxis,1,ACC002974,1,38.13
rastogimaya633@paytm,1,ACC002975,1,14.7
sampathmanya7@okaxis,1,ACC002976,0,0.0
timothysoman909@okaxis,1,ACC002977,1,8.88
dwarrior286@okaxis,1,ACC002978,0,0.0
yochana33983@oksbi,1,ACC002979,1,91.68
nwable591@paytm,1,ACC002980,1,26.95
dayita58836@okicici,1,ACC002981,2,192.11
yashodhara99701@okaxis,1,ACC002982,0,0.0
yachanaborde613@okaxis,1,ACC002983,0,0.0
ypal332@oksbi,1,ACC002984,1,40.95
vansha98690@okhdfcbank,1,ACC002985,0,0.0
hitesh00166@okicici,1,ACC002986,2,61.6
harrisonnair569@okaxis,1,ACC002987,0,0.0
garima5556@okaxis,1,ACC002988,0,0.0
kuruvillachakradhar559@okhdfcbank,1,ACC002989,3,370.63
owenranganathan13@okhdfcbank,1,ACC002990,3,108.13
pillaimatthew198@okicici,1,ACC002991,1,8.26
ishita54705@oksbi,1,ACC002992,2,30.2
uwalla152@oksbi,1,ACC002993,1,70.35
umagar673@ybl,1,ACC002994,3,110.52
jyotidugal718@okaxis,1,ACC002995,2,54.58
ijayalad314@oksbi,1,ACC002996,2,30.8
tsaxena769@oksbi,1,ACC002997,4,82.6
oyogi615@paytm,1,ACC002998,1,47.23
minhassimon719@okicici,1,ACC002999,2,19.8
raghavanavni797@okaxis,1,ACC003000,0,0.0
mohantyjairaj329@okhdfcbank,1,ACC003001,4,775.93
bahljonathan359@okaxis,1,ACC003002,2,45.35
qasim74844@ybl,1,ACC003003,1,11.19
gopal76951@oksbi,1,ACC003004,0,0.0
sahaaditya642@okhdfcbank,1,ACC003005,5,74.34
nbora453@oksbi,1,ACC003006,4,246.16
gaurangchandra378@okicici,1,ACC003007,0,0.0
kapadiabalendra518@okhdfcbank,1,ACC003008,1,9.1
okapadia230@oksbi,1,ACC003009,1,193.9
tbanerjee660@okicici,1,ACC003010,2,58.06
gsubramaniam600@oksbi,1,ACC003011,1,10.15
omisha95319@ybl,1,ACC003012,5,126.99
tbir99@okaxis,1,ACC003013,0,0.0
chadayachana345@okicici,1,ACC003014,1,10.15
taraisaac257@paytm,1,ACC003015,0,0.0
aaravbatta532@okhdfcbank,1,ACC003016,0,0.0
thakuraayush171@okhdfcbank,1,ACC003017,0,0.0
david59752@okicici,1,ACC003018,1,19.58
anushakari786@okaxis,1,ACC003019,2,77.14
alexander732@oksbi,1,ACC003020,3,145.22
ebutala808@paytm,1,ACC003021,1,6.51
khatriomya378@okaxis,1,ACC003022,3,43.4
koshymohammed784@ybl,1,ACC003023,0,0.0
dgill860@paytm,1,ACC003024,1,109.53
shereom836@oksbi,1,ACC003025,0,0.0
laksh48700@paytm,1,ACC003026,1,55.98
krish56213@paytm,1,ACC003027,1,33.95
ncheema272@oksbi,1,ACC003028,1,34.98
samaksh36244@okaxis,1,ACC003029,0,0.0
harinakshimadan789@okhdfcbank,1,ACC003030,0,0.0
lkorpal795@paytm,1,ACC003031,3,40.21
voraabhimanyu757@ybl,1,ACC003032,1,17.5
bsundaram522@okhdfcbank,1,ACC003033,1,10.5
vinayapalla634@paytm,1,ACC003034,0,0.0
lkapur705@okhdfcbank,1,ACC003035,3,66.55
darpansubramaniam856@okaxis,1,ACC003036,0,0.0
aarinigoswami127@ybl,1,ACC003037,0,0.0
kapurjeet749@okaxis,1,ACC003038,3,127.9
ronithbuch400@ybl,1,ACC003039,1,155.75
dyalsanya315@okhdfcbank,1,ACC003040,0,0.0
dalaja34896@ybl,1,ACC003041,2,90.3
asharaf187@paytm,1,ACC003042,0,0.0
devika60655@okaxis,1,ACC003043,5,184.43
deogaurangi526@okhdfcbank,1,ACC003044,4,121.69
veer6797@okaxis,1,ACC003045,1,59.85
kthaman215@oksbi,1,ACC003046,1,23.78
nagytanay764@ybl,1,ACC003047,1,117.25
jeevikawalla794@oksbi,1,ACC003048,0,0.0
matthewborra611@paytm,1,ACC003049,2,58.45
hemang27360@ybl,1,ACC003050,0,0.0
raaginidugar587@ybl,1,ACC003051,1,35.0
jackson60727@paytm,1,ACC003052,3,163.25
yasti89352@ybl,1,ACC003053,1,12.58
hemal56676@oksbi,1,ACC003054,0,0.0
triptiramakrishnan925@ybl,1,ACC003055,0,0.0
khuranakrish29@okaxis,1,ACC003056,1,13.65
horalekha842@okaxis,1,ACC003057,0,0.0
riyanayak75@okaxis,1,ACC003058,3,137.86
ibansal324@okaxis,1,ACC003059,4,100.88
perihardik527@ybl,1,ACC003060,1,20.65
dalajaramanathan274@oksbi,1,ACC003061,1,45.15
arunima67236@okicici,1,ACC003062,4,149.1
zinalgoswami808@okhdfcbank,1,ACC003063,0,0.0
mvarghese331@paytm,1,ACC003064,0,0.0
xvenkataraman826@paytm,1,ACC003065,1,52.5
krishnabava556@okicici,1,ACC003066,2,39.18
samar46929@oksbi,1,ACC003067,1,20.28
omaharaj664@oksbi,1,ACC003068,3,82.56
ehalder587@okhdfcbank,1,ACC003069,3,302.73
bailnidhi68@okhdfcbank,1,ACC003070,1,26.25
wakeeta70217@okicici,1,ACC003071,2,52.5
abhiramrama840@okicici,1,ACC003072,1,309.4
rachitalal215@ybl,1,ACC003073,0,0.0
tkohli13@okhdfcbank,1,ACC003074,2,27.82
qushibaria231@oksbi,1,ACC003075,1,52.5
llalla488@okhdfcbank,1,ACC003076,3,124.75
sunderranveer782@okhdfcbank,1,ACC003077,1,536.36
chasmumgaba943@ybl,1,ACC003078,3,104.76
vkamdar670@oksbi,1,ACC003079,0,0.0
orinderaggarwal36@paytm,1,ACC003080,1,23.13
rehaandutta43@okaxis,1,ACC003081,3,476.64
doshiekantika977@okicici,1,ACC003082,0,0.0
rbahri368@paytm,1,ACC003083,0,0.0
imaranrajagopalan67@okaxis,1,ACC003084,4,113.03
jai30446@okicici,1,ACC003085,2,61.6
jonathan01486@ybl,1,ACC003086,0,0.0
jagat21352@okaxis,1,ACC003087,1,79.1
lbala535@okaxis,1,ACC003088,2,46.53
khalsalipika826@okicici,1,ACC003089,0,0.0
patelleela685@ybl,1,ACC003090,0,0.0
charanmitra517@paytm,1,ACC003091,0,0.0
rchacko929@okicici,1,ACC003092,0,0.0
bmital28@ybl,1,ACC003093,2,179.9
karan08510@okicici,1,ACC003094,2,19.61
ladli53344@okhdfcbank,1,ACC003095,1,7.0
garimamisra997@okicici,1,ACC003096,1,20.65
diyasrivastava721@paytm,1,ACC003097,1,106.74
mandahenry981@okaxis,1,ACC003098,2,131.25
fkumer281@okhdfcbank,1,ACC003099,0,0.0
noahsundaram203@paytm,1,ACC003100,3,116.63
grandhawa502@okaxis,1,ACC003101,2,55.98
yachana11634@okaxis,1,ACC003102,2,37.43
raogeetika909@ybl,1,ACC003103,5,66.72
dedwin541@okaxis,1,ACC003104,0,0.0
pgandhi299@okaxis,1,ACC003105,0,0.0
vkrishnamurthy534@oksbi,1,ACC003106,0,0.0
idey273@paytm,1,ACC003107,1,17.5
bahadurjitoommen255@ybl,1,ACC003108,1,22.65
mohantyekaraj81@paytm,1,ACC003109,1,12.93
leena19203@okhdfcbank,1,ACC003110,3,166.6
ysanghvi696@okaxis,1,ACC003111,0,0.0
gayathri81989@okicici,1,ACC003112,3,62.94
abeermall162@okhdfcbank,1,ACC003113,3,88.66
radhamistry618@okaxis,1,ACC003114,3,53.86
zaitra50168@okaxis,1,ACC003115,3,81.36
ranganathanavi611@okhdfcbank,1,ACC003116,3,349.78
ghoshmichael904@okaxis,1,ACC003117,0,0.0
vsem978@okhdfcbank,1,ACC003118,1,56.35
gpillai918@okaxis,1,ACC003119,0,0.0
henry47668@paytm,1,ACC003120,3,310.32
zhayer940@okaxis,1,ACC003121,0,0.0
gauri86349@okhdfcbank,1,ACC003122,1,2.54
ekansh9418@paytm,1,ACC003123,2,12.66
ahluwaliamaanav897@ybl,1,ACC003124,2,383.95
wriddhish23918@okicici,1,ACC003125,3,143.29
nagarajanjanuja127@paytm,1,ACC003126,2,58.06
kharemax644@oksbi,1,ACC003127,0,0.0
whegde41@okhdfcbank,1,ACC003128,2,37.78
fsami191@ybl,1,ACC003129,1,13.64
lilabera766@okicici,1,ACC003130,3,45.15
xswaminathan565@okhdfcbank,1,ACC003131,0,0.0
chavviganesh818@oksbi,1,ACC003132,0,0.0
singhaljeet955@paytm,1,ACC003133,0,0.0
akhalsa948@okhdfcbank,1,ACC003134,0,0.0
widisha92880@okaxis,1,ACC003135,0,0.0
vben119@okicici,1,ACC003136,0,0.0
nitesh78422@paytm,1,ACC003137,0,0.0
qadimsangha931@okhdfcbank,1,ACC003138,1,109.18
anthony09191@ybl,1,ACC003139,2,380.12
agatemegha925@ybl,1,ACC003140,1,20.63
ymane169@okaxis,1,ACC003141,3,138.58
nsaraf715@oksbi,1,ACC003142,1,193.9
chahalrishi216@okhdfcbank,1,ACC003143,1,11.9
oliverdevan346@oksbi,1,ACC003144,0,0.0
chakrikachawla302@okaxis,1,ACC003145,2,106.74
iyengaraarush655@okaxis,1,ACC003146,1,40.95
max97377@okhdfcbank,1,ACC003147,2,128.08
hiteshsheth705@okicici,1,ACC003148,1,17.32
sandhuadvaith599@ybl,1,ACC003149,2,46.53
lhari473@okhdfcbank,1,ACC003150,0,0.0
narainvedhika997@paytm,1,ACC003151,1,8.75
hemani51219@paytm,1,ACC003152,0,0.0
abeer36677@okaxis,1,ACC003153,4,128.23
isaac06809@okhdfcbank,1,ACC003154,3,227.48
brijeshghose42@okaxis,1,ACC003155,1,17.6
saanvi18436@okhdfcbank,1,ACC003156,3,121.58
vinayarana813@paytm,1,ACC003157,2,130.9
urvashirao919@paytm,1,ACC003158,1,32.2
pallarya874@okicici,1,ACC003159,2,22.4
snehathaker461@okaxis,1,ACC003160,2,102.02
krishnamurthybhavika971@oksbi,1,ACC003161,5,415.07
rattankamala959@okicici,1,ACC003162,4,180.92
utkarshloke569@paytm,1,ACC003163,1,10.15
muttiraagini563@ybl,1,ACC003164,0,0.0
kamdarhitesh382@okicici,1,ACC003165,1,54.58
gaurikadutt609@paytm,1,ACC003166,1,38.13
deoljairaj135@oksbi,1,ACC003167,1,11.18
nadkarnizaitra609@ybl,1,ACC003168,2,22.71
hayerbrinda951@paytm,1,ACC003169,0,0.0
oshadada854@okaxis,1,ACC003170,0,0.0
hemakrishnamurthy785@paytm,1,ACC003171,0,0.0
biswasaarini171@paytm,1,ACC003172,1,36.39
sekhonrohan766@oksbi,1,ACC003173,2,58.06
panchalhenry925@ybl,1,ACC003174,1,727.98
ghoshqadim742@okicici,1,ACC003175,1,26.95
radhika08842@okicici,1,ACC003176,0,0.0
rajatasahni129@okhdfcbank,1,ACC003177,3,37.8
ochacko517@paytm,1,ACC003178,0,0.0
arorasiddharth683@okicici,1,ACC003179,3,110.6
nidradoshi271@oksbi,1,ACC003180,1,40.95
dsura452@okaxis,1,ACC003181,0,0.0
kharerushil844@ybl,1,ACC003182,0,0.0
loparout369@okhdfcbank,1,ACC003183,0,0.0
periom46@okaxis,1,ACC003184,0,0.0
harita62131@okhdfcbank,1,ACC003185,0,0.0
logan35881@okicici,1,ACC003186,0,0.0
apradhan940@paytm,1,ACC003187,2,38.39
ira84353@oksbi,1,ACC003188,1,20.28
ucchalkhosla468@ybl,1,ACC003189,2,43.68
wazir1824@paytm,1,ACC003190,1,40.95
matthew09863@okaxis,1,ACC003191,2,32.81
xmisra853@ybl,1,ACC003192,4,85.37
faras89774@oksbi,1,ACC003193,2,142.58
tarahiral634@okhdfcbank,1,ACC003194,1,40.95
noahgandhi590@okicici,1,ACC003195,5,107.42
vnaik685@paytm,1,ACC003196,0,0.0
cgour382@okicici,1,ACC003197,1,20.28
udyati09873@ybl,1,ACC003198,0,0.0
praneel43549@okhdfcbank,1,ACC003199,0,0.0
atank816@oksbi,1,ACC003200,1,37.08
bhanumatilal738@okicici,1,ACC003201,1,12.93
pooja23573@okicici,1,ACC003202,2,104.28
mitradaksha665@oksbi,1,ACC003203,1,6.77
udarshbuch161@okhdfcbank,1,ACC003204,3,245.99
anirudh94182@paytm,1,ACC003205,1,40.23
pranav89216@paytm,1,ACC003206,0,0.0
pahalchanda285@okicici,1,ACC003207,3,34.14
gjani441@ybl,1,ACC003208,1,26.95
tsamra86@okaxis,1,ACC003209,1,40.95
calebborde395@ybl,1,ACC003210,2,222.6
vaidyaaashi160@okaxis,1,ACC003211,0,0.0
vohrachavvi360@oksbi,1,ACC003212,2,96.93
sherevasana619@oksbi,1,ACC003213,5,821.52
eta63655@okhdfcbank,1,ACC003214,1,10.83
balayunni779@paytm,1,ACC003215,0,0.0
amaira9650@okicici,1,ACC003216,2,61.23
schana369@paytm,1,ACC003217,3,484.57
jeremiahtrivedi734@okicici,1,ACC003218,0,0.0
harshbajwa273@okhdfcbank,1,ACC003219,0,0.0
frederickshankar250@okaxis,1,ACC003220,1,15.4
prabhusudiksha779@oksbi,1,ACC003221,0,0.0
damini73181@paytm,1,ACC003222,0,0.0
vihaan64562@okhdfcbank,1,ACC003223,0,0.0
yashawini24953@okhdfcbank,1,ACC003224,1,37.23
aparekh11@oksbi,1,ACC003225,1,133.71
rroy391@okaxis,1,ACC003226,1,17.5
gaurika61928@paytm,1,ACC003227,1,13.65
nadigishita832@okicici,1,ACC003228,0,0.0
aashiwalia414@oksbi,1,ACC003229,1,211.4
patrick04171@ybl,1,ACC003230,3,131.89
moreeta692@oksbi,1,ACC003231,4,98.15
uganguly175@okhdfcbank,1,ACC003232,0,0.0
cranganathan264@okicici,1,ACC003233,1,87.5
qpadmanabhan680@oksbi,1,ACC003234,1,11.9
aarna69762@okicici,1,ACC003235,0,0.0
glala470@ybl,1,ACC003236,1,17.5
mitaljai124@okhdfcbank,1,ACC003237,1,20.65
maharajurvi213@paytm,1,ACC003238,1,52.5
reyansh67934@okhdfcbank,1,ACC003239,1,10.28
ypillai379@ybl,1,ACC003240,0,0.0
bandivedant479@paytm,1,ACC003241,2,22.22
waidashah18@paytm,1,ACC003242,2,66.42
vincentbhatnagar749@oksbi,1,ACC003243,1,18.89
zarna82786@okicici,1,ACC003244,1,20.98
xkaur638@okaxis,1,ACC003245,0,0.0
qmitter128@okhdfcbank,1,ACC003246,2,29.73
wchanda31@paytm,1,ACC003247,0,0.0
hritik4398@paytm,1,ACC003248,5,90.3
jwalla126@oksbi,1,ACC003249,1,59.85
nagijanaki597@paytm,1,ACC003250,5,196.12
dominicvarughese880@okaxis,1,ACC003251,2,94.14
vihaan43297@okaxis,1,ACC003252,0,0.0
damyantinori228@paytm,1,ACC003253,0,0.0
chanchal95469@paytm,1,ACC003254,5,589.57
patilira678@okicici,1,ACC003255,1,35.0
jkalla622@paytm,1,ACC003256,0,0.0
simonbuch790@ybl,1,ACC003257,0,0.0
fsharma413@oksbi,1,ACC003258,1,9.08
mugdhakale944@okaxis,1,ACC003259,1,79.1
murtyyashawini608@okicici,1,ACC003260,0,0.0
gayathri08226@ybl,1,ACC003261,0,0.0
jacksonbhattacharyya952@okaxis,1,ACC003262,2,36.29
vohraqasim851@oksbi,1,ACC003263,0,0.0
gautami67731@okaxis,1,ACC003264,1,52.5
amararaju120@okhdfcbank,1,ACC003265,3,185.11
kuruvillanathan533@okhdfcbank,1,ACC003266,2,68.58
nayakyashodhara943@ybl,1,ACC003267,0,0.0
oeshimukhopadhyay867@oksbi,1,ACC003268,5,1159.1
devgulati512@oksbi,1,ACC003269,2,20.3
tnagy301@oksbi,1,ACC003270,0,0.0
vivaannaik188@okhdfcbank,1,ACC003271,0,0.0
warinder00947@oksbi,1,ACC003272,0,0.0
krishnanvrishti507@okaxis,1,ACC003273,0,0.0
neelbasak84@ybl,1,ACC003274,1,210.7
sodhitripti190@oksbi,1,ACC003275,1,40.23
mitterharsh653@okicici,1,ACC003276,0,0.0
zkumar612@ybl,1,ACC003277,1,13.65
tdate183@okaxis,1,ACC003278,1,12.58
upadhyayharita407@okhdfcbank,1,ACC003279,0,0.0
caleb78611@paytm,1,ACC003280,1,20.83
horayutika467@okicici,1,ACC003281,3,460.95
ndara675@okicici,1,ACC003282,0,0.0
sachi76387@okicici,1,ACC003283,5,124.32
lavanya36807@ybl,1,ACC003284,1,12.22
diptagupta733@oksbi,1,ACC003285,1,37.78
widishatiwari559@okicici,1,ACC003286,0,0.0
zmani103@okicici,1,ACC003287,1,43.75
gautamivarkey958@ybl,1,ACC003288,1,20.65
watika85987@oksbi,1,ACC003289,1,10.83
patrick86825@ybl,1,ACC003290,1,17.5
purijanuja825@okaxis,1,ACC003291,1,20.63
hsaxena982@oksbi,1,ACC003292,1,8.57
iratta877@okaxis,1,ACC003293,1,17.5
zsaha289@okhdfcbank,1,ACC003294,2,47.22
ekajalalla920@okicici,1,ACC003295,0,0.0
puriveer917@okicici,1,ACC003296,2,120.05
warinderagrawal841@okhdfcbank,1,ACC003297,0,0.0
pbabu142@paytm,1,ACC003298,1,25.53
inayarama303@okicici,1,ACC003299,0,0.0
kuruvillaubika516@okhdfcbank,1,ACC003300,2,121.78
fsinha322@oksbi,1,ACC003301,1,40.95
gaurang0479@ybl,1,ACC003302,0,0.0
pushtisridhar876@okhdfcbank,1,ACC003303,2,145.12
aryan73911@okaxis,1,ACC003304,0,0.0
shettybanjeet886@paytm,1,ACC003305,0,0.0
chatura4533@okaxis,1,ACC003306,2,22.56
girik02494@okicici,1,ACC003307,3,45.85
noahpalla359@okicici,1,ACC003308,2,177.78
lchada108@okhdfcbank,1,ACC003309,3,89.07
bailnitara454@ybl,1,ACC003310,0,0.0
qvasa911@okicici,1,ACC003311,2,78.73
wahuja240@ybl,1,ACC003312,0,0.0
balakrishnanjeet214@ybl,1,ACC003313,1,17.5
girindradugal238@okhdfcbank,1,ACC003314,0,0.0
omajajhaveri308@paytm,1,ACC003315,0,0.0
edara709@okhdfcbank,1,ACC003316,0,0.0
chaudhrykevin246@okicici,1,ACC003317,0,0.0
samakshhayer241@paytm,1,ACC003318,0,0.0
warjas76971@okhdfcbank,1,ACC003319,1,20.28
rehaankeer604@okhdfcbank,1,ACC003320,0,0.0
fgarde417@oksbi,1,ACC003321,0,0.0
ekarajthaman723@okhdfcbank,1,ACC003322,0,0.0
eiravatiram556@okhdfcbank,1,ACC003323,1,33.95
thomasmanne129@paytm,1,ACC003324,1,37.78
pandyatara47@ybl,1,ACC003325,1,30.78
wriddhishvora508@paytm,1,ACC003326,1,18.55
lvarughese357@oksbi,1,ACC003327,0,0.0
indiraravi633@oksbi,1,ACC003328,4,112.83
srivastavaaarini617@okaxis,1,ACC003329,0,0.0
kavya8524@okhdfcbank,1,ACC003330,1,92.75
pillaiwarjas506@okicici,1,ACC003331,1,20.28
thomas82905@oksbi,1,ACC003332,1,11.65
omyauppal438@okaxis,1,ACC003333,0,0.0
ebrar145@okaxis,1,ACC003334,0,0.0
wmurty893@paytm,1,ACC003335,2,23.89
kashyapcharles452@paytm,1,ACC003336,0,0.0
pratyush67582@paytm,1,ACC003337,1,10.15
chameli47707@paytm,1,ACC003338,2,118.28
siddharth30808@okaxis,1,ACC003339,1,11.42
ramaswamytriya564@ybl,1,ACC003340,0,0.0
abadal520@okicici,1,ACC003341,2,111.45
wridesh14569@okicici,1,ACC003342,0,0.0
oshadeo138@okaxis,1,ACC003343,1,17.13
vyanjanagoda953@oksbi,1,ACC003344,0,0.0
wadhwapooja12@okhdfcbank,1,ACC003345,2,26.25
isani887@okhdfcbank,1,ACC003346,1,105.0
zayan18674@oksbi,1,ACC003347,4,161.33
xgupta623@okicici,1,ACC003348,5,171.13
hsunder355@okicici,1,ACC003349,3,848.42
igara823@oksbi,1,ACC003350,0,0.0
miteshsachdeva852@oksbi,1,ACC003351,0,0.0
balayviraj851@oksbi,1,ACC003352,2,29.99
lallnicholas839@oksbi,1,ACC003353,1,326.84
roberthans425@ybl,1,ACC003354,1,10.83
com937@paytm,1,ACC003355,2,96.93
pushtichokshi877@ybl,1,ACC003356,1,12.58
nikitaloke520@okaxis,1,ACC003357,0,0.0
karaanvi600@oksbi,1,ACC003358,2,25.89
vyanjanatara133@okaxis,1,ACC003359,0,0.0
mitalpranav603@paytm,1,ACC003360,5,160.98
sudiksha6511@ybl,1,ACC003361,0,0.0
udyatisarma142@oksbi,1,ACC003362,1,79.1
biswaslipika73@paytm,1,ACC003363,3,43.71
yashodhara03367@okhdfcbank,1,ACC003364,0,0.0
luthrachanakya402@okaxis,1,ACC003365,1,56.17
kalitalopa582@okaxis,1,ACC003366,1,9.08
bakhshisankaran354@oksbi,1,ACC003367,1,20.65
shenoyaishani875@okhdfcbank,1,ACC003368,2,24.48
agastyaramanathan332@oksbi,1,ACC003369,0,0.0
woommen17@okaxis,1,ACC003370,1,109.53
ikshitarastogi2@okaxis,1,ACC003371,3,59.15
akashyap702@oksbi,1,ACC003372,1,20.28
kkohli307@oksbi,1,ACC003373,1,26.95
pushti31753@oksbi,1,ACC003374,2,287.2
advaith57148@okhdfcbank,1,ACC003375,0,0.0
bainsraagini695@paytm,1,ACC003376,0,0.0
jseth646@ybl,1,ACC003377,2,77.66
banjeetnagarajan149@oksbi,1,ACC003378,1,20.65
tanveer43243@ybl,1,ACC003379,2,15.3
krishnapillay648@okhdfcbank,1,ACC003380,1,12.58
gmody863@paytm,1,ACC003381,2,24.47
jkaran149@okaxis,1,ACC003382,1,64.73
boseharinakshi343@oksbi,1,ACC003383,3,339.67
hparsa514@okhdfcbank,1,ACC003384,5,154.31
varughesevictor351@okicici,1,ACC003385,0,0.0
hemanimahal837@ybl,1,ACC003386,3,91.31
ukalla809@paytm,1,ACC003387,1,131.23
jalsa22405@paytm,1,ACC003388,2,68.23
snagi763@ybl,1,ACC003389,0,0.0
tmanda998@okicici,1,ACC003390,2,54.5
nsandal230@okaxis,1,ACC003391,0,0.0
xsathe542@oksbi,1,ACC003392,1,20.98
idikabora916@oksbi,1,ACC003393,3,242.53
advika29779@okaxis,1,ACC003394,0,0.0
sakshamdugal412@oksbi,1,ACC003395,0,0.0
kibejagdish931@ybl,1,ACC003396,0,0.0
sloyal619@paytm,1,ACC003397,1,26.25
nidra43129@oksbi,1,ACC003398,1,37.78
mramesh824@okhdfcbank,1,ACC003399,2,58.06
xedwin737@paytm,1,ACC003400,3,55.98
vsachdev827@okhdfcbank,1,ACC003401,2,67.18
ramaswamynilima373@okicici,1,ACC003402,0,0.0
lopa21216@okaxis,1,ACC003403,2,138.93
baljiwansrivastava326@okhdfcbank,1,ACC003404,0,0.0
rganesh658@okicici,1,ACC003405,3,47.58
pahalhayre36@paytm,1,ACC003406,5,125.9
zayanbajwa244@paytm,1,ACC003407,1,20.65
bhavani40337@oksbi,1,ACC003408,0,0.0
ansh60833@okhdfcbank,1,ACC003409,0,0.0
snigam208@oksbi,1,ACC003410,0,0.0
kadakiabaghyawati969@okaxis,1,ACC003411,2,53.53
bhavikakoshy543@okhdfcbank,1,ACC003412,1,1.11
aadhya47935@oksbi,1,ACC003413,0,0.0
rbandi508@ybl,1,ACC003414,1,40.95
indali74330@paytm,1,ACC003415,0,0.0
psabharwal649@ybl,1,ACC003416,0,0.0
theodorekumer341@okicici,1,ACC003417,1,8.75
lipika99572@oksbi,1,ACC003418,0,0.0
rajeshrimanda833@ybl,1,ACC003419,1,20.65
davelaban744@okaxis,1,ACC003420,2,26.93
basuadya16@oksbi,1,ACC003421,1,16.78
patelaachal263@oksbi,1,ACC003422,5,331.08
hkrishnamurthy330@paytm,1,ACC003423,2,44.59
chaitanya37931@ybl,1,ACC003424,1,17.85
mandawilliam584@okaxis,1,ACC003425,2,242.88
dkoshy308@oksbi,1,ACC003426,0,0.0
krishnamurthyrudra489@okaxis,1,ACC003427,0,0.0
saranshaurya993@paytm,1,ACC003428,0,0.0
darika18489@paytm,1,ACC003429,2,102.86
charita7021@paytm,1,ACC003430,1,40.95
gokhalekavya525@oksbi,1,ACC003431,1,11.9
daksha70464@ybl,1,ACC003432,0,0.0
radhika30977@okicici,1,ACC003433,0,0.0
chaturawagle154@ybl,1,ACC003434,0,0.0
anya23644@paytm,1,ACC003435,2,40.91
anvi05567@ybl,1,ACC003436,0,0.0
ymurty463@paytm,1,ACC003437,2,29.03
ranbir48729@ybl,1,ACC003438,2,78.73
owengara530@paytm,1,ACC003439,0,0.0
hdutta849@okhdfcbank,1,ACC003440,0,0.0
manyaseth63@paytm,1,ACC003441,0,0.0
ybava984@ybl,1,ACC003442,0,0.0
tmorar274@okhdfcbank,1,ACC003443,1,40.95
nirjaravel979@oksbi,1,ACC003444,1,16.78
eesha3567@okicici,1,ACC003445,3,140.68
george06459@okicici,1,ACC003446,5,125.59
nkuruvilla320@okhdfcbank,1,ACC003447,0,0.0
bhaktaoscar262@okicici,1,ACC003448,0,0.0
ravelanthony415@ybl,1,ACC003449,4,76.32
mdewan341@okicici,1,ACC003450,3,57.95
mitraonveer924@okicici,1,ACC003451,0,0.0
tatajanya262@paytm,1,ACC003452,2,68.42
cmerchant670@oksbi,1,ACC003453,0,0.0
vidhi7589@okaxis,1,ACC003454,0,0.0
wishi62562@okhdfcbank,1,ACC003455,1,10.83
lekhabaral459@okicici,1,ACC003456,1,37.78
spandit982@okhdfcbank,1,ACC003457,0,0.0
zinal2890@ybl,1,ACC003458,2,105.0
clal763@oksbi,1,ACC003459,1,70.0
kamalalalla426@ybl,1,ACC003460,0,0.0
bnanda8@paytm,1,ACC003461,1,15.03
wakeeta29360@okhdfcbank,1,ACC003462,1,79.1
aprasad281@okicici,1,ACC003463,4,56.74
damyantikonda577@oksbi,1,ACC003464,1,19.07
qgoel267@ybl,1,ACC003465,0,0.0
candra438@okaxis,1,ACC003466,1,49.61
mohinikashyap739@okicici,1,ACC003467,1,7.33
rachit90390@okaxis,1,ACC003468,2,7.53
hagate721@okicici,1,ACC003469,5,568.19
lopa04917@okicici,1,ACC003470,1,15.27
pdara942@okicici,1,ACC003471,0,0.0
issacwarinder232@okaxis,1,ACC003472,1,38.13
choudhurychanchal496@okaxis,1,ACC003473,0,0.0
nandini24370@okicici,1,ACC003474,0,0.0
narangbalveer680@paytm,1,ACC003475,0,0.0
lramakrishnan115@ybl,1,ACC003476,1,13.65
chaitanyabuch16@oksbi,1,ACC003477,0,0.0
gokhaleveda936@okhdfcbank,1,ACC003478,0,0.0
krishnamurthyindrajit865@okhdfcbank,1,ACC003479,4,145.71
qarin34583@ybl,1,ACC003480,0,0.0
uganguly194@okhdfcbank,1,ACC003481,4,89.89
bachittarvarty902@ybl,1,ACC003482,1,10.83
karjagdish816@oksbi,1,ACC003483,1,37.78
udara881@oksbi,1,ACC003484,0,0.0
xbhattacharyya393@oksbi,1,ACC003485,2,61.47
anthonychacko317@okaxis,1,ACC003486,2,24.15
krishnayadav36@paytm,1,ACC003487,1,20.28
mangaturmi673@okaxis,1,ACC003488,2,173.06
avirana581@okicici,1,ACC003489,0,0.0
parsaaadhya789@paytm,1,ACC003490,0,0.0
bhavanijhaveri343@paytm,1,ACC003491,1,20.65
maxsaini475@paytm,1,ACC003492,0,0.0
oommenanita382@okaxis,1,ACC003493,1,3.64
khareanika625@oksbi,1,ACC003494,2,78.75
wedwin83@okhdfcbank,1,ACC003495,0,0.0
nandinithakur733@oksbi,1,ACC003496,4,67.53
balayekaja70@okicici,1,ACC003497,1,9.05
deyjanaki386@paytm,1,ACC003498,1,26.25
cdutta403@okhdfcbank,1,ACC003499,2,25.92
ahujariya742@okhdfcbank,1,ACC003500,0,0.0
ramachandranmanan931@okicici,1,ACC003501,1,52.5
victor96469@okicici,1,ACC003502,0,0.0
nitara90902@paytm,1,ACC003503,1,26.95
pavani69925@okhdfcbank,1,ACC003504,0,0.0
zkhosla595@paytm,1,ACC003505,0,0.0
darika34381@okaxis,1,ACC003506,1,15.03
gdhar708@ybl,1,ACC003507,1,36.75
daksheshtak774@paytm,1,ACC003508,0,0.0
jhaverireva325@okicici,1,ACC003509,1,20.65
gollaraagini614@okhdfcbank,1,ACC003510,0,0.0
waliasanaya191@okaxis,1,ACC003511,0,0.0
twable136@paytm,1,ACC003512,0,0.0
lbiswas304@paytm,1,ACC003513,1,28.16
falan57708@paytm,1,ACC003514,1,20.65
chauhanreyansh970@okicici,1,ACC003515,1,345.5
chasmum62268@okaxis,1,ACC003516,0,0.0
shivansh51396@okicici,1,ACC003517,1,26.95
xchada792@okaxis,1,ACC003518,1,12.58
hvarma598@okhdfcbank,1,ACC003519,0,0.0
chowdhuryteerth207@paytm,1,ACC003520,1,270.9
nvasa178@okhdfcbank,1,ACC003521,1,10.5
eshana10210@paytm,1,ACC003522,1,9.88
harish67137@ybl,1,ACC003523,0,0.0
venkateshmanbir715@okaxis,1,ACC003524,1,17.5
wagleekansh169@oksbi,1,ACC003525,0,0.0
lankaaahana731@oksbi,1,ACC003526,3,51.41
labanpradhan481@okicici,1,ACC003527,0,0.0
bhagatdalbir437@ybl,1,ACC003528,0,0.0
salvinaksh436@okaxis,1,ACC003529,0,0.0
sharmaraagini81@ybl,1,ACC003530,0,0.0
jackson21279@paytm,1,ACC003531,0,0.0
yuvrajvarughese770@okhdfcbank,1,ACC003532,1,20.28
norimugdha926@okicici,1,ACC003533,0,0.0
triptimukherjee774@okhdfcbank,1,ACC003534,0,0.0
basunoah416@paytm,1,ACC003535,1,37.78
sureshbalveer488@oksbi,1,ACC003536,2,72.78
lroy114@okhdfcbank,1,ACC003537,2,73.5
bahrionveer844@oksbi,1,ACC003538,5,197.0
boraazad79@okaxis,1,ACC003539,0,0.0
jagvi24927@oksbi,1,ACC003540,1,18.93
dchad732@okaxis,1,ACC003541,1,20.63
keya79702@paytm,1,ACC003542,4,47.77
vbhatt144@ybl,1,ACC003543,0,0.0
pantfinn613@ybl,1,ACC003544,0,0.0
hemani95807@paytm,1,ACC003545,0,0.0
gmohan201@okhdfcbank,1,ACC003546,2,59.81
indali30229@okhdfcbank,1,ACC003547,3,42.61
emohanty900@okaxis,1,ACC003548,1,3.0
bgour869@okhdfcbank,1,ACC003549,0,0.0
chowdhuryira229@okicici,1,ACC003550,2,109.55
sinhaeshana678@oksbi,1,ACC003551,0,0.0
nsoman148@okaxis,1,ACC003552,1,15.4
tarakchaudry89@okhdfcbank,1,ACC003553,0,0.0
pratyushbandi842@paytm,1,ACC003554,0,0.0
ftak861@okhdfcbank,1,ACC003555,2,70.0
niteshshan137@okhdfcbank,1,ACC003556,1,601.28
ranbir77705@paytm,1,ACC003557,0,0.0
zramaswamy548@okhdfcbank,1,ACC003558,1,40.95
hmallick534@paytm,1,ACC003559,2,280.66
zilmilborra980@okhdfcbank,1,ACC003560,0,0.0
qlad724@oksbi,1,ACC003561,1,23.78
soodnimrat549@paytm,1,ACC003562,0,0.0
simonswaminathan657@paytm,1,ACC003563,1,11.33
masonrastogi8@okaxis,1,ACC003564,0,0.0
advik20397@okicici,1,ACC003565,1,20.65
kalpit09933@ybl,1,ACC003566,2,11.61
nidhi62567@oksbi,1,ACC003567,0,0.0
krishnadivya841@ybl,1,ACC003568,0,0.0
fradhakrishnan330@okaxis,1,ACC003569,2,25.55
rgoyal682@paytm,1,ACC003570,1,9.3
devannirja791@oksbi,1,ACC003571,1,12.58
bgoel253@okicici,1,ACC003572,1,14.35
jmodi396@okaxis,1,ACC003573,0,0.0
treddy330@paytm,1,ACC003574,0,0.0
gsen52@okicici,1,ACC003575,0,0.0
ladtimothy698@paytm,1,ACC003576,2,180.91
nihalchana595@paytm,1,ACC003577,0,0.0
hemani34571@okicici,1,ACC003578,1,55.98
rajanjairaj198@oksbi,1,ACC003579,4,314.89
jprashad816@okaxis,1,ACC003580,1,16.78
varenya62608@okhdfcbank,1,ACC003581,1,35.0
ssarkar787@okicici,1,ACC003582,1,52.5
chaayagupta496@okhdfcbank,1,ACC003583,0,0.0
lprashad727@paytm,1,ACC003584,0,0.0
mohankevin319@ybl,1,ACC003585,0,0.0
ghosejack127@okaxis,1,ACC003586,3,138.01
jhalakluthra946@okhdfcbank,1,ACC003587,1,20.65
nmannan410@ybl,1,ACC003588,2,31.86
parmerbarkha782@okhdfcbank,1,ACC003589,0,0.0
ttara645@oksbi,1,ACC003590,1,144.53
lipikakakar93@ybl,1,ACC003591,1,20.65
frederickdewan896@oksbi,1,ACC003592,1,55.98
bahadurjitbedi24@ybl,1,ACC003593,2,45.15
xiti93656@okhdfcbank,1,ACC003594,2,46.86
maanas14942@okaxis,1,ACC003595,0,0.0
varenya78766@okicici,1,ACC003596,2,105.68
narasimhanyashica447@okhdfcbank,1,ACC003597,2,96.25
sneha22245@okicici,1,ACC003598,0,0.0
krishna27199@okaxis,1,ACC003599,1,17.5
kpillai952@ybl,1,ACC003600,0,0.0
ishwar80383@oksbi,1,ACC003601,1,73.48
bahadurjit33342@ybl,1,ACC003602,2,48.65
siddharthrai555@okicici,1,ACC003603,0,0.0
ramachandransaksham653@okicici,1,ACC003604,2,120.05
gollahemani165@oksbi,1,ACC003605,0,0.0
dyalchampak88@okhdfcbank,1,ACC003606,1,8.75
hbatta974@okhdfcbank,1,ACC003607,0,0.0
yutika0894@oksbi,1,ACC003608,3,246.73
samarpuri678@okaxis,1,ACC003609,4,91.3
jpatel870@ybl,1,ACC003610,5,117.01
dominic63153@okicici,1,ACC003611,1,2.24
psha351@oksbi,1,ACC003612,0,0.0
urishilla79580@paytm,1,ACC003613,0,0.0
surizinal358@ybl,1,ACC003614,3,96.23
smisra12@okicici,1,ACC003615,0,0.0
dalajasampath779@okhdfcbank,1,ACC003616,0,0.0
sudiksha95409@oksbi,1,ACC003617,0,0.0
ikbal37377@paytm,1,ACC003618,1,40.95
aadi89882@okicici,1,ACC003619,3,122.13
ikbal3869@okicici,1,ACC003620,3,81.18
kvirk646@oksbi,1,ACC003621,5,263.49
iwable176@paytm,1,ACC003622,2,56.68
doramanthan227@okicici,1,ACC003623,0,0.0
gavinkala915@okhdfcbank,1,ACC003624,0,0.0
tamannaghose747@oksbi,1,ACC003625,1,6.48
lkapoor319@okaxis,1,ACC003626,1,10.15
subramanianishanvi67@okhdfcbank,1,ACC003627,0,0.0
nayaryauvani200@okaxis,1,ACC003628,3,629.63
amolmurty400@paytm,1,ACC003629,1,33.95
wagleradha930@okaxis,1,ACC003630,3,73.81
agastya06200@okicici,1,ACC003631,1,5.6
isaiahkohli688@ybl,1,ACC003632,1,9.08
omkaar17698@okaxis,1,ACC003633,0,0.0
zilmilwarrior508@okaxis,1,ACC003634,1,30.43
bavahredhaan68@ybl,1,ACC003635,1,10.11
nigamwahab911@okhdfcbank,1,ACC003636,1,16.78
chanajeremiah363@okaxis,1,ACC003637,5,172.73
rastogiqushi241@okaxis,1,ACC003638,2,47.95
falandani559@paytm,1,ACC003639,4,101.48
vpalla416@oksbi,1,ACC003640,0,0.0
chackoikshita95@ybl,1,ACC003641,0,0.0
jonathanmandal402@oksbi,1,ACC003642,0,0.0
venkateshzarna641@okhdfcbank,1,ACC003643,0,0.0
sandhuvamakshi759@oksbi,1,ACC003644,1,13.98
epadmanabhan552@okaxis,1,ACC003645,1,34.28
falan16826@okicici,1,ACC003646,0,0.0
tcomar952@ybl,1,ACC003647,2,33.21
cdey400@okaxis,1,ACC003648,2,78.73
jwarrior633@okhdfcbank,1,ACC003649,2,346.3
dparmar92@oksbi,1,ACC003650,1,3.87
wasoneta968@oksbi,1,ACC003651,1,184.45
jagarwal791@okaxis,1,ACC003652,1,92.75
ethanandra740@okhdfcbank,1,ACC003653,0,0.0
lajitabasak864@okhdfcbank,1,ACC003654,0,0.0
vsankaran63@paytm,1,ACC003655,1,35.0
parmerhitesh706@ybl,1,ACC003656,1,21.32
dateupma990@paytm,1,ACC003657,1,70.0
dubeyekanta864@okaxis,1,ACC003658,2,127.75
savantedhitha451@oksbi,1,ACC003659,1,20.65
goyalshivani158@okicici,1,ACC003660,0,0.0
azadoommen20@oksbi,1,ACC003661,0,0.0
koshybhavini305@okhdfcbank,1,ACC003662,1,20.65
xbajaj522@okaxis,1,ACC003663,2,75.56
dnarayanan793@ybl,1,ACC003664,3,67.18
baniktanveer837@paytm,1,ACC003665,0,0.0
ranveerchanda354@oksbi,1,ACC003666,2,139.4
yochanathakur161@oksbi,1,ACC003667,0,0.0
kabirmanda661@okhdfcbank,1,ACC003668,3,61.6
kavya92878@okhdfcbank,1,ACC003669,1,37.78
triptiiyer961@ybl,1,ACC003670,0,0.0
parth7332@okicici,1,ACC003671,0,0.0
qthaman395@oksbi,1,ACC003672,0,0.0
ebadal24@oksbi,1,ACC003673,0,0.0
malhotraraksha29@okicici,1,ACC003674,0,0.0
bumbonveer840@oksbi,1,ACC003675,2,99.38
aahanachatterjee454@oksbi,1,ACC003676,3,133.37
mnayak497@oksbi,1,ACC003677,0,0.0
dhruv90918@okhdfcbank,1,ACC003678,5,644.29
manbir89620@paytm,1,ACC003679,2,42.39
watikabarad627@okicici,1,ACC003680,2,32.29
abdul57409@paytm,1,ACC003681,1,232.4
fredericktailor170@paytm,1,ACC003682,1,9.08
yachana5952@okaxis,1,ACC003683,1,17.15
upkaar89790@oksbi,1,ACC003684,2,44.45
thakerbalendra916@paytm,1,ACC003685,0,0.0
qmukherjee301@okicici,1,ACC003686,2,54.23
finnchana262@okhdfcbank,1,ACC003687,1,13.65
advaithsastry327@oksbi,1,ACC003688,1,9.1
jeet51995@ybl,1,ACC003689,0,0.0
sakshamverma449@okicici,1,ACC003690,5,136.83
yuvraj70787@okaxis,1,ACC003691,2,34.3
gautami59425@paytm,1,ACC003692,1,10.15
murtybanjeet282@okaxis,1,ACC003693,0,0.0
falguni94199@ybl,1,ACC003694,1,8.38
nagarfinn826@ybl,1,ACC003695,0,0.0
anay51594@ybl,1,ACC003696,0,0.0
mahalsai682@okicici,1,ACC003697,1,35.0
jananisridhar11@okhdfcbank,1,ACC003698,1,40.95
prisharaju561@okicici,1,ACC003699,1,20.65
kalpitchander900@oksbi,1,ACC003700,1,52.5
bedihema513@oksbi,1,ACC003701,0,0.0
eiravati92453@okicici,1,ACC003702,1,35.0
ekansh53852@paytm,1,ACC003703,2,25.55
vreddy853@ybl,1,ACC003704,2,57.63
patelsamuel153@ybl,1,ACC003705,0,0.0
snehabajwa474@oksbi,1,ACC003706,3,170.16
sbose796@ybl,1,ACC003707,3,136.15
unnibalakrishnan40@okicici,1,ACC003708,1,140.0
nakul56994@ybl,1,ACC003709,1,15.4
ravalhamsini337@okaxis,1,ACC003710,1,3.5
lilakrishnan571@okicici,1,ACC003711,1,79.1
zchaudhary425@oksbi,1,ACC003712,0,0.0
dyalomkaar760@paytm,1,ACC003713,2,129.15
majumdarhemani92@okhdfcbank,1,ACC003714,2,40.23
xshan322@okicici,1,ACC003715,4,134.18
ranbir95240@okaxis,1,ACC003716,1,39.55
urvi73288@okhdfcbank,1,ACC003717,1,45.48
pantriya11@okicici,1,ACC003718,0,0.0
sangharudra774@okhdfcbank,1,ACC003719,1,10.15
doshionkar305@oksbi,1,ACC003720,0,0.0
bajajtamanna89@okaxis,1,ACC003721,1,19.25
lakshmi70698@okhdfcbank,1,ACC003722,2,53.24
manderhemal357@oksbi,1,ACC003723,2,108.81
lkhosla848@oksbi,1,ACC003724,0,0.0
bajajsamesh813@okaxis,1,ACC003725,1,8.65
jagratikalita878@oksbi,1,ACC003726,2,403.9
bhatnagaryashodhara216@okhdfcbank,1,ACC003727,0,0.0
cvenkataraman575@paytm,1,ACC003728,3,65.8
noriethan260@okicici,1,ACC003729,2,24.47
sthakur47@okicici,1,ACC003730,0,0.0
yugbhavsar389@okaxis,1,ACC003731,1,40.95
sachidave612@paytm,1,ACC003732,2,312.18
balhaarvig151@okaxis,1,ACC003733,3,48.3
rsundaram956@okicici,1,ACC003734,1,309.73
khannajhalak787@ybl,1,ACC003735,1,20.28
rmandal618@oksbi,1,ACC003736,1,117.25
bainsguneet352@okicici,1,ACC003737,1,24.83
kevinkuruvilla350@paytm,1,ACC003738,0,0.0
owen96283@ybl,1,ACC003739,1,7.0
oakishani757@okicici,1,ACC003740,3,154.29
chandaarini564@okaxis,1,ACC003741,0,0.0
ejain360@paytm,1,ACC003742,2,73.15
zachariahkashish582@paytm,1,ACC003743,1,7.33
ncomar629@okhdfcbank,1,ACC003744,1,309.4
nairnimrat447@okaxis,1,ACC003745,2,39.86
fmishra684@okhdfcbank,1,ACC003746,1,109.53
gaurangidara195@paytm,1,ACC003747,0,0.0
rachit80219@oksbi,1,ACC003748,1,16.78
dipta21488@ybl,1,ACC003749,1,20.28
praneel1034@ybl,1,ACC003750,0,0.0
charan2974@okaxis,1,ACC003751,2,41.28
karanlalla397@paytm,1,ACC003752,6,141.87
tristan57975@okaxis,1,ACC003753,1,1057.69
rbhat404@okicici,1,ACC003754,1,17.5
fiyaz42226@paytm,1,ACC003755,0,0.0
pandyaekanta674@paytm,1,ACC003756,2,158.2
quincydalia332@okhdfcbank,1,ACC003757,1,37.78
chaitalypanchal211@okicici,1,ACC003758,2,116.18
rialad573@paytm,1,ACC003759,1,92.75
ichopra537@oksbi,1,ACC003760,0,0.0
ishaan70509@paytm,1,ACC003761,1,73.48
isaacraju259@okaxis,1,ACC003762,0,0.0
ekantika43531@paytm,1,ACC003763,0,0.0
chakrika60323@ybl,1,ACC003764,2,60.9
daksha07232@oksbi,1,ACC003765,2,25.27
laksh97494@okhdfcbank,1,ACC003766,3,83.98
kashishchoudhury332@ybl,1,ACC003767,1,40.95
atiwari774@okaxis,1,ACC003768,3,66.83
tkunda69@paytm,1,ACC003769,0,0.0
jason42455@paytm,1,ACC003770,2,26.25
qushiarya37@paytm,1,ACC003771,1,16.78
sarnaviraj50@okaxis,1,ACC003772,5,293.3
ydora891@oksbi,1,ACC003773,0,0.0
chaayabedi842@okicici,1,ACC003774,1,17.5
aryathaker443@okhdfcbank,1,ACC003775,3,188.28
omkaar70552@ybl,1,ACC003776,1,52.5
tnarain269@ybl,1,ACC003777,1,13.2
neelimavirk384@okhdfcbank,1,ACC003778,2,93.76
asami844@oksbi,1,ACC003779,0,0.0
barkha96876@okaxis,1,ACC003780,0,0.0
dominicandra484@okaxis,1,ACC003781,1,59.85
shethrobert403@okaxis,1,ACC003782,1,19.58
rajeshri1446@ybl,1,ACC003783,1,115.85
udyati56916@paytm,1,ACC003784,2,118.28
kaulsanaya989@ybl,1,ACC003785,1,37.78
psrinivasan512@okaxis,1,ACC003786,2,90.28
daniel76474@okaxis,1,ACC003787,0,0.0
rajhiral356@ybl,1,ACC003788,2,24.54
devika61604@okhdfcbank,1,ACC003789,0,0.0
rnair849@okhdfcbank,1,ACC003790,0,0.0
baralmadhavi31@okicici,1,ACC003791,5,67.16
anushakeer476@oksbi,1,ACC003792,0,0.0
arinmurty326@paytm,1,ACC003793,2,66.26
anvisarin727@ybl,1,ACC003794,0,0.0
lankachaitaly747@ybl,1,ACC003795,3,122.15
geetikachoudhury175@okicici,1,ACC003796,0,0.0
narulaamol315@okhdfcbank,1,ACC003797,2,64.02
chakrikakhanna527@okaxis,1,ACC003798,2,39.18
yochana82598@okhdfcbank,1,ACC003799,2,201.41
dhilloncharan691@okhdfcbank,1,ACC003800,0,0.0
qasimbarad272@okaxis,1,ACC003801,0,0.0
hayeravni838@paytm,1,ACC003802,0,0.0
igoyal955@ybl,1,ACC003803,1,72.78
nayaknathan913@paytm,1,ACC003804,0,0.0
anjalidash984@okicici,1,ACC003805,0,0.0
ysankar816@okicici,1,ACC003806,0,0.0
rpal783@okhdfcbank,1,ACC003807,0,0.0
pvora80@okaxis,1,ACC003808,0,0.0
aarnavpingle538@okhdfcbank,1,ACC003809,1,103.24
imurty408@okaxis,1,ACC003810,1,17.5
viswanathananvi493@okaxis,1,ACC003811,0,0.0
daslaksh534@oksbi,1,ACC003812,5,89.57
ebansal607@okicici,1,ACC003813,1,40.95
udixit408@okicici,1,ACC003814,1,20.63
yashawinivora268@paytm,1,ACC003815,1,106.38
abhiram68622@ybl,1,ACC003816,2,36.09
elata149@okhdfcbank,1,ACC003817,2,33.33
vihaanpalan945@okicici,1,ACC003818,1,3.49
wkaran590@ybl,1,ACC003819,1,40.95
dugalsamaksh360@okhdfcbank,1,ACC003820,1,20.65
baljiwanvaidya793@okaxis,1,ACC003821,2,179.4
nachiketbhattacharyya403@ybl,1,ACC003822,1,43.75
epradhan792@oksbi,1,ACC003823,0,0.0
aggarwalhema507@okhdfcbank,1,ACC003824,1,20.65
anirudhkarpe162@okicici,1,ACC003825,1,4.49
cdara385@paytm,1,ACC003826,2,48.57
pratyush33965@ybl,1,ACC003827,0,0.0
epurohit404@oksbi,1,ACC003828,0,0.0
knagy498@okicici,1,ACC003829,1,20.28
balveerlall182@ybl,1,ACC003830,0,0.0
harrisonsethi423@okhdfcbank,1,ACC003831,2,67.2
swason835@okhdfcbank,1,ACC003832,3,84.19
farhansandal170@oksbi,1,ACC003833,0,0.0
neelimarao334@ybl,1,ACC003834,0,0.0
nraman775@okhdfcbank,1,ACC003835,1,13.65
bhatianilima240@paytm,1,ACC003836,0,0.0
emandal143@okhdfcbank,1,ACC003837,1,37.8
xguha717@okaxis,1,ACC003838,1,29.38
bbora364@okicici,1,ACC003839,5,490.29
frederick0686@ybl,1,ACC003840,3,64.97
varenyawagle719@okhdfcbank,1,ACC003841,1,30.97
soodxalak663@okhdfcbank,1,ACC003842,2,14.21
settykrishna215@okhdfcbank,1,ACC003843,4,81.62
rmohanty106@oksbi,1,ACC003844,1,20.28
dalalbarkha465@paytm,1,ACC003845,1,20.28
pshanker960@paytm,1,ACC003846,2,41.15
harshmannan616@oksbi,1,ACC003847,0,0.0
wsant446@oksbi,1,ACC003848,0,0.0
zyohannan537@paytm,1,ACC003849,1,657.6
azadghose386@okaxis,1,ACC003850,0,0.0
bansalraghav812@oksbi,1,ACC003851,0,0.0
acharyagauri795@okaxis,1,ACC003852,3,277.24
wahabray426@oksbi,1,ACC003853,2,75.56
jagratigoel408@paytm,1,ACC003854,1,79.1
hiralkota122@okaxis,1,ACC003855,1,31.13
ksem934@ybl,1,ACC003856,2,71.73
falannarula428@paytm,1,ACC003857,0,0.0
urishilla37632@okaxis,1,ACC003858,0,0.0
yashodhara14936@oksbi,1,ACC003859,4,204.73
yatankala325@oksbi,1,ACC003860,1,21.73
yatan99936@okhdfcbank,1,ACC003861,1,43.75
vihaan4917@ybl,1,ACC003862,2,173.25
ekarajmodi736@oksbi,1,ACC003863,0,0.0
girik9575@ybl,1,ACC003864,3,47.41
daggarwal260@ybl,1,ACC003865,0,0.0
hvala492@oksbi,1,ACC003866,0,0.0
savantchatura242@okaxis,1,ACC003867,0,0.0
urvikamdar666@ybl,1,ACC003868,1,19.25
xalaksethi212@okicici,1,ACC003869,1,15.57
niharika83146@paytm,1,ACC003870,1,79.1
vedabava902@okicici,1,ACC003871,0,0.0
kchadha117@oksbi,1,ACC003872,0,0.0
kai04167@okaxis,1,ACC003873,0,0.0
jsampath910@oksbi,1,ACC003874,1,17.15
ldyal485@okicici,1,ACC003875,1,9.08
nagyhemangini378@oksbi,1,ACC003876,2,23.08
meera98208@oksbi,1,ACC003877,0,0.0
agrawalchandresh511@okhdfcbank,1,ACC003878,1,49.35
diptashah247@paytm,1,ACC003879,0,0.0
bimala08777@oksbi,1,ACC003880,1,30.78
bordegayathri729@paytm,1,ACC003881,1,38.15
vchokshi109@okaxis,1,ACC003882,0,0.0
katatriveni108@ybl,1,ACC003883,3,94.63
balhaar72535@paytm,1,ACC003884,0,0.0
gabriel73735@oksbi,1,ACC003885,1,20.49
janani55986@ybl,1,ACC003886,0,0.0
moommen380@ybl,1,ACC003887,0,0.0
ekapadchaudhari486@ybl,1,ACC003888,1,270.9
ipandit218@okicici,1,ACC003889,1,30.78
tripathinakul637@paytm,1,ACC003890,3,69.0
mohini92418@ybl,1,ACC003891,0,0.0
kamalabanerjee566@paytm,1,ACC003892,1,20.63
nachiket01833@okaxis,1,ACC003893,1,17.5
hiteshzacharia36@paytm,1,ACC003894,1,35.0
bandiyug614@paytm,1,ACC003895,1,70.0
edwinjairaj418@paytm,1,ACC003896,0,0.0
faraskala630@ybl,1,ACC003897,2,32.16
uppaltripti428@okicici,1,ACC003898,1,98.0
rajatachaudhuri151@paytm,1,ACC003899,1,43.75
udhingra183@okaxis,1,ACC003900,0,0.0
ekapaddora208@okaxis,1,ACC003901,0,0.0
bumbsarthak622@okaxis,1,ACC003902,2,219.62
ekapadnori570@oksbi,1,ACC003903,0,0.0
oscarkalita971@ybl,1,ACC003904,0,0.0
prabhuwarinder117@ybl,1,ACC003905,1,15.39
gauravchandra621@okicici,1,ACC003906,1,37.78
cde278@paytm,1,ACC003907,1,20.65
vsarna348@oksbi,1,ACC003908,2,51.43
chamanmaharaj527@okhdfcbank,1,ACC003909,4,281.57
yshan806@ybl,1,ACC003910,1,17.49
smital813@ybl,1,ACC003911,0,0.0
samavrinda252@okicici,1,ACC003912,0,0.0
mmittal554@okicici,1,ACC003913,0,0.0
sarnaturvi52@paytm,1,ACC003914,2,114.1
darika63644@okicici,1,ACC003915,2,118.28
advaithmannan914@okicici,1,ACC003916,5,499.19
oprakash18@okhdfcbank,1,ACC003917,2,23.06
agrawalfiyaz22@okaxis,1,ACC003918,1,40.95
andrasaumya620@ybl,1,ACC003919,1,37.97
magarhenry688@okaxis,1,ACC003920,5,70.12
misraaishani462@paytm,1,ACC003921,0,0.0
qmenon593@oksbi,1,ACC003922,2,54.56
vyassaanvi577@okicici,1,ACC003923,0,0.0
ssamra767@ybl,1,ACC003924,0,0.0
vmanda477@okicici,1,ACC003925,0,0.0
utkarsh88417@ybl,1,ACC003926,0,0.0
girik88156@okicici,1,ACC003927,1,20.45
samarthbir956@okaxis,1,ACC003928,0,0.0
vnarayan398@ybl,1,ACC003929,1,12.58
wardabains607@oksbi,1,ACC003930,0,0.0
indrajitramaswamy756@paytm,1,ACC003931,1,17.13
andrewsoni979@okaxis,1,ACC003932,0,0.0
kaladipta186@paytm,1,ACC003933,2,58.78
karpejasmit942@oksbi,1,ACC003934,1,70.0
mannekamala602@paytm,1,ACC003935,1,10.69
zehaanpalla787@ybl,1,ACC003936,0,0.0
ria17196@okicici,1,ACC003937,3,68.25
tnayak211@okicici,1,ACC003938,1,8.12
upadhriti60373@okhdfcbank,1,ACC003939,2,64.03
balaguneet640@ybl,1,ACC003940,0,0.0
baradxavier608@okhdfcbank,1,ACC003941,1,6.89
edhitha20865@ybl,1,ACC003942,3,153.55
falak59423@paytm,1,ACC003943,2,27.98
rram625@okaxis,1,ACC003944,1,20.65
rachanachawla236@okhdfcbank,1,ACC003945,0,0.0
rudrajha919@ybl,1,ACC003946,3,54.57
aradhana47905@oksbi,1,ACC003947,1,40.95
hgoda89@ybl,1,ACC003948,2,17.67
baghyawatisuresh304@oksbi,1,ACC003949,1,13.65
bailyashica435@okhdfcbank,1,ACC003950,3,28.87
balhaar16878@okicici,1,ACC003951,3,169.73
sridharazaan132@oksbi,1,ACC003952,1,11.9
asachar980@paytm,1,ACC003953,1,8.4
sbansal910@ybl,1,ACC003954,1,20.28
unnithakur1@paytm,1,ACC003955,2,131.6
rnagar890@paytm,1,ACC003956,1,87.5
dakshesh83572@paytm,1,ACC003957,0,0.0
deshpandelipika225@okhdfcbank,1,ACC003958,1,12.58
rajata73742@okaxis,1,ACC003959,0,0.0
ekbal58752@okicici,1,ACC003960,1,35.0
tdivan952@ybl,1,ACC003961,0,0.0
rajagopalgagan590@okicici,1,ACC003962,0,0.0
rajuchaitaly699@paytm,1,ACC003963,0,0.0
farhandeol766@paytm,1,ACC003964,1,117.25
ishwararora848@okaxis,1,ACC003965,1,51.1
modiaayush391@okaxis,1,ACC003966,1,17.5
csamra111@paytm,1,ACC003967,0,0.0
wishiben793@oksbi,1,ACC003968,1,17.5
pathaksarthak168@ybl,1,ACC003969,2,23.02
oranganathan649@oksbi,1,ACC003970,1,19.58
chanakya6438@okicici,1,ACC003971,0,0.0
wbaria238@paytm,1,ACC003972,0,0.0
daniel10397@ybl,1,ACC003973,0,0.0
manefaraj570@okicici,1,ACC003974,1,40.95
teerth99131@okaxis,1,ACC003975,0,0.0
solankimason889@ybl,1,ACC003976,1,85.03
mohinibava248@oksbi,1,ACC003977,0,0.0
nsekhon83@okaxis,1,ACC003978,1,64.4
harinimishra572@okicici,1,ACC003979,1,37.78
bhaktaekaraj246@paytm,1,ACC003980,0,0.0
osastry555@okhdfcbank,1,ACC003981,0,0.0
krishnachanda309@paytm,1,ACC003982,5,369.15
varkeychristopher425@okhdfcbank,1,ACC003983,1,32.2
kaulfaras113@okicici,1,ACC003984,0,0.0
bkakar389@okicici,1,ACC003985,1,26.95
krishnamurthybachittar815@ybl,1,ACC003986,1,57.38
osharajan975@okhdfcbank,1,ACC003987,1,20.28
lohittrivedi618@oksbi,1,ACC003988,1,19.95
liambarad343@okaxis,1,ACC003989,2,654.32
edhithawalia3@okicici,1,ACC003990,2,20.28
yugagarwal709@okaxis,1,ACC003991,4,177.78
dsuresh630@okaxis,1,ACC003992,1,16.78
mahaltanay163@okaxis,1,ACC003993,1,40.95
anusha23512@paytm,1,ACC003994,0,0.0
om79881@paytm,1,ACC003995,1,11.9
tailorishaan311@okaxis,1,ACC003996,0,0.0
frederick79191@okaxis,1,ACC003997,1,26.95
pratyushsen473@paytm,1,ACC003998,1,9.08
jackson70325@ybl,1,ACC003999,1,16.78
lavanyasrinivas618@okaxis,1,ACC004000,0,0.0
omyaarora627@ybl,1,ACC004001,0,0.0
kdora666@okaxis,1,ACC004002,4,353.5
ssaha567@ybl,1,ACC004003,1,10.16
akshay80650@okicici,1,ACC004004,0,0.0
farhanbaria786@okicici,1,ACC004005,5,182.36
bajajwilliam338@ybl,1,ACC004006,0,0.0
kamya05225@okicici,1,ACC004007,1,37.78
vkamdar131@paytm,1,ACC004008,0,0.0
omatharv830@paytm,1,ACC004009,0,0.0
vanyapingle365@paytm,1,ACC004010,0,0.0
seshadriaradhana472@paytm,1,ACC004011,1,12.0
suhanibhakta464@paytm,1,ACC004012,1,10.15
awalla890@okhdfcbank,1,ACC004013,1,103.24
rthakkar793@ybl,1,ACC004014,1,11.9
udantbahl669@oksbi,1,ACC004015,2,58.1
mugdha88693@okicici,1,ACC004016,3,149.45
tnaik417@oksbi,1,ACC004017,0,0.0
banerjeesneha446@oksbi,1,ACC004018,0,0.0
omgautami821@okicici,1,ACC004019,5,170.02
dhritimody122@ybl,1,ACC004020,1,17.13
ommann639@okicici,1,ACC004021,1,10.15
ryan4376@okaxis,1,ACC004022,0,0.0
edara448@okhdfcbank,1,ACC004023,1,18.53
singhallibni368@okicici,1,ACC004024,5,133.13
pparmar124@oksbi,1,ACC004025,1,17.5
hemangini25757@okaxis,1,ACC004026,2,29.36
hwadhwa146@paytm,1,ACC004027,1,29.76
kritikabir775@okicici,1,ACC004028,0,0.0
balendra81172@okaxis,1,ACC004029,3,118.65
falan21866@paytm,1,ACC004030,0,0.0
jackdewan789@okicici,1,ACC004031,0,0.0
kala73220@okicici,1,ACC004032,2,128.78
faqidbatta650@okhdfcbank,1,ACC004033,1,45.48
vyanjana59401@ybl,1,ACC004034,0,0.0
abhimanyudevi898@okhdfcbank,1,ACC004035,3,87.93
jonathan0757@okaxis,1,ACC004036,1,10.57
omyasekhon353@okaxis,1,ACC004037,3,196.33
yadavrachana991@okicici,1,ACC004038,2,131.25
ekaja0098@okhdfcbank,1,ACC004039,2,29.4
lbhat732@okhdfcbank,1,ACC004040,0,0.0
jairaj67187@ybl,1,ACC004041,1,12.58
narularehaan943@okhdfcbank,1,ACC004042,2,124.75
deshmukhfarhan176@okicici,1,ACC004043,0,0.0
pillayturvi932@okhdfcbank,1,ACC004044,0,0.0
jainkiaan15@okicici,1,ACC004045,0,0.0
abha35870@ybl,1,ACC004046,0,0.0
malldevansh521@okaxis,1,ACC004047,1,55.98
bhavya73407@okaxis,1,ACC004048,0,0.0
ldevi539@oksbi,1,ACC004049,2,56.68
desaitejas892@okhdfcbank,1,ACC004050,3,86.06
sachipadmanabhan934@ybl,1,ACC004051,3,19.21
yashicadada461@oksbi,1,ACC004052,1,17.5
dipta97496@okicici,1,ACC004053,1,17.15
netra17684@paytm,1,ACC004054,1,175.0
buchjeevika798@okaxis,1,ACC004055,0,0.0
bhargavaharshil767@okhdfcbank,1,ACC004056,4,146.97
tanejachakrika717@okicici,1,ACC004057,1,34.28
qmurthy376@paytm,1,ACC004058,0,0.0
cgade789@ybl,1,ACC004059,0,0.0
aganesh448@oksbi,1,ACC004060,2,37.26
asandal867@oksbi,1,ACC004061,2,91.68
balhaartandon825@ybl,1,ACC004062,0,0.0
zaurora169@paytm,1,ACC004063,1,79.1
sharafanvi668@okhdfcbank,1,ACC004064,0,0.0
girikkorpal317@okaxis,1,ACC004065,1,16.78
finnwalla500@okicici,1,ACC004066,2,54.56
balveer63488@okicici,1,ACC004067,4,141.36
bahlradha312@ybl,1,ACC004068,1,48.65
viggauri178@okhdfcbank,1,ACC004069,2,279.65
william78991@okicici,1,ACC004070,0,0.0
matthew45914@okicici,1,ACC004071,2,135.78
duttdevika467@paytm,1,ACC004072,1,10.83
shravyakade485@okicici,1,ACC004073,2,30.95
wardabala744@okhdfcbank,1,ACC004074,0,0.0
chandraudant48@okaxis,1,ACC004075,0,0.0
diptawali623@okicici,1,ACC004076,0,0.0
ekanta6187@okicici,1,ACC004077,0,0.0
rsinghal16@ybl,1,ACC004078,1,7.0
wbhatia526@ybl,1,ACC004079,5,163.47
dugalyashasvi840@paytm,1,ACC004080,1,40.95
vasanasuresh497@oksbi,1,ACC004081,0,0.0
patilleela524@okaxis,1,ACC004082,1,56.17
harinakshiborde970@ybl,1,ACC004083,1,20.28
abdul46579@okicici,1,ACC004084,0,0.0
laban87896@paytm,1,ACC004085,2,37.43
chandani47218@okaxis,1,ACC004086,2,290.85
oliverpall231@okaxis,1,ACC004087,1,117.25
guptapriya404@okaxis,1,ACC004088,1,2.09
nbhandari356@oksbi,1,ACC004089,0,0.0
abdul43405@oksbi,1,ACC004090,0,0.0
ekavir10763@oksbi,1,ACC004091,0,0.0
bhatneel612@paytm,1,ACC004092,0,0.0
ozaazad900@okicici,1,ACC004093,1,35.0
mohantyyashvi398@ybl,1,ACC004094,3,121.13
tanmayimagar741@paytm,1,ACC004095,2,61.91
dateurvashi659@okaxis,1,ACC004096,1,20.65
orinderparmer938@okhdfcbank,1,ACC004097,0,0.0
harshil42663@okaxis,1,ACC004098,0,0.0
ugopal876@ybl,1,ACC004099,1,18.2
wakeeta9125@ybl,1,ACC004100,3,66.08
vyaswaida623@paytm,1,ACC004101,3,148.36
jpalan672@ybl,1,ACC004102,2,61.23
chaturasinghal812@okaxis,1,ACC004103,3,370.98
chanchalagate170@paytm,1,ACC004104,0,0.0
chackoindira561@ybl,1,ACC004105,2,37.43
benjaminwali754@paytm,1,ACC004106,1,28.0
hemasengupta60@okhdfcbank,1,ACC004107,1,35.0
kashyapsiya297@okhdfcbank,1,ACC004108,1,20.65
parekharyan393@ybl,1,ACC004109,4,173.25
kallabina930@paytm,1,ACC004110,3,67.42
wmistry667@okaxis,1,ACC004111,1,26.95
fbahl210@okhdfcbank,1,ACC004112,3,60.88
kbhandari13@paytm,1,ACC004113,4,224.12
vrishtikaur529@paytm,1,ACC004114,0,0.0
babuwazir646@okicici,1,ACC004115,1,17.13
mdeol46@oksbi,1,ACC004116,0,0.0
jsheth641@paytm,1,ACC004117,1,37.78
sanyabhardwaj632@ybl,1,ACC004118,0,0.0
nirjabath824@okicici,1,ACC004119,0,0.0
indrajit42363@oksbi,1,ACC004120,0,0.0
dbhagat653@ybl,1,ACC004121,0,0.0
zbadami137@oksbi,1,ACC004122,3,52.46
vaidyajack229@okicici,1,ACC004123,1,40.95
radhikabahl925@okhdfcbank,1,ACC004124,0,0.0
hvenkataraman222@okhdfcbank,1,ACC004125,2,30.8
devidivya84@paytm,1,ACC004126,0,0.0
ishani10735@oksbi,1,ACC004127,3,116.72
subramaniamjasmit455@oksbi,1,ACC004128,2,44.43
sandalijaya590@ybl,1,ACC004129,1,74.55
mdugar860@paytm,1,ACC004130,3,110.23
pillainitara837@okicici,1,ACC004131,1,35.0
nilimaagrawal312@oksbi,1,ACC004132,2,90.98
anikagola448@okaxis,1,ACC004133,1,8.75
ybail300@paytm,1,ACC004134,1,13.65
darahritik554@okhdfcbank,1,ACC004135,0,0.0
indali34106@oksbi,1,ACC004136,0,0.0
manbir04665@okaxis,1,ACC004137,2,73.48
dayamaikarnik365@okhdfcbank,1,ACC004138,1,11.32
yochana56333@okicici,1,ACC004139,1,17.15
anikasabharwal455@okaxis,1,ACC004140,2,12.25
radhikashetty589@paytm,1,ACC004141,0,0.0
pkadakia147@okaxis,1,ACC004142,1,43.75
rbhat835@okhdfcbank,1,ACC004143,1,29.03
max23275@paytm,1,ACC004144,1,12.58
kmanda667@oksbi,1,ACC004145,1,37.78
ddugar32@oksbi,1,ACC004146,0,0.0
walishivansh499@okaxis,1,ACC004147,0,0.0
aashi66295@paytm,1,ACC004148,0,0.0
aarnav8318@paytm,1,ACC004149,1,37.97
revapal829@okicici,1,ACC004150,1,35.0
pnagi307@ybl,1,ACC004151,1,17.5
lsaini17@ybl,1,ACC004152,2,253.05
dalajaborra298@okicici,1,ACC004153,2,81.9
prashadkrisha488@oksbi,1,ACC004154,2,22.51
warhikaur939@okhdfcbank,1,ACC004155,2,33.91
bhattacharyyagaurav516@okaxis,1,ACC004156,1,10.15
ljain767@okaxis,1,ACC004157,1,55.98
oahluwalia173@paytm,1,ACC004158,1,17.5
tranganathan679@okicici,1,ACC004159,1,181.65
alexander85288@paytm,1,ACC004160,2,148.36
sureshurishilla489@okaxis,1,ACC004161,3,91.31
pandeydalbir879@okhdfcbank,1,ACC004162,1,20.28
gaurangi44645@okicici,1,ACC004163,3,99.17
madhav17367@okaxis,1,ACC004164,0,0.0
jayaramanishanvi834@oksbi,1,ACC004165,1,16.49
iseshadri110@okhdfcbank,1,ACC004166,2,89.48
qnatt803@okhdfcbank,1,ACC004167,5,318.09
bhavyasachdeva427@okaxis,1,ACC004168,2,605.56
saicontractor767@okaxis,1,ACC004169,3,173.83
gautam61325@okaxis,1,ACC004170,1,73.48
balvan25454@oksbi,1,ACC004171,1,73.48
ira60575@okicici,1,ACC004172,2,55.68
samarth30862@ybl,1,ACC004173,1,40.95
kalasamaksh626@ybl,1,ACC004174,4,645.69
dnaidu88@paytm,1,ACC004175,1,193.9
upillai704@okicici,1,ACC004176,3,178.15
unni84115@oksbi,1,ACC004177,2,59.75
vhayer738@ybl,1,ACC004178,1,8.4
abhimanyupanchal86@okhdfcbank,1,ACC004179,0,0.0
oni42641@okhdfcbank,1,ACC004180,1,30.45
ssahota807@okhdfcbank,1,ACC004181,2,20.76
ati95579@paytm,1,ACC004182,1,14.0
nkalla184@okicici,1,ACC004183,0,0.0
xmagar119@okicici,1,ACC004184,0,0.0
bbal92@oksbi,1,ACC004185,3,51.79
pbasu285@ybl,1,ACC004186,4,130.18
bajajsiya291@okhdfcbank,1,ACC004187,2,58.1
champak33263@okaxis,1,ACC004188,0,0.0
enaidu884@oksbi,1,ACC004189,4,337.73
wbhavsar291@ybl,1,ACC004190,3,104.65
bahlzashil204@okhdfcbank,1,ACC004191,2,156.38
georgegarg128@oksbi,1,ACC004192,4,174.63
anay79438@okicici,1,ACC004193,1,11.32
boasebrijesh843@okicici,1,ACC004194,2,64.4
nkalla941@okicici,1,ACC004195,0,0.0
chadhaurvi213@okhdfcbank,1,ACC004196,2,33.93
michael97838@oksbi,1,ACC004197,0,0.0
ulal842@paytm,1,ACC004198,1,7.0
dadagaurika920@okaxis,1,ACC004199,0,0.0
manisanya640@okaxis,1,ACC004200,1,111.12
gavin9782@okicici,1,ACC004201,0,0.0
rmittal774@okicici,1,ACC004202,5,107.34
johalmitesh661@okaxis,1,ACC004203,1,15.75
aggarwalgagan422@okaxis,1,ACC004204,0,0.0
lakshit00967@okicici,1,ACC004205,4,76.09
qbasu553@ybl,1,ACC004206,1,70.0
chavvi76354@paytm,1,ACC004207,3,262.85
gnaidu487@paytm,1,ACC004208,1,17.15
riyayadav557@oksbi,1,ACC004209,2,48.15
zgoda473@oksbi,1,ACC004210,2,50.03
hsingh554@okhdfcbank,1,ACC004211,0,0.0
pillayyashawini889@okaxis,1,ACC004212,0,0.0
frado88328@paytm,1,ACC004213,0,0.0
tarak41347@paytm,1,ACC004214,0,0.0
ekbalmistry458@oksbi,1,ACC004215,5,202.98
chadhaoni36@paytm,1,ACC004216,3,169.54
balasamaksh277@okaxis,1,ACC004217,0,0.0
jbanik744@okhdfcbank,1,ACC004218,1,19.58
schar987@okicici,1,ACC004219,2,190.73
ywali469@oksbi,1,ACC004220,0,0.0
wissac677@okhdfcbank,1,ACC004221,1,17.15
savantutkarsh456@okaxis,1,ACC004222,2,130.51
somlaksh697@okicici,1,ACC004223,0,0.0
asampath931@okaxis,1,ACC004224,0,0.0
thomasbansal860@okicici,1,ACC004225,2,101.83
jairajyohannan5@okhdfcbank,1,ACC004226,0,0.0
hritik60952@oksbi,1,ACC004227,2,130.19
ozamason944@oksbi,1,ACC004228,1,36.4
idyal379@okhdfcbank,1,ACC004229,1,15.4
yochanachander274@okhdfcbank,1,ACC004230,0,0.0
pahal68219@oksbi,1,ACC004231,0,0.0
csingh508@okicici,1,ACC004232,2,51.25
harini48583@oksbi,1,ACC004233,2,122.97
singhbrijesh670@paytm,1,ACC004234,0,0.0
xmitra480@ybl,1,ACC004235,1,15.57
cdora65@ybl,1,ACC004236,0,0.0
oeshi16414@oksbi,1,ACC004237,1,18.0
zayanchacko104@okaxis,1,ACC004238,1,5.58
mitrajagat516@okaxis,1,ACC004239,1,37.97
lwalla681@ybl,1,ACC004240,0,0.0
hswamy231@okhdfcbank,1,ACC004241,2,29.05
utrivedi492@okaxis,1,ACC004242,1,16.78
udantkhatri297@paytm,1,ACC004243,1,35.0
rdesai652@okicici,1,ACC004244,1,10.45
murtyabdul809@paytm,1,ACC004245,1,30.78
divyahari14@okicici,1,ACC004246,1,8.75
hemangmital280@okhdfcbank,1,ACC004247,0,0.0
vrindanarang734@paytm,1,ACC004248,2,95.51
fdani348@paytm,1,ACC004249,1,17.5
luke71392@okaxis,1,ACC004250,0,0.0
bhavya87109@okhdfcbank,1,ACC004251,0,0.0
mayashroff619@okaxis,1,ACC004252,2,74.2
pallavi3182@okhdfcbank,1,ACC004253,1,30.45
gabahitesh874@ybl,1,ACC004254,1,11.74
tanveer91141@okicici,1,ACC004255,1,29.03
upma21317@okhdfcbank,1,ACC004256,3,98.68
shivanighosh512@okaxis,1,ACC004257,1,2.45
sagarbhanumati173@okicici,1,ACC004258,0,0.0
manthan16216@ybl,1,ACC004259,0,0.0
zayyan68215@oksbi,1,ACC004260,2,23.8
noza816@okhdfcbank,1,ACC004261,1,20.28
vbala301@oksbi,1,ACC004262,1,8.75
baghyawati26515@okhdfcbank,1,ACC004263,0,0.0
barmandalaja101@paytm,1,ACC004264,0,0.0
zehaankade934@okaxis,1,ACC004265,1,12.58
nadkarnijason975@ybl,1,ACC004266,0,0.0
kaurlopa672@oksbi,1,ACC004267,0,0.0
samarchar234@paytm,1,ACC004268,1,12.58
rpau476@okicici,1,ACC004269,2,68.6
lekhatoor500@oksbi,1,ACC004270,0,0.0
tiwaritamanna505@okicici,1,ACC004271,1,37.78
anmolmenon629@okhdfcbank,1,ACC004272,0,0.0
mohanliam178@ybl,1,ACC004273,1,50.38
wjani660@oksbi,1,ACC004274,0,0.0
wazir4240@okicici,1,ACC004275,1,20.65
dayalgautami485@paytm,1,ACC004276,0,0.0
bawagagan332@okicici,1,ACC004277,3,71.57
gsagar896@okicici,1,ACC004278,2,51.62
xalakwadhwa314@oksbi,1,ACC004279,1,40.95
hbuch9@oksbi,1,ACC004280,0,0.0
sundaramnirja545@oksbi,1,ACC004281,1,24.75
raagini88184@ybl,1,ACC004282,1,8.75
yashoda5596@paytm,1,ACC004283,1,17.15
chandreshshroff529@okicici,1,ACC004284,2,47.05
gagan60812@okaxis,1,ACC004285,3,93.76
yashawini91683@ybl,1,ACC004286,0,0.0
aarinicherian559@paytm,1,ACC004287,0,0.0
vkale811@okicici,1,ACC004288,0,0.0
vrindamaharaj708@okicici,1,ACC004289,3,110.42
rshanker289@ybl,1,ACC004290,1,29.03
lbarad54@okhdfcbank,1,ACC004291,2,37.17
sganguly962@ybl,1,ACC004292,3,29.73
timothy95632@okhdfcbank,1,ACC004293,0,0.0
sacharwakeeta876@okhdfcbank,1,ACC004294,1,7.0
ekaraj56769@okicici,1,ACC004295,1,37.78
fkhurana145@paytm,1,ACC004296,1,63.33
sai79146@okhdfcbank,1,ACC004297,1,13.65
malljagdish288@oksbi,1,ACC004298,1,23.08
bainsishaan481@oksbi,1,ACC004299,1,40.95
ayush62621@okhdfcbank,1,ACC004300,2,40.56
framesh451@okicici,1,ACC004301,2,127.75
solankinaveen278@okaxis,1,ACC004302,1,19.07
yashoda9744@okaxis,1,ACC004303,0,0.0
warinder34592@oksbi,1,ACC004304,0,0.0
wrideshmangal961@oksbi,1,ACC004305,0,0.0
aggarwalaarini575@okicici,1,ACC004306,1,37.78
yastiloke604@oksbi,1,ACC004307,0,0.0
bshere988@okhdfcbank,1,ACC004308,1,107.08
bsandhu144@paytm,1,ACC004309,1,6.02
kantishanvi677@paytm,1,ACC004310,0,0.0
miteshkarnik869@ybl,1,ACC004311,3,65.14
prisha97471@paytm,1,ACC004312,1,3.83
fnaik307@okicici,1,ACC004313,1,10.24
bchad17@okhdfcbank,1,ACC004314,0,0.0
ikshita5386@ybl,1,ACC004315,2,98.17
robertkaran36@oksbi,1,ACC004316,2,150.59
kritikakari731@okicici,1,ACC004317,0,0.0
pdoctor378@okicici,1,ACC004318,0,0.0
venkateshdayamai616@paytm,1,ACC004319,2,104.65
dasharyan819@oksbi,1,ACC004320,1,51.1
wriddhishmerchant183@okhdfcbank,1,ACC004321,3,122.89
dutttanish63@okicici,1,ACC004322,0,0.0
deepashukla444@okaxis,1,ACC004323,1,16.78
sundaramvinaya668@oksbi,1,ACC004324,1,7.33
vdeep24@paytm,1,ACC004325,1,20.65
rakshawalia795@okicici,1,ACC004326,1,11.9
rishidua972@okhdfcbank,1,ACC004327,0,0.0
seneshana105@ybl,1,ACC004328,2,33.91
sawhneyudyati553@ybl,1,ACC004329,1,59.85
cgoyal289@ybl,1,ACC004330,0,0.0
garimaaurora728@okaxis,1,ACC004331,1,20.65
sviswanathan694@okicici,1,ACC004332,0,0.0
ejha480@okhdfcbank,1,ACC004333,0,0.0
vanyagara345@okicici,1,ACC004334,1,40.95
kevindada119@oksbi,1,ACC004335,0,0.0
kamala86255@paytm,1,ACC004336,2,46.51
inagar27@paytm,1,ACC004337,2,49.7
kraj919@okaxis,1,ACC004338,5,169.49
aryankata463@ybl,1,ACC004339,0,0.0
ivarughese203@paytm,1,ACC004340,0,0.0
gopal64185@okicici,1,ACC004341,0,0.0
vdua234@oksbi,1,ACC004342,0,0.0
vgole930@ybl,1,ACC004343,0,0.0
senkai252@okhdfcbank,1,ACC004344,2,26.93
kiaannadkarni343@ybl,1,ACC004345,1,40.95
bajajdalbir139@ybl,1,ACC004346,2,91.0
vivaanyohannan64@okicici,1,ACC004347,2,50.49
charleskothari332@oksbi,1,ACC004348,1,17.5
mandalati186@paytm,1,ACC004349,0,0.0
sudikshakaur650@okicici,1,ACC004350,1,5.25
anjalitata826@oksbi,1,ACC004351,1,135.93
deepabala765@okaxis,1,ACC004352,1,30.45
noah12859@ybl,1,ACC004353,0,0.0
urmichakraborty333@oksbi,1,ACC004354,1,10.21
sathvikrau994@okhdfcbank,1,ACC004355,0,0.0
daveagastya622@okhdfcbank,1,ACC004356,0,0.0
kalitalogan585@oksbi,1,ACC004357,1,2.5
tarapriya893@ybl,1,ACC004358,2,30.13
ugarg739@okhdfcbank,1,ACC004359,2,140.0
jai69655@paytm,1,ACC004360,0,0.0
tanish39736@ybl,1,ACC004361,1,10.77
arya8919@okaxis,1,ACC004362,0,0.0
jatinbedi176@okicici,1,ACC004363,1,17.5
aishanidalia13@okaxis,1,ACC004364,2,44.65
qgupta70@okaxis,1,ACC004365,4,70.15
wmahal22@ybl,1,ACC004366,1,43.75
uarora233@ybl,1,ACC004367,0,0.0
zseth853@okicici,1,ACC004368,0,0.0
keertriya561@okaxis,1,ACC004369,4,142.41
ganesanhemang337@ybl,1,ACC004370,1,10.15
janyasaran805@paytm,1,ACC004371,5,151.31
ubika76306@okhdfcbank,1,ACC004372,4,134.59
mandaosha647@oksbi,1,ACC004373,1,79.1
yagnesh77628@ybl,1,ACC004374,1,12.25
tanay22151@paytm,1,ACC004375,1,231.7
omya41642@okhdfcbank,1,ACC004376,0,0.0
anamikalanka332@okhdfcbank,1,ACC004377,1,37.97
xbhardwaj558@okicici,1,ACC004378,1,55.98
ekavir27392@paytm,1,ACC004379,0,0.0
harsh29360@okaxis,1,ACC004380,1,12.25
kala66742@paytm,1,ACC004381,2,54.6
tanveer79545@okhdfcbank,1,ACC004382,0,0.0
wazir94623@oksbi,1,ACC004383,3,160.8
eraman350@oksbi,1,ACC004384,0,0.0
qarora719@okhdfcbank,1,ACC004385,0,0.0
esaraf209@okaxis,1,ACC004386,2,84.41
mishraabhiram339@oksbi,1,ACC004387,1,49.68
nakultella300@okicici,1,ACC004388,0,0.0
bahadurjitsani37@oksbi,1,ACC004389,4,170.76
seshadriekanta897@okicici,1,ACC004390,4,100.43
krishnannathaniel646@paytm,1,ACC004391,0,0.0
dhriti75501@okicici,1,ACC004392,0,0.0
umang27641@okhdfcbank,1,ACC004393,2,32.86
zgokhale76@okaxis,1,ACC004394,0,0.0
ebadal877@paytm,1,ACC004395,1,17.5
nayarjasmit411@ybl,1,ACC004396,5,396.0
jagrati10606@oksbi,1,ACC004397,1,37.78
nicholas81776@paytm,1,ACC004398,4,282.78
yashodhara60868@oksbi,1,ACC004399,2,78.73
bdugal200@oksbi,1,ACC004400,1,73.48
edhitha28282@okicici,1,ACC004401,0,0.0
bmurty266@oksbi,1,ACC004402,2,97.63
kritikamistry971@paytm,1,ACC004403,1,27.13
kapadiabhanumati482@ybl,1,ACC004404,1,35.0
chaman36674@paytm,1,ACC004405,1,35.7
ogokhale889@ybl,1,ACC004406,0,0.0
srivastavaria445@oksbi,1,ACC004407,3,75.88
nandini139@ybl,1,ACC004408,2,131.95
pallavi30846@paytm,1,ACC004409,0,0.0
darpankeer989@ybl,1,ACC004410,0,0.0
borajagat182@okicici,1,ACC004411,0,0.0
samrahredhaan599@oksbi,1,ACC004412,0,0.0
miteshsachdev994@ybl,1,ACC004413,1,844.74
veernarain511@okaxis,1,ACC004414,1,20.28
mohanpatrick592@okhdfcbank,1,ACC004415,3,49.7
yashica43931@okaxis,1,ACC004416,0,0.0
shivanshkumer951@okicici,1,ACC004417,0,0.0
etagara401@okaxis,1,ACC004418,1,8.05
hdua944@oksbi,1,ACC004419,2,67.2
rdeep183@okaxis,1,ACC004420,0,0.0
gavinparikh90@paytm,1,ACC004421,0,0.0
damini47327@paytm,1,ACC004422,4,169.38
tejas47388@ybl,1,ACC004423,1,14.53
horautkarsh238@ybl,1,ACC004424,1,12.58
guptachatresh27@okaxis,1,ACC004425,1,40.95
dejalsa829@okhdfcbank,1,ACC004426,1,8.26
narayananmugdha41@okhdfcbank,1,ACC004427,1,26.95
forumwason645@paytm,1,ACC004428,2,47.6
dakshesh15105@ybl,1,ACC004429,0,0.0
bimalawable880@oksbi,1,ACC004430,0,0.0
aahanamurty521@okhdfcbank,1,ACC004431,0,0.0
patlaurvashi294@okaxis,1,ACC004432,0,0.0
muttianjali890@ybl,1,ACC004433,1,47.23
kritika21208@okicici,1,ACC004434,3,80.83
varmaharini929@ybl,1,ACC004435,2,19.46
gauri27636@oksbi,1,ACC004436,2,58.1
saraahuja16@ybl,1,ACC004437,0,0.0
logan04604@okaxis,1,ACC004438,0,0.0
lmurty858@okaxis,1,ACC004439,0,0.0
jonathanhegde166@okicici,1,ACC004440,1,13.65
zehaanchauhan896@okicici,1,ACC004441,1,151.7
williamsahni397@ybl,1,ACC004442,2,26.07
nirjasabharwal983@okhdfcbank,1,ACC004443,0,0.0
boraraagini166@okhdfcbank,1,ACC004444,0,0.0
abdulbal549@ybl,1,ACC004445,2,92.22
joshilipika296@okhdfcbank,1,ACC004446,0,0.0
yganguly457@okaxis,1,ACC004447,0,0.0
harish10508@oksbi,1,ACC004448,2,90.28
meghaborah781@oksbi,1,ACC004449,2,73.15
arunimatrivedi513@okhdfcbank,1,ACC004450,1,20.65
unnatimorar355@ybl,1,ACC004451,0,0.0
dugarryan580@paytm,1,ACC004452,0,0.0
max20238@paytm,1,ACC004453,1,8.4
hbhatia160@paytm,1,ACC004454,2,64.22
mitesh27344@okicici,1,ACC004455,1,40.95
aarushvora319@okaxis,1,ACC004456,1,20.65
mannanmaya617@paytm,1,ACC004457,1,26.95
amohan333@paytm,1,ACC004458,0,0.0
gauri99708@okaxis,1,ACC004459,0,0.0
ravelmitesh333@paytm,1,ACC004460,0,0.0
janya53878@ybl,1,ACC004461,1,40.95
amolkhosla900@okicici,1,ACC004462,1,179.18
aadi12832@paytm,1,ACC004463,0,0.0
chhabraansh107@paytm,1,ACC004464,0,0.0
chowdhuryleena910@ybl,1,ACC004465,2,93.7
dayita71917@oksbi,1,ACC004466,3,718.91
rborah621@ybl,1,ACC004467,2,91.69
niteshsolanki987@okhdfcbank,1,ACC004468,0,0.0
vedika85471@ybl,1,ACC004469,1,17.15
omisharaman495@okaxis,1,ACC004470,1,10.83
anandosha733@okhdfcbank,1,ACC004471,3,189.85
karavrinda64@ybl,1,ACC004472,1,59.85
gaurav48763@okhdfcbank,1,ACC004473,1,11.18
bakhshidhillon969@okicici,1,ACC004474,3,100.41
unnibatta162@okhdfcbank,1,ACC004475,0,0.0
triveni93838@okicici,1,ACC004476,1,79.1
nicholasgrewal954@paytm,1,ACC004477,0,0.0
advaithnarasimhan142@okaxis,1,ACC004478,1,35.17
balachampak965@okaxis,1,ACC004479,0,0.0
echada529@ybl,1,ACC004480,0,0.0
leenatara862@oksbi,1,ACC004481,2,55.28
advika69716@okicici,1,ACC004482,1,19.25
otaneja924@okicici,1,ACC004483,0,0.0
behlzaid784@okaxis,1,ACC004484,1,32.2
yuvrajdas562@okhdfcbank,1,ACC004485,1,20.65
danielnaik875@okhdfcbank,1,ACC004486,3,82.39
yutika6527@okaxis,1,ACC004487,0,0.0
kdewan351@okaxis,1,ACC004488,1,17.5
nakulghose403@ybl,1,ACC004489,1,9.43
yoshitaraju536@oksbi,1,ACC004490,1,109.18
leela26772@okicici,1,ACC004491,0,0.0
shivansh48145@okaxis,1,ACC004492,1,55.98
vartycharita321@oksbi,1,ACC004493,3,41.12
deshpandeudarsh71@okhdfcbank,1,ACC004494,2,46.0
ganesanwaida625@okicici,1,ACC004495,0,0.0
anyatandon92@paytm,1,ACC004496,0,0.0
fmohanty850@okaxis,1,ACC004497,5,174.64
xmajumdar637@paytm,1,ACC004498,2,160.63
saanvinadig219@okaxis,1,ACC004499,2,56.85
sawhneynathaniel533@ybl,1,ACC004500,1,26.95
garaamrita689@paytm,1,ACC004501,0,0.0
kamyachopra262@oksbi,1,ACC004502,0,0.0
unniahuja233@okaxis,1,ACC004503,1,20.65
nagichaaya310@paytm,1,ACC004504,0,0.0
rajadakshesh46@okhdfcbank,1,ACC004505,0,0.0
nandaniharika431@paytm,1,ACC004506,1,4.02
ekapadwagle160@okaxis,1,ACC004507,1,37.78
devanlakshmi575@oksbi,1,ACC004508,0,0.0
nandalaban835@okhdfcbank,1,ACC004509,0,0.0
tarak62774@paytm,1,ACC004510,4,540.69
dsarma176@oksbi,1,ACC004511,0,0.0
pranit70284@okhdfcbank,1,ACC004512,1,37.78
kantsneha305@oksbi,1,ACC004513,3,85.66
ushankar309@oksbi,1,ACC004514,5,159.23
abhimanyu6950@okicici,1,ACC004515,3,73.08
pradhanwridesh875@okicici,1,ACC004516,0,0.0
revathaker285@ybl,1,ACC004517,2,49.7
urvideshpande206@okicici,1,ACC004518,1,20.63
ramakeya478@paytm,1,ACC004519,1,13.65
pallabishakha81@ybl,1,ACC004520,1,11.9
balvan77443@okaxis,1,ACC004521,2,58.1
fnayar269@paytm,1,ACC004522,3,297.73
qasim01100@okaxis,1,ACC004523,0,0.0
hiral64762@okaxis,1,ACC004524,0,0.0
kritika16617@okhdfcbank,1,ACC004525,3,170.78
kalesai123@okicici,1,ACC004526,2,411.6
falakmangal218@oksbi,1,ACC004527,3,94.48
ahluwaliadayita722@ybl,1,ACC004528,5,59.68
anjalibarman241@okaxis,1,ACC004529,0,0.0
hseth298@paytm,1,ACC004530,1,39.18
aggarwalabeer617@ybl,1,ACC004531,4,202.26
mugdhapanchal43@ybl,1,ACC004532,2,256.9
pswaminathan859@oksbi,1,ACC004533,0,0.0
deeptanay847@okicici,1,ACC004534,5,290.34
janiupasna399@okhdfcbank,1,ACC004535,2,107.78
yachana98486@ybl,1,ACC004536,0,0.0
aryandalal264@ybl,1,ACC004537,3,109.86
chavvibali828@okicici,1,ACC004538,0,0.0
yadavirastogi772@paytm,1,ACC004539,0,0.0
sawhneyekani63@okaxis,1,ACC004540,0,0.0
vinaya34829@oksbi,1,ACC004541,1,154.35
rayrachit169@paytm,1,ACC004542,0,0.0
adwetakothari651@okhdfcbank,1,ACC004543,1,26.25
darikagrover211@paytm,1,ACC004544,3,90.02
charvikaul121@ybl,1,ACC004545,0,0.0
amol79551@okaxis,1,ACC004546,1,73.83
lakshmiparsa631@paytm,1,ACC004547,1,40.95
michael117@okhdfcbank,1,ACC004548,2,76.63
zdora355@okaxis,1,ACC004549,0,0.0
xvarghese241@okhdfcbank,1,ACC004550,1,20.28
ckale158@okicici,1,ACC004551,1,77.7
khareqabil356@okicici,1,ACC004552,1,53.18
harshilkalla293@okicici,1,ACC004553,1,232.4
manefrederick753@paytm,1,ACC004554,1,37.78
sekhontimothy551@okhdfcbank,1,ACC004555,0,0.0
chaudryyachana752@ybl,1,ACC004556,1,28.0
viraj43129@ybl,1,ACC004557,2,29.38
vihaanghose754@paytm,1,ACC004558,0,0.0
mistrybishakha902@ybl,1,ACC004559,4,51.12
isaacmenon917@okhdfcbank,1,ACC004560,0,0.0
narayanreva759@okicici,1,ACC004561,1,105.0
aryangoyal499@okicici,1,ACC004562,1,95.53
tsarna790@okicici,1,ACC004563,3,164.11
plal288@okhdfcbank,1,ACC004564,0,0.0
mpai342@okicici,1,ACC004565,3,463.75
wbajaj746@okhdfcbank,1,ACC004566,1,10.04
veer32193@okicici,1,ACC004567,2,78.21
wahabluthra144@ybl,1,ACC004568,0,0.0
bhallaekapad247@oksbi,1,ACC004569,3,60.74
garagaurangi725@okicici,1,ACC004570,1,10.15
hardik91428@okicici,1,ACC004571,2,80.13
nathan20157@okaxis,1,ACC004572,1,14.0
warjas19281@okicici,1,ACC004573,0,0.0
frederick79649@okhdfcbank,1,ACC004574,0,0.0
baurora383@ybl,1,ACC004575,0,0.0
ekeer179@paytm,1,ACC004576,1,13.64
nicholas23528@okhdfcbank,1,ACC004577,3,65.41
chaudhryzarna468@okaxis,1,ACC004578,0,0.0
asalvi612@okaxis,1,ACC004579,0,0.0
gardeveer125@okicici,1,ACC004580,1,10.15
ydugar302@okicici,1,ACC004581,2,87.1
vbatra487@paytm,1,ACC004582,0,0.0
xmahajan768@okhdfcbank,1,ACC004583,1,17.15
victor34488@paytm,1,ACC004584,2,12.94
oliver43333@oksbi,1,ACC004585,1,17.5
parikhharita940@okicici,1,ACC004586,0,0.0
dassagastya783@ybl,1,ACC004587,1,10.69
panditrachana752@paytm,1,ACC004588,3,129.99
osekhon470@oksbi,1,ACC004589,0,0.0
triptimistry402@okhdfcbank,1,ACC004590,0,0.0
mohammed81940@okicici,1,ACC004591,1,25.53
advaithdutta129@okicici,1,ACC004592,0,0.0
yjohal406@oksbi,1,ACC004593,0,0.0
saanvivarghese872@oksbi,1,ACC004594,1,13.65
hardikwagle965@okaxis,1,ACC004595,1,285.6
wshan653@okhdfcbank,1,ACC004596,1,35.0
nidhiseth504@okicici,1,ACC004597,2,35.75
boseom353@okhdfcbank,1,ACC004598,3,120.01
darika27611@oksbi,1,ACC004599,2,58.43
william08640@okhdfcbank,1,ACC004600,2,87.5
jagdishsahni402@okaxis,1,ACC004601,3,117.64
urmigokhale497@oksbi,1,ACC004602,4,482.28
aprakash66@ybl,1,ACC004603,0,0.0
mallrayaan596@okicici,1,ACC004604,2,54.6
pvaidya873@oksbi,1,ACC004605,0,0.0
phayer261@ybl,1,ACC004606,1,175.0
damble7@paytm,1,ACC004607,1,94.5
kavyabal394@okicici,1,ACC004608,1,37.78
faris08621@okhdfcbank,1,ACC004609,3,148.97
madhavpall528@okaxis,1,ACC004610,3,115.49
karladli159@okaxis,1,ACC004611,1,109.53
champak31343@okicici,1,ACC004612,2,40.58
chauhanyashawini579@oksbi,1,ACC004613,1,2.58
geetikadyal775@oksbi,1,ACC004614,1,35.33
jagdish75796@okhdfcbank,1,ACC004615,0,0.0
dapte4@paytm,1,ACC004616,2,74.92
neelima08541@okhdfcbank,1,ACC004617,0,0.0
bahlsathvik219@ybl,1,ACC004618,0,0.0
omsachdeva107@ybl,1,ACC004619,0,0.0
ibhardwaj523@oksbi,1,ACC004620,2,23.8
maanav77985@paytm,1,ACC004621,2,51.78
jagviedwin408@okicici,1,ACC004622,1,35.0
zachariahharrison640@oksbi,1,ACC004623,1,117.25
yashvisamra945@okicici,1,ACC004624,1,5.34
sarthak88721@okhdfcbank,1,ACC004625,0,0.0
andrew80890@ybl,1,ACC004626,0,0.0
lokewyatt554@paytm,1,ACC004627,2,54.6
cpant384@okhdfcbank,1,ACC004628,4,105.99
senguptalaksh395@okicici,1,ACC004629,1,26.25
ojasvitaneja659@ybl,1,ACC004630,0,0.0
samarbalay73@oksbi,1,ACC004631,1,17.15
indali13473@okaxis,1,ACC004632,1,10.83
sachdevnetra345@okicici,1,ACC004633,1,12.8
pbedi495@okhdfcbank,1,ACC004634,0,0.0
leela97913@paytm,1,ACC004635,0,0.0
dominic73915@okhdfcbank,1,ACC004636,4,226.46
swamyadya620@paytm,1,ACC004637,2,37.06
rsamra300@okhdfcbank,1,ACC004638,0,0.0
umajumdar150@okicici,1,ACC004639,2,400.38
ekapad68541@okicici,1,ACC004640,1,291.9
saanvi89690@okhdfcbank,1,ACC004641,2,64.4
ayaan88642@okicici,1,ACC004642,1,10.83
patrick97847@paytm,1,ACC004643,0,0.0
maanas72596@okaxis,1,ACC004644,3,74.9
qushidixit732@okicici,1,ACC004645,0,0.0
fpau417@ybl,1,ACC004646,3,76.96
klata710@paytm,1,ACC004647,0,0.0
darshhayre495@oksbi,1,ACC004648,0,0.0
girindra52453@paytm,1,ACC004649,1,193.9
waliakalpit225@ybl,1,ACC004650,0,0.0
palhemani414@oksbi,1,ACC004651,4,226.06
aarinishetty513@paytm,1,ACC004652,0,0.0
kkhanna262@okicici,1,ACC004653,2,20.68
zchaudhry1@okicici,1,ACC004654,0,0.0
yashvi58607@okaxis,1,ACC004655,4,71.26
boasenetra467@okaxis,1,ACC004656,2,46.88
radhamanda568@okhdfcbank,1,ACC004657,2,77.31
mannmanya243@okicici,1,ACC004658,2,22.03
pillaiunnati990@okaxis,1,ACC004659,0,0.0
kuruvillaethan715@okicici,1,ACC004660,1,98.0
timothy30209@paytm,1,ACC004661,2,35.35
jpillay883@paytm,1,ACC004662,0,0.0
nandinimemon594@paytm,1,ACC004663,2,83.65
qbhardwaj46@okaxis,1,ACC004664,1,249.01
smaharaj164@ybl,1,ACC004665,1,12.23
fmaharaj947@okaxis,1,ACC004666,0,0.0
hemang38190@okhdfcbank,1,ACC004667,1,502.6
gabarayaan376@paytm,1,ACC004668,0,0.0
kritika95242@okaxis,1,ACC004669,1,12.58
cbhagat85@ybl,1,ACC004670,1,12.58
ishanvi715@ybl,1,ACC004671,0,0.0
chegde715@okicici,1,ACC004672,2,66.15
parth01514@okaxis,1,ACC004673,0,0.0
aayushbava246@okicici,1,ACC004674,5,154.83
xpillai422@okicici,1,ACC004675,0,0.0
teerthgrover512@okicici,1,ACC004676,2,98.7
watika23136@ybl,1,ACC004677,3,214.35
kevin63939@okicici,1,ACC004678,0,0.0
gopalojasvi834@ybl,1,ACC004679,0,0.0
nkannan213@okaxis,1,ACC004680,1,20.28
masteraryan456@oksbi,1,ACC004681,1,40.95
advay33907@okhdfcbank,1,ACC004682,0,0.0
oraj894@ybl,1,ACC004683,1,12.77
jasonshroff977@paytm,1,ACC004684,0,0.0
sethikabir828@okhdfcbank,1,ACC004685,0,0.0
brijesh685@ybl,1,ACC004686,2,38.15
unni90652@okaxis,1,ACC004687,0,0.0
mugdhaatwal135@okaxis,1,ACC004688,2,51.06
oni18561@okaxis,1,ACC004689,0,0.0
agrawalchakrika309@okhdfcbank,1,ACC004690,0,0.0
hgoyal600@okicici,1,ACC004691,1,20.65
lchand527@ybl,1,ACC004692,2,32.16
vjani683@okicici,1,ACC004693,4,133.32
neeldani606@oksbi,1,ACC004694,0,0.0
chakrabortypallavi342@ybl,1,ACC004695,4,94.67
agarwalsaumya684@ybl,1,ACC004696,3,73.81
nihal88955@oksbi,1,ACC004697,0,0.0
lbajwa416@okicici,1,ACC004698,1,2.46
zaid25274@oksbi,1,ACC004699,0,0.0
yagrawal583@ybl,1,ACC004700,1,16.25
harini99411@oksbi,1,ACC004701,3,63.49
lankafaraj203@okicici,1,ACC004702,1,18.2
gaurav86389@okicici,1,ACC004703,0,0.0
dubeyumang404@ybl,1,ACC004704,1,10.24
subramanianavi29@okaxis,1,ACC004705,3,136.65
mannzaid478@okhdfcbank,1,ACC004706,1,30.45
ishwarchopra438@ybl,1,ACC004707,2,45.83
ayushman42835@paytm,1,ACC004708,4,129.13
rkulkarni323@okicici,1,ACC004709,0,0.0
sprasad901@okicici,1,ACC004710,0,0.0
hchaudhari604@okaxis,1,ACC004711,0,0.0
uminhas466@okaxis,1,ACC004712,3,382.86
aggarwaljanani227@okicici,1,ACC004713,1,70.0
ikari606@okaxis,1,ACC004714,0,0.0
vamakshisibal983@okhdfcbank,1,ACC004715,0,0.0
dominic29423@okaxis,1,ACC004716,0,0.0
dharadvik840@okicici,1,ACC004717,1,9.43
chakradev8329@okicici,1,ACC004718,1,26.95
ekaul955@okhdfcbank,1,ACC004719,3,68.56
jasmit67619@ybl,1,ACC004720,1,82.93
timothy37902@oksbi,1,ACC004721,0,0.0
vigyashasvi81@ybl,1,ACC004722,2,28.33
bnarayanan135@okhdfcbank,1,ACC004723,0,0.0
chaitanya27190@ybl,1,ACC004724,2,479.5
jeremiah5917@paytm,1,ACC004725,1,34.63
darsh08934@okhdfcbank,1,ACC004726,0,0.0
tsarraf163@paytm,1,ACC004727,0,0.0
girindra91591@paytm,1,ACC004728,0,0.0
george96259@okicici,1,ACC004729,0,0.0
modyishaan869@okicici,1,ACC004730,0,0.0
tmammen164@oksbi,1,ACC004731,0,0.0
vasana78528@oksbi,1,ACC004732,1,20.65
parth05439@okaxis,1,ACC004733,0,0.0
chowdhuryyutika779@ybl,1,ACC004734,4,179.9
gaurangi2778@okicici,1,ACC004735,1,20.28
anita70465@paytm,1,ACC004736,2,27.65
aryanvenkatesh890@okaxis,1,ACC004737,0,0.0
iapte787@okicici,1,ACC004738,0,0.0
om14979@ybl,1,ACC004739,2,51.08
dhriti14115@paytm,1,ACC004740,4,657.3
laladamini854@ybl,1,ACC004741,1,59.85
omaja99655@oksbi,1,ACC004742,1,8.75
balendra54664@okicici,1,ACC004743,0,0.0
yashasvi81883@okhdfcbank,1,ACC004744,0,0.0
kcheema9@ybl,1,ACC004745,1,46.9
bakshinilima651@okicici,1,ACC004746,1,33.95
kalitaikbal739@okicici,1,ACC004747,3,94.81
eshroff430@paytm,1,ACC004748,0,0.0
sbandi93@ybl,1,ACC004749,3,209.65
jyoti89256@ybl,1,ACC004750,2,35.48
mahikanagi5@okicici,1,ACC004751,2,80.13
boasemaanas77@okicici,1,ACC004752,2,61.6
arjun5145@okaxis,1,ACC004753,1,72.78
okar397@okhdfcbank,1,ACC004754,1,17.5
xchand318@ybl,1,ACC004755,0,0.0
nayarudant169@oksbi,1,ACC004756,0,0.0
bsuri242@okicici,1,ACC004757,1,79.1
zachariahzaid238@ybl,1,ACC004758,0,0.0
barmandaksh990@okicici,1,ACC004759,1,10.15
tailorkamala368@okhdfcbank,1,ACC004760,0,0.0
qchatterjee34@oksbi,1,ACC004761,1,20.65
nsidhu194@ybl,1,ACC004762,3,803.23
yash0137@ybl,1,ACC004763,0,0.0
dalalmugdha128@paytm,1,ACC004764,0,0.0
thakurcharvi133@okhdfcbank,1,ACC004765,1,38.13
chaudharykiaan744@okhdfcbank,1,ACC004766,1,20.65
ladlibala696@okicici,1,ACC004767,1,35.0
behltriya417@okicici,1,ACC004768,2,97.63
dominic53334@oksbi,1,ACC004769,0,0.0
raoamara779@oksbi,1,ACC004770,4,135.04
zvaidya228@okicici,1,ACC004771,2,26.23
umang80769@okaxis,1,ACC004772,0,0.0
daramanthan309@ybl,1,ACC004773,1,10.03
banikrishi939@okaxis,1,ACC004774,4,94.25
iryamukherjee534@oksbi,1,ACC004775,2,53.88
zansidube874@oksbi,1,ACC004776,0,0.0
christopherdutt890@okhdfcbank,1,ACC004777,2,31.92
binanath465@okaxis,1,ACC004778,1,8.65
odika85572@paytm,1,ACC004779,0,0.0
jonathangoel651@okhdfcbank,1,ACC004780,0,0.0
sachirout461@paytm,1,ACC004781,1,14.0
dwable305@okhdfcbank,1,ACC004782,1,42.0
labandeep760@okicici,1,ACC004783,3,368.9
kevinbakshi274@okhdfcbank,1,ACC004784,1,20.28
gsabharwal849@ybl,1,ACC004785,0,0.0
gautamramanathan681@paytm,1,ACC004786,2,80.5
samakshanand98@ybl,1,ACC004787,0,0.0
kgola894@okicici,1,ACC004788,1,96.6
rgole26@ybl,1,ACC004789,0,0.0
xdhaliwal814@okaxis,1,ACC004790,2,192.85
xgill265@okhdfcbank,1,ACC004791,2,147.0
nsankaran343@okicici,1,ACC004792,0,0.0
simonnarasimhan642@okaxis,1,ACC004793,1,28.7
rohansuresh417@okicici,1,ACC004794,1,140.0
advik82307@okicici,1,ACC004795,2,75.95
warriorhiral358@okicici,1,ACC004796,0,0.0
sahadayita980@okhdfcbank,1,ACC004797,3,187.56
fpal503@oksbi,1,ACC004798,0,0.0
ndugal880@okhdfcbank,1,ACC004799,0,0.0
devanranveer818@oksbi,1,ACC004800,0,0.0
ebora33@okicici,1,ACC004801,0,0.0
murthyjanuja322@ybl,1,ACC004802,5,596.01
ssandal526@okicici,1,ACC004803,2,134.05
baradjasmit830@paytm,1,ACC004804,1,79.1
isaiahsahni211@oksbi,1,ACC004805,1,2.56
radhikapurohit711@oksbi,1,ACC004806,3,65.82
cwable705@oksbi,1,ACC004807,2,304.48
pahal57419@okaxis,1,ACC004808,0,0.0
jonathanvarkey812@okicici,1,ACC004809,3,53.73
tarak59916@okhdfcbank,1,ACC004810,0,0.0
talwarbina69@okhdfcbank,1,ACC004811,0,0.0
chandshivani162@paytm,1,ACC004812,1,20.65
williambrahmbhatt961@oksbi,1,ACC004813,2,87.13
gavinghose333@oksbi,1,ACC004814,1,34.77
hemanigrewal997@okhdfcbank,1,ACC004815,0,0.0
shivanshkibe37@oksbi,1,ACC004816,3,89.56
swaminathanridhi260@okaxis,1,ACC004817,2,101.32
fsarin861@okaxis,1,ACC004818,4,455.5
yoshitasidhu23@okhdfcbank,1,ACC004819,3,151.53
champak26812@ybl,1,ACC004820,2,14.33
hchatterjee612@paytm,1,ACC004821,1,37.97
apillay36@okhdfcbank,1,ACC004822,0,0.0
idika41881@okaxis,1,ACC004823,1,20.65
ykunda797@ybl,1,ACC004824,1,10.15
nazarethjeet13@oksbi,1,ACC004825,1,10.15
hamsinisheth660@okicici,1,ACC004826,0,0.0
gaurikasarraf287@okicici,1,ACC004827,0,0.0
kothariishani355@paytm,1,ACC004828,0,0.0
rushil69157@okhdfcbank,1,ACC004829,0,0.0
aryaraksha371@ybl,1,ACC004830,1,26.25
hamsiniparikh11@okicici,1,ACC004831,5,111.59
vyasvasatika741@ybl,1,ACC004832,1,44.08
osethi120@okaxis,1,ACC004833,0,0.0
christopherganesh641@okicici,1,ACC004834,0,0.0
dhaliwalgirindra102@okaxis,1,ACC004835,0,0.0
scomar536@ybl,1,ACC004836,3,56.68
kashyapwarhi96@okicici,1,ACC004837,0,0.0
rachitaverma676@ybl,1,ACC004838,0,0.0
benjaminradhakrishnan940@oksbi,1,ACC004839,1,9.08
hsem971@okaxis,1,ACC004840,2,25.9
jmann481@okhdfcbank,1,ACC004841,2,106.75
udantparmar704@paytm,1,ACC004842,0,0.0
rudra46163@okaxis,1,ACC004843,0,0.0
tataakshay484@oksbi,1,ACC004844,2,34.98
atripathi519@ybl,1,ACC004845,1,5.25
shivanivohra841@oksbi,1,ACC004846,0,0.0
zkothari771@paytm,1,ACC004847,0,0.0
shankergaurangi61@okaxis,1,ACC004848,0,0.0
sharmafaras997@okaxis,1,ACC004849,2,117.69
mammendevika311@okhdfcbank,1,ACC004850,3,214.51
tdivan504@okicici,1,ACC004851,3,137.72
fsheth574@okhdfcbank,1,ACC004852,0,0.0
vasatika88361@okicici,1,ACC004853,0,0.0
wridesh06572@okicici,1,ACC004854,1,13.65
hbarad736@okaxis,1,ACC004855,0,0.0
chandrankalpit760@oksbi,1,ACC004856,2,26.06
ekanta60588@ybl,1,ACC004857,0,0.0
veer74258@ybl,1,ACC004858,3,79.65
isaac92484@okaxis,1,ACC004859,0,0.0
hdewan16@okaxis,1,ACC004860,2,46.7
nparmer87@ybl,1,ACC004861,1,17.5
bhatnagarlucky984@ybl,1,ACC004862,1,87.5
xmemon460@paytm,1,ACC004863,0,0.0
aurorachavvi811@paytm,1,ACC004864,3,69.01
dalaja99972@okaxis,1,ACC004865,0,0.0
warinderdani318@paytm,1,ACC004866,0,0.0
mitrazaid364@ybl,1,ACC004867,0,0.0
eeshashankar734@okicici,1,ACC004868,0,0.0
nilima39342@oksbi,1,ACC004869,1,1.72
mannanliam440@okicici,1,ACC004870,1,12.93
senguptaunni158@okaxis,1,ACC004871,3,82.58
girindrashah342@okhdfcbank,1,ACC004872,3,90.82
urmimitter486@okicici,1,ACC004873,1,17.15
hhegde739@okicici,1,ACC004874,4,374.5
riaramakrishnan800@ybl,1,ACC004875,0,0.0
ishani06805@oksbi,1,ACC004876,2,70.17
watikabanerjee574@okhdfcbank,1,ACC004877,2,1259.27
vanya39621@okicici,1,ACC004878,0,0.0
oliver03598@okicici,1,ACC004879,0,0.0
dewansamuel366@ybl,1,ACC004880,0,0.0
upadhyaysachi577@ybl,1,ACC004881,1,73.48
zachariahindali525@ybl,1,ACC004882,2,44.78
chandrandas138@okhdfcbank,1,ACC004883,2,32.46
teerth46974@ybl,1,ACC004884,0,0.0
yashodhara45373@paytm,1,ACC004885,1,20.65
mangatamaira856@ybl,1,ACC004886,1,35.0
tamannakala208@ybl,1,ACC004887,3,201.91
taralata988@ybl,1,ACC004888,3,60.72
xbobal584@oksbi,1,ACC004889,1,12.58
lmannan715@okaxis,1,ACC004890,2,33.58
manan56589@okhdfcbank,1,ACC004891,0,0.0
faris88422@paytm,1,ACC004892,2,221.13
ttiwari634@okaxis,1,ACC004893,1,130.0
warjas89746@okhdfcbank,1,ACC004894,4,219.4
omyasachdeva678@ybl,1,ACC004895,0,0.0
bajajtimothy370@paytm,1,ACC004896,5,387.94
plal30@oksbi,1,ACC004897,5,242.51
ishita6765@okhdfcbank,1,ACC004898,3,1066.74
trivedihemangini594@oksbi,1,ACC004899,2,69.72
advay00867@okhdfcbank,1,ACC004900,1,20.28
doramichael672@ybl,1,ACC004901,1,436.74
amol90949@oksbi,1,ACC004902,2,71.06
vasatikabutala163@okaxis,1,ACC004903,1,20.63
radhabumb738@okhdfcbank,1,ACC004904,1,33.95
bishakha46902@oksbi,1,ACC004905,0,0.0
bhattimanya38@paytm,1,ACC004906,1,7.33
hritik1414@oksbi,1,ACC004907,1,20.65
daksha55720@oksbi,1,ACC004908,0,0.0
siyaraju430@paytm,1,ACC004909,2,58.43
charmaanav993@okaxis,1,ACC004910,3,53.2
kala70929@oksbi,1,ACC004911,0,0.0
hredhaan50476@okicici,1,ACC004912,0,0.0
vidhivasa87@ybl,1,ACC004913,1,20.65
rtrivedi144@oksbi,1,ACC004914,2,50.71
chanderadvik837@okaxis,1,ACC004915,2,117.23
mannedipta830@oksbi,1,ACC004916,5,194.4
ahluwaliasneha692@okicici,1,ACC004917,0,0.0
girindrachar937@okhdfcbank,1,ACC004918,0,0.0
adweta38227@okaxis,1,ACC004919,0,0.0
murtyaarav560@oksbi,1,ACC004920,0,0.0
pgoel800@paytm,1,ACC004921,1,26.95
etachoudhury280@okaxis,1,ACC004922,0,0.0
psathe191@okaxis,1,ACC004923,2,60.02
shankarsuhani587@okaxis,1,ACC004924,1,2.8
sodhiyahvi991@ybl,1,ACC004925,0,0.0
eiravati59843@oksbi,1,ACC004926,1,30.45
ombava701@okhdfcbank,1,ACC004927,0,0.0
misrapratyush30@oksbi,1,ACC004928,0,0.0
jai34158@oksbi,1,ACC004929,4,138.94
wishi07790@okicici,1,ACC004930,1,37.97
jagdishramakrishnan685@paytm,1,ACC004931,0,0.0
indrajit65246@paytm,1,ACC004932,0,0.0
aggarwalbina863@oksbi,1,ACC004933,1,14.0
deveda533@ybl,1,ACC004934,1,35.0
chaaya35740@paytm,1,ACC004935,5,160.63
keyaom83@okicici,1,ACC004936,3,55.1
wablefalak504@ybl,1,ACC004937,1,17.5
lavanya96622@paytm,1,ACC004938,2,60.43
nchawla662@okicici,1,ACC004939,1,73.48
osachar482@okaxis,1,ACC004940,1,29.05
bkapadia770@okaxis,1,ACC004941,1,37.78
mishraoni804@okicici,1,ACC004942,2,31.15
yashodharaborra421@okicici,1,ACC004943,1,11.9
warhikulkarni803@paytm,1,ACC004944,0,0.0
dbarman502@okaxis,1,ACC004945,1,20.28
somvasudha295@oksbi,1,ACC004946,5,147.15
kai01190@okaxis,1,ACC004947,1,40.95
tkota87@paytm,1,ACC004948,1,492.43
vidhi05518@okhdfcbank,1,ACC004949,4,202.59
nathandate975@okhdfcbank,1,ACC004950,2,46.51
qzachariah313@ybl,1,ACC004951,4,157.09
vincentsibal603@oksbi,1,ACC004952,1,14.0
varenyabali600@okhdfcbank,1,ACC004953,0,0.0
tara15232@paytm,1,ACC004954,1,27.47
ishakar644@okhdfcbank,1,ACC004955,1,37.78
toorbakhshi658@oksbi,1,ACC004956,0,0.0
saanvi13741@okaxis,1,ACC004957,2,75.56
aryan46800@okaxis,1,ACC004958,1,36.56
rkoshy401@oksbi,1,ACC004959,2,52.48
pbains443@okhdfcbank,1,ACC004960,3,120.05
kkalita971@paytm,1,ACC004961,0,0.0
umohan300@okaxis,1,ACC004962,0,0.0
gautammital853@ybl,1,ACC004963,2,112.35
kdyal711@okaxis,1,ACC004964,0,0.0
yashica18739@okaxis,1,ACC004965,2,104.65
harish87273@okaxis,1,ACC004966,1,8.75
kalashaurya882@okhdfcbank,1,ACC004967,1,20.28
chahalyadavi310@oksbi,1,ACC004968,3,107.43
godayamini175@okhdfcbank,1,ACC004969,0,0.0
aggarwalgabriel698@paytm,1,ACC004970,0,0.0
meghanaraman570@okicici,1,ACC004971,1,26.25
unni96977@okhdfcbank,1,ACC004972,1,20.28
mekhalagupta215@paytm,1,ACC004973,1,17.15
wishidayal602@okhdfcbank,1,ACC004974,1,16.1
orindernanda155@okhdfcbank,1,ACC004975,0,0.0
sabharwaltripti58@okaxis,1,ACC004976,1,11.74
swaminathansathvik547@okaxis,1,ACC004977,0,0.0
zaitra98698@oksbi,1,ACC004978,3,117.91
uramanathan167@okicici,1,ACC004979,3,114.6
vanshabali358@okicici,1,ACC004980,0,0.0
matthewvarkey779@okaxis,1,ACC004981,1,73.48
sahnimeghana636@okhdfcbank,1,ACC004982,0,0.0
davidbhatnagar636@okicici,1,ACC004983,2,48.28
balvan67801@okaxis,1,ACC004984,1,16.78
snehasachar568@okicici,1,ACC004985,0,0.0
tgade732@okaxis,1,ACC004986,2,27.28
dinneelima250@okhdfcbank,1,ACC004987,2,52.52
chatreshdash513@okhdfcbank,1,ACC004988,0,0.0
karantanveer236@oksbi,1,ACC004989,1,8.75
xkoshy744@oksbi,1,ACC004990,2,19.91
prakashekani102@okaxis,1,ACC004991,0,0.0
wadhwajeremiah630@okhdfcbank,1,ACC004992,1,20.65
kdora315@paytm,1,ACC004993,3,149.02
bosetejas887@ybl,1,ACC004994,0,0.0
dhayre660@okhdfcbank,1,ACC004995,1,10.15
samarminhas778@okhdfcbank,1,ACC004996,1,19.93
etalad535@paytm,1,ACC004997,1,40.95
aviseshadri341@okhdfcbank,1,ACC004998,1,87.5
wbanerjee154@okaxis,1,ACC004999,1,401.62
zbaral438@paytm,1,ACC005000,0,0.0
leelakapur783@oksbi,1,ACC005001,1,3.5
yagnesh76957@okaxis,1,ACC005002,0,0.0
qadim22486@paytm,1,ACC005003,4,144.35
ngala13@paytm,1,ACC005004,3,119.66
ayaankapur809@oksbi,1,ACC005005,3,22.38
fitan18627@okicici,1,ACC005006,1,140.0
chhabraaahana146@paytm,1,ACC005007,0,0.0
mekhala73488@okicici,1,ACC005008,2,39.49
chaudrytanvi621@oksbi,1,ACC005009,4,181.96
seshadridhruv746@okicici,1,ACC005010,2,78.73
tcomar861@oksbi,1,ACC005011,1,10.76
riadugar260@okaxis,1,ACC005012,1,9.27
gpanchal80@ybl,1,ACC005013,0,0.0
sandhuveda717@paytm,1,ACC005014,2,25.18
zinalkorpal836@ybl,1,ACC005015,3,113.55
mnagi567@ybl,1,ACC005016,0,0.0
tanksudiksha10@ybl,1,ACC005017,0,0.0
lakshmigole227@ybl,1,ACC005018,0,0.0
osavant785@oksbi,1,ACC005019,2,42.26
mangalpavani355@okicici,1,ACC005020,0,0.0
ekalingatak312@ybl,1,ACC005021,3,33.11
nidhibora172@okhdfcbank,1,ACC005022,0,0.0
esom675@okicici,1,ACC005023,2,88.14
sarannirja616@ybl,1,ACC005024,2,114.43
lavanya48853@oksbi,1,ACC005025,1,131.23
lakshagrawal913@paytm,1,ACC005026,0,0.0
morezayyan405@okaxis,1,ACC005027,1,70.0
zayyanbaral969@okaxis,1,ACC005028,1,36.38
narainprisha602@okaxis,1,ACC005029,1,23.2
wgour595@okicici,1,ACC005030,0,0.0
indalidixit581@okaxis,1,ACC005031,2,56.05
radha19205@okicici,1,ACC005032,0,0.0
quincy75139@paytm,1,ACC005033,1,39.2
neha45866@okaxis,1,ACC005034,0,0.0
siyaminhas254@ybl,1,ACC005035,4,448.01
valayadavi157@paytm,1,ACC005036,2,71.03
yashawinibahl69@okhdfcbank,1,ACC005037,2,22.22
dategautam448@oksbi,1,ACC005038,2,137.55
upasna89413@ybl,1,ACC005039,0,0.0
shauryabuch73@oksbi,1,ACC005040,1,34.63
eeshabahl428@okaxis,1,ACC005041,3,81.88
jagdishmutti418@ybl,1,ACC005042,3,112.29
ureddy351@ybl,1,ACC005043,1,10.15
morarnirja656@ybl,1,ACC005044,5,99.59
amital490@paytm,1,ACC005045,0,0.0
jalsajoshi132@okaxis,1,ACC005046,1,3.92
sachi64226@oksbi,1,ACC005047,2,29.03
yauvanisahota971@paytm,1,ACC005048,0,0.0
charvi25846@ybl,1,ACC005049,0,0.0
sekhonlibni802@okaxis,1,ACC005050,2,24.3
loganmuni286@okaxis,1,ACC005051,2,78.73
wsrivastava555@okhdfcbank,1,ACC005052,1,116.17
siddharth41625@paytm,1,ACC005053,2,40.77
tristanchacko358@oksbi,1,ACC005054,4,527.37
jhanda854@oksbi,1,ACC005055,3,84.17
atharv88243@oksbi,1,ACC005056,0,0.0
teerth26908@ybl,1,ACC005057,1,1061.05
yachanakapur373@paytm,1,ACC005058,0,0.0
girishchander554@okaxis,1,ACC005059,0,0.0
imorar187@okaxis,1,ACC005060,0,0.0
jpradhan229@paytm,1,ACC005061,0,0.0
jatinvarghese718@okicici,1,ACC005062,1,20.63
joak447@ybl,1,ACC005063,1,19.07
devanyug79@paytm,1,ACC005064,0,0.0
ramaazad590@ybl,1,ACC005065,1,52.48
abarad422@okicici,1,ACC005066,4,85.03
advay02874@ybl,1,ACC005067,0,0.0
tbhatnagar705@okicici,1,ACC005068,0,0.0
bhavna84338@ybl,1,ACC005069,0,0.0
ramaswamyadweta284@okhdfcbank,1,ACC005070,2,190.57
sanayachad259@okaxis,1,ACC005071,3,154.62
saumyaaggarwal821@okaxis,1,ACC005072,0,0.0
issacridhi377@paytm,1,ACC005073,2,43.4
okalita978@okaxis,1,ACC005074,3,96.57
dewandalbir906@okaxis,1,ACC005075,3,76.98
manbirbava95@okicici,1,ACC005076,0,0.0
bhaktapushti959@paytm,1,ACC005077,0,0.0
soodupma180@paytm,1,ACC005078,0,0.0
qparmer867@okicici,1,ACC005079,5,478.21
isalvi215@paytm,1,ACC005080,1,10.83
pushti4025@okhdfcbank,1,ACC005081,2,308.68
mparekh371@okhdfcbank,1,ACC005082,1,20.28
gkapur580@oksbi,1,ACC005083,1,16.78
yatinbose955@ybl,1,ACC005084,0,0.0
yashodhara05631@okicici,1,ACC005085,2,43.75
zpingle369@paytm,1,ACC005086,0,0.0
vincent33105@ybl,1,ACC005087,0,0.0
karzarna81@okhdfcbank,1,ACC005088,0,0.0
pranav60117@okicici,1,ACC005089,2,30.43
girik62406@paytm,1,ACC005090,3,163.61
anamika62190@oksbi,1,ACC005091,0,0.0
banjeet48906@okicici,1,ACC005092,0,0.0
wmukhopadhyay826@okaxis,1,ACC005093,1,20.65
gunbir16901@okicici,1,ACC005094,3,172.9
settysai305@paytm,1,ACC005095,1,73.48
warinder61432@paytm,1,ACC005096,2,110.93
mugdha88581@okicici,1,ACC005097,3,130.41
yashawiniraghavan81@okaxis,1,ACC005098,0,0.0
amairakhurana94@ybl,1,ACC005099,0,0.0
cdua63@ybl,1,ACC005100,0,0.0
zansi84972@ybl,1,ACC005101,0,0.0
cdeshpande687@paytm,1,ACC005102,0,0.0
ranaryan856@ybl,1,ACC005103,0,0.0
munshiekavir407@okaxis,1,ACC005104,0,0.0
gopalkrishnan278@paytm,1,ACC005105,0,0.0
qmangal719@ybl,1,ACC005106,1,11.54
hchoudhury511@okhdfcbank,1,ACC005107,1,14.13
lipika15476@ybl,1,ACC005108,1,26.95
janujavenkatesh679@okicici,1,ACC005109,2,28.7
ikar498@okhdfcbank,1,ACC005110,1,52.85
enayak756@okicici,1,ACC005111,3,88.88
wriddhish24837@paytm,1,ACC005112,0,0.0
seshadrisiya111@paytm,1,ACC005113,2,37.06
bhallafitan551@okaxis,1,ACC005114,2,29.03
anjalivirk651@okaxis,1,ACC005115,1,20.65
quincy91747@okaxis,1,ACC005116,1,117.25
madanaarnav882@okicici,1,ACC005117,4,103.45
dakshluthra746@okicici,1,ACC005118,1,40.95
lyohannan939@okaxis,1,ACC005119,1,8.12
dhingrabhavya92@okaxis,1,ACC005120,2,46.2
mparikh339@okicici,1,ACC005121,1,20.65
psingh241@okaxis,1,ACC005122,2,538.53
qwable424@ybl,1,ACC005123,0,0.0
qcontractor291@ybl,1,ACC005124,1,20.65
jaijaggi751@oksbi,1,ACC005125,1,96.25
bhavnabali881@oksbi,1,ACC005126,0,0.0
rchoudhary180@paytm,1,ACC005127,0,0.0
ranbirthaman199@ybl,1,ACC005128,5,240.43
sarnabaljiwan705@okaxis,1,ACC005129,0,0.0
manya72542@okhdfcbank,1,ACC005130,4,101.63
shivanshtata179@okicici,1,ACC005131,1,16.78
skhanna122@okaxis,1,ACC005132,1,1.75
psaraf430@okhdfcbank,1,ACC005133,0,0.0
jason59289@paytm,1,ACC005134,2,44.1
omishanvi832@okhdfcbank,1,ACC005135,3,73.5
aishani74884@paytm,1,ACC005136,1,74.55
ewalia435@ybl,1,ACC005137,2,140.03
kuruvillaarjun539@oksbi,1,ACC005138,1,35.7
warjas37337@ybl,1,ACC005139,0,0.0
janifaras764@oksbi,1,ACC005140,1,49.35
vincentbrar798@oksbi,1,ACC005141,1,35.0
zdas319@oksbi,1,ACC005142,0,0.0
mahajanonkar986@okhdfcbank,1,ACC005143,1,35.0
mdhingra432@okicici,1,ACC005144,1,10.83
anay24104@paytm,1,ACC005145,0,0.0
fbajwa689@paytm,1,ACC005146,1,20.65
zaitraramachandran13@okhdfcbank,1,ACC005147,2,87.39
farhanchhabra638@ybl,1,ACC005148,0,0.0
karpechameli808@paytm,1,ACC005149,0,0.0
anviratti221@okicici,1,ACC005150,1,52.5
danielgola470@okhdfcbank,1,ACC005151,1,5.58
alka15115@okicici,1,ACC005152,2,48.28
ekani18629@okaxis,1,ACC005153,2,85.57
jonathan50224@ybl,1,ACC005154,0,0.0
prashadunni31@okaxis,1,ACC005155,1,20.07
odugar938@ybl,1,ACC005156,1,10.5
ranadamyanti341@ybl,1,ACC005157,1,73.48
krishnanneel737@okhdfcbank,1,ACC005158,1,20.64
falan0814@okicici,1,ACC005159,0,0.0
darsh76990@okhdfcbank,1,ACC005160,0,0.0
hbutala442@paytm,1,ACC005161,2,48.42
suhanisrinivasan461@okhdfcbank,1,ACC005162,0,0.0
nikitavohra755@okaxis,1,ACC005163,0,0.0
luckykothari271@okaxis,1,ACC005164,4,160.32
ucontractor575@oksbi,1,ACC005165,1,155.75
khoslazaitra26@okicici,1,ACC005166,0,0.0
orinderiyer578@ybl,1,ACC005167,2,57.03
gayathri77844@oksbi,1,ACC005168,1,15.4
chopraom751@okicici,1,ACC005169,1,40.95
odate7@paytm,1,ACC005170,2,49.68
bhavyabhagat509@okhdfcbank,1,ACC005171,0,0.0
sarafikbal319@paytm,1,ACC005172,2,46.53
deviharinakshi386@paytm,1,ACC005173,0,0.0
hemang37823@okicici,1,ACC005174,4,86.25
kadekashish160@oksbi,1,ACC005175,2,67.2
deepa86105@okhdfcbank,1,ACC005176,0,0.0
yastithaker433@paytm,1,ACC005177,4,64.05
balhaar61538@paytm,1,ACC005178,1,59.85
badamilipika297@okaxis,1,ACC005179,3,76.94
pooja62757@okicici,1,ACC005180,0,0.0
kghose934@ybl,1,ACC005181,1,8.75
atharv42349@okaxis,1,ACC005182,2,71.74
goswamiprisha438@okaxis,1,ACC005183,0,0.0
darsh04306@okicici,1,ACC005184,0,0.0
yohannanmahika970@okhdfcbank,1,ACC005185,0,0.0
nehaben314@okaxis,1,ACC005186,0,0.0
anvikara107@ybl,1,ACC005187,2,61.58
rudrachoudhry967@oksbi,1,ACC005188,0,0.0
baljiwan28436@oksbi,1,ACC005189,1,117.25
isant145@okhdfcbank,1,ACC005190,0,0.0
nitara78381@okaxis,1,ACC005191,0,0.0
acharyanaksh131@okaxis,1,ACC005192,0,0.0
omajasachdev511@okicici,1,ACC005193,2,72.78
yprasad997@okicici,1,ACC005194,1,16.78
lohit85474@paytm,1,ACC005195,1,17.5
zbhavsar111@oksbi,1,ACC005196,0,0.0
gdhar705@ybl,1,ACC005197,4,184.58
zsheth214@okicici,1,ACC005198,1,10.83
ovarughese432@okhdfcbank,1,ACC005199,4,1065.88
buchzarna34@ybl,1,ACC005200,1,87.5
krishnachatresh408@okaxis,1,ACC005201,1,20.28
upasna52130@okaxis,1,ACC005202,2,38.98
mahika66751@okhdfcbank,1,ACC005203,0,0.0
odas697@okhdfcbank,1,ACC005204,1,55.98
pillaygeetika391@oksbi,1,ACC005205,1,73.48
sanearadhana570@oksbi,1,ACC005206,0,0.0
bhavika14158@oksbi,1,ACC005207,1,47.86
phora37@okaxis,1,ACC005208,1,17.5
bahadurjit25916@okhdfcbank,1,ACC005209,1,15.4
naksh49715@okaxis,1,ACC005210,0,0.0
bbala619@okaxis,1,ACC005211,2,190.22
siddharth16258@oksbi,1,ACC005212,1,35.0
zayyan73935@okhdfcbank,1,ACC005213,0,0.0
basaksarthak952@oksbi,1,ACC005214,3,167.9
unniraja473@okhdfcbank,1,ACC005215,0,0.0
wazir64700@oksbi,1,ACC005216,0,0.0
manthan67378@ybl,1,ACC005217,1,20.65
ekanimane901@paytm,1,ACC005218,1,9.08
deshpandelaban940@okhdfcbank,1,ACC005219,4,733.32
kamyasengupta950@okicici,1,ACC005220,0,0.0
hbalan508@ybl,1,ACC005221,2,58.78
kapoorekanta748@okicici,1,ACC005222,2,68.07
mandalikbal300@oksbi,1,ACC005223,3,58.8
girindrakaur636@paytm,1,ACC005224,2,13.4
sethisaumya994@ybl,1,ACC005225,2,65.29
fbalan649@paytm,1,ACC005226,2,38.89
devizilmil992@paytm,1,ACC005227,4,98.87
somjanuja636@okaxis,1,ACC005228,0,0.0
zdhaliwal599@oksbi,1,ACC005229,1,40.95
arya25588@ybl,1,ACC005230,0,0.0
dalbir99170@okicici,1,ACC005231,1,17.5
umurty191@paytm,1,ACC005232,1,10.15
meera20397@ybl,1,ACC005233,1,0.31
yuvrajpandey961@okaxis,1,ACC005234,1,32.2
qnatarajan827@paytm,1,ACC005235,0,0.0
shaurya7990@okicici,1,ACC005236,1,11.9
dkeer660@ybl,1,ACC005237,1,17.15
karialexander774@ybl,1,ACC005238,0,0.0
hsrinivasan668@oksbi,1,ACC005239,3,150.83
dmaster412@ybl,1,ACC005240,1,20.65
xjhaveri895@paytm,1,ACC005241,1,17.15
urvi51238@paytm,1,ACC005242,2,35.0
sethadvaith578@okicici,1,ACC005243,4,125.8
dominic52614@paytm,1,ACC005244,0,0.0
zansi06110@okhdfcbank,1,ACC005245,0,0.0
gangamurthy71@okhdfcbank,1,ACC005246,0,0.0
bhaktaqarin242@okaxis,1,ACC005247,0,0.0
krishnanigam169@okaxis,1,ACC005248,3,139.24
ysant896@okhdfcbank,1,ACC005249,0,0.0
dubeaahana943@okhdfcbank,1,ACC005250,0,0.0
jayaramanpraneel406@paytm,1,ACC005251,0,0.0
ysaxena317@okicici,1,ACC005252,1,130.18
tsibal328@okicici,1,ACC005253,3,63.88
aarav7764@okicici,1,ACC005254,1,17.5
chadjagrati198@ybl,1,ACC005255,0,0.0
dhayre160@okhdfcbank,1,ACC005256,2,80.32
upillai363@oksbi,1,ACC005257,2,20.76
borraqasim902@oksbi,1,ACC005258,1,79.1
sbakshi718@ybl,1,ACC005259,1,20.45
arin76807@oksbi,1,ACC005260,4,115.21
karanayushman840@paytm,1,ACC005261,1,14.69
zbava476@paytm,1,ACC005262,1,73.83
patlanihal129@paytm,1,ACC005263,3,62.46
gollareva16@okicici,1,ACC005264,0,0.0
arunimabal899@okaxis,1,ACC005265,1,14.07
ethanpalan13@okaxis,1,ACC005266,1,17.15
vedhika65846@paytm,1,ACC005267,0,0.0
borahyug681@ybl,1,ACC005268,0,0.0
gauravgoda142@okhdfcbank,1,ACC005269,1,27.28
darpankaur849@ybl,1,ACC005270,0,0.0
nkhosla518@paytm,1,ACC005271,2,50.03
wardabhat479@paytm,1,ACC005272,0,0.0
xbedi779@paytm,1,ACC005273,2,46.18
senguptaayaan542@okicici,1,ACC005274,1,37.78
saumyachaudry454@okicici,1,ACC005275,1,17.15
amarachandran442@oksbi,1,ACC005276,5,859.1
mahajanishanvi816@okhdfcbank,1,ACC005277,0,0.0
lakshitghose684@oksbi,1,ACC005278,0,0.0
kapadiabahadurjit223@okhdfcbank,1,ACC005279,4,122.81
dhaliwalbimala174@ybl,1,ACC005280,0,0.0
nachiketjaggi707@okaxis,1,ACC005281,0,0.0
esankaran514@ybl,1,ACC005282,2,165.18
tarak00760@okicici,1,ACC005283,2,42.27
jacob45118@okicici,1,ACC005284,4,128.08
zayanboase794@okicici,1,ACC005285,0,0.0
behlyashvi89@paytm,1,ACC005286,2,30.68
yuvraj82822@okhdfcbank,1,ACC005287,0,0.0
fitan00267@okaxis,1,ACC005288,1,105.0
pantkritika128@oksbi,1,ACC005289,0,0.0
yochanaram605@okaxis,1,ACC005290,1,117.25
reyanshsarin67@paytm,1,ACC005291,0,0.0
harrisonchakraborty982@oksbi,1,ACC005292,3,48.29
ngulati333@paytm,1,ACC005293,1,9.08
xiti80773@okaxis,1,ACC005294,2,32.52
jaggikashvi716@ybl,1,ACC005295,1,91.0
triya96945@okaxis,1,ACC005296,2,29.99
ndoshi3@ybl,1,ACC005297,0,0.0
vasana16717@paytm,1,ACC005298,1,79.1
vedikadutta189@paytm,1,ACC005299,2,39.18
ekantika64789@okhdfcbank,1,ACC005300,2,18.9
amairahari931@oksbi,1,ACC005301,5,131.5
rajanati785@okaxis,1,ACC005302,0,0.0
usoni717@ybl,1,ACC005303,1,0.75
tanay53811@ybl,1,ACC005304,0,0.0
georgemangal393@okaxis,1,ACC005305,0,0.0
revamann379@oksbi,1,ACC005306,1,27.47
xbarad714@okaxis,1,ACC005307,3,96.56
edhithabhakta57@paytm,1,ACC005308,1,3.07
isaac86327@okicici,1,ACC005309,0,0.0
jacharya971@ybl,1,ACC005310,1,211.76
fchaudhry202@ybl,1,ACC005311,0,0.0
sanaya0548@okhdfcbank,1,ACC005312,0,0.0
hritik04392@oksbi,1,ACC005313,1,26.25
charitabhardwaj317@ybl,1,ACC005314,3,49.71
parthrai181@paytm,1,ACC005315,0,0.0
dharhardik413@ybl,1,ACC005316,1,70.0
praneel65205@oksbi,1,ACC005317,1,40.95
wprabhakar672@okicici,1,ACC005318,1,58.1
christophersarna758@paytm,1,ACC005319,1,52.5
bhavanikara715@paytm,1,ACC005320,2,33.6
advikanagarajan758@oksbi,1,ACC005321,2,94.11
bumbhredhaan148@oksbi,1,ACC005322,2,45.5
yraval113@paytm,1,ACC005323,0,0.0
warinderraj836@ybl,1,ACC005324,4,215.23
zayan27690@okaxis,1,ACC005325,0,0.0
xalak0392@okicici,1,ACC005326,3,190.05
ojasvishere66@ybl,1,ACC005327,1,19.07
jagvibrar385@ybl,1,ACC005328,1,20.65
darshsharma611@paytm,1,ACC005329,0,0.0
balvan09762@okhdfcbank,1,ACC005330,3,59.49
aradhanakanda32@ybl,1,ACC005331,0,0.0
patrickchawla821@okhdfcbank,1,ACC005332,1,23.78
sroy818@oksbi,1,ACC005333,0,0.0
rayvasatika753@ybl,1,ACC005334,1,40.95
rrana537@okaxis,1,ACC005335,0,0.0
hegdeharish747@oksbi,1,ACC005336,5,316.73
nathansarraf93@okhdfcbank,1,ACC005337,2,114.43
gborah981@okhdfcbank,1,ACC005338,1,20.65
uacharya732@okicici,1,ACC005339,2,64.34
oakwilliam880@okhdfcbank,1,ACC005340,2,46.9
shakabir759@paytm,1,ACC005341,1,79.1
loyalsamaksh542@okhdfcbank,1,ACC005342,0,0.0
mbhatti57@ybl,1,ACC005343,1,37.78
charitakibe559@paytm,1,ACC005344,0,0.0
yagneshnarula59@ybl,1,ACC005345,1,52.5
nandini65180@okaxis,1,ACC005346,1,35.0
vasudhahans6@okaxis,1,ACC005347,1,32.2
bhavnamangat361@ybl,1,ACC005348,1,10.15
narayananadvaith731@oksbi,1,ACC005349,1,36.38
vedant18771@okhdfcbank,1,ACC005350,1,29.03
tellafaqid833@oksbi,1,ACC005351,2,106.4
dakshagole984@okaxis,1,ACC005352,3,228.18
vivaan1381@okhdfcbank,1,ACC005353,4,85.1
arunima21530@okhdfcbank,1,ACC005354,4,198.77
rkamdar774@okaxis,1,ACC005355,0,0.0
tyohannan775@okhdfcbank,1,ACC005356,3,53.16
bmohan863@okaxis,1,ACC005357,1,35.0
chaudhurisamuel586@okhdfcbank,1,ACC005358,1,40.95
advay21868@paytm,1,ACC005359,1,21.0
ayush58846@oksbi,1,ACC005360,2,51.1
morarpatrick512@okhdfcbank,1,ACC005361,1,84.0
dloke419@okaxis,1,ACC005362,0,0.0
tanish82804@okicici,1,ACC005363,0,0.0
ksoman962@oksbi,1,ACC005364,0,0.0
guptayagnesh374@oksbi,1,ACC005365,0,0.0
alkashere117@okhdfcbank,1,ACC005366,1,20.65
bimala60603@okaxis,1,ACC005367,0,0.0
peter59692@oksbi,1,ACC005368,1,40.95
wpurohit564@okicici,1,ACC005369,2,29.05
gayathri84109@okicici,1,ACC005370,1,3.02
nihalvaidya522@paytm,1,ACC005371,0,0.0
harsh46379@okicici,1,ACC005372,1,35.0
pandeycaleb817@okaxis,1,ACC005373,2,108.13
mtella778@paytm,1,ACC005374,5,1158.8
pallavikarnik567@ybl,1,ACC005375,3,107.98
ridhinarayanan573@paytm,1,ACC005376,1,20.28
arinnaik511@okicici,1,ACC005377,1,10.32
riya1839@okaxis,1,ACC005378,3,143.46
williamgour847@okaxis,1,ACC005379,0,0.0
wnadig937@paytm,1,ACC005380,2,74.88
dkapadia50@ybl,1,ACC005381,0,0.0
brinda95681@paytm,1,ACC005382,1,10.83
rachitachadha333@okhdfcbank,1,ACC005383,1,40.95
sethiharish724@okhdfcbank,1,ACC005384,2,119.68
jatinkapadia290@ybl,1,ACC005385,1,3.31
advaith68376@okhdfcbank,1,ACC005386,1,6.81
vyanjana23562@okicici,1,ACC005387,1,79.1
banjeetganesan585@okaxis,1,ACC005388,3,87.13
aadimishra93@okaxis,1,ACC005389,2,50.36
daliadeepa625@ybl,1,ACC005390,1,17.5
arin4748@ybl,1,ACC005391,2,87.49
vaishnaviparikh990@okaxis,1,ACC005392,0,0.0
cpalla598@okicici,1,ACC005393,1,19.95
pjhaveri312@paytm,1,ACC005394,2,473.86
ekani54782@okaxis,1,ACC005395,0,0.0
shroffnimrat871@okaxis,1,ACC005396,3,73.85
zashilagarwal25@okicici,1,ACC005397,5,145.93
warriorzilmil78@paytm,1,ACC005398,1,10.83
pavaninarain655@oksbi,1,ACC005399,0,0.0
samaojas238@okicici,1,ACC005400,0,0.0
iapte416@okhdfcbank,1,ACC005401,1,85.75
frado19489@ybl,1,ACC005402,1,140.0
gsarna636@oksbi,1,ACC005403,2,40.93
ymunshi919@okicici,1,ACC005404,0,0.0
wahab0031@okicici,1,ACC005405,1,10.89
panchaljoshua69@okicici,1,ACC005406,0,0.0
aayushgopal289@okaxis,1,ACC005407,1,8.75
daminishukla565@okhdfcbank,1,ACC005408,3,152.93
xshankar593@oksbi,1,ACC005409,0,0.0
ethan59405@okaxis,1,ACC005410,2,67.9
nshroff195@ybl,1,ACC005411,0,0.0
damyanti86670@ybl,1,ACC005412,1,13.65
siya27675@ybl,1,ACC005413,5,157.94
ghoseyatan40@paytm,1,ACC005414,3,68.21
goswamimadhav148@paytm,1,ACC005415,2,66.3
johalmaya377@ybl,1,ACC005416,1,2.73
qgala673@okicici,1,ACC005417,5,109.97
bpradhan605@okicici,1,ACC005418,5,99.78
dattabanjeet414@okicici,1,ACC005419,1,23.78
atharvbava213@ybl,1,ACC005420,0,0.0
garimabali368@okhdfcbank,1,ACC005421,2,106.75
ayush20569@okhdfcbank,1,ACC005422,0,0.0
charlesandra789@oksbi,1,ACC005423,0,0.0
pallavisridhar229@okicici,1,ACC005424,1,20.65
fiyaz17389@okaxis,1,ACC005425,0,0.0
dyadav248@ybl,1,ACC005426,2,31.11
liamagrawal937@ybl,1,ACC005427,3,57.9
bsura810@paytm,1,ACC005428,2,80.11
wbhandari310@okicici,1,ACC005429,0,0.0
upkaaracharya616@oksbi,1,ACC005430,3,101.13
darpan94277@ybl,1,ACC005431,2,19.23
sarinyashvi168@ybl,1,ACC005432,0,0.0
vohratristan679@okaxis,1,ACC005433,1,17.15
narainhemani31@okicici,1,ACC005434,1,55.98
mraj944@okicici,1,ACC005435,1,193.9
krish77612@paytm,1,ACC005436,1,20.28
ramakrishnanwazir99@paytm,1,ACC005437,0,0.0
kotafariq633@oksbi,1,ACC005438,0,0.0
william96474@oksbi,1,ACC005439,1,15.75
yashodagarg252@oksbi,1,ACC005440,0,0.0
aahanasharaf298@okaxis,1,ACC005441,3,23.26
yauvanideol34@okhdfcbank,1,ACC005442,0,0.0
geranaveen207@okicici,1,ACC005443,3,191.59
oliver92504@ybl,1,ACC005444,0,0.0
groverharinakshi481@oksbi,1,ACC005445,0,0.0
bhavya72228@ybl,1,ACC005446,0,0.0
neeldubey558@ybl,1,ACC005447,0,0.0
aashi60186@oksbi,1,ACC005448,0,0.0
nidhichandra472@okhdfcbank,1,ACC005449,0,0.0
imaran61454@ybl,1,ACC005450,2,187.87
brarurmi484@ybl,1,ACC005451,1,133.0
sachdevdakshesh953@okaxis,1,ACC005452,0,0.0
jacob95158@okaxis,1,ACC005453,4,115.11
vyasganga833@ybl,1,ACC005454,1,55.98
mohammed95388@oksbi,1,ACC005455,2,98.0
bhatnagarrobert478@okhdfcbank,1,ACC005456,1,98.0
panchalzarna757@oksbi,1,ACC005457,2,40.56
jonathan25264@oksbi,1,ACC005458,1,37.78
nachiketprasad812@okicici,1,ACC005459,0,0.0
charita77419@okicici,1,ACC005460,1,181.95
snatt790@okhdfcbank,1,ACC005461,3,434.4
william57231@okhdfcbank,1,ACC005462,0,0.0
araj85@ybl,1,ACC005463,0,0.0
abhiram79507@paytm,1,ACC005464,3,40.31
yachanachana310@ybl,1,ACC005465,1,24.79
rattiganga946@okhdfcbank,1,ACC005466,0,0.0
zkrish174@paytm,1,ACC005467,1,13.64
spant454@okicici,1,ACC005468,0,0.0
elijahpurohit251@paytm,1,ACC005469,2,20.23
dharsara900@okhdfcbank,1,ACC005470,1,12.25
uchoudhary42@oksbi,1,ACC005471,0,0.0
eagate834@okicici,1,ACC005472,2,51.76
ladlopa111@okaxis,1,ACC005473,0,0.0
xaviervyas938@ybl,1,ACC005474,2,80.13
chandran64331@okaxis,1,ACC005475,0,0.0
farhan61149@okhdfcbank,1,ACC005476,3,420.32
shereaarna242@paytm,1,ACC005477,0,0.0
dharnidra179@oksbi,1,ACC005478,1,36.75
turvi01390@ybl,1,ACC005479,2,23.09
qushi35673@paytm,1,ACC005480,1,20.65
qgola856@oksbi,1,ACC005481,0,0.0
gollaekantika23@okaxis,1,ACC005482,0,0.0
dharchandani412@okhdfcbank,1,ACC005483,1,47.23
anita63550@okhdfcbank,1,ACC005484,0,0.0
amolnarayanan797@okaxis,1,ACC005485,0,0.0
aarav09696@paytm,1,ACC005486,0,0.0
bdua933@ybl,1,ACC005487,1,10.15
jkaur252@paytm,1,ACC005488,0,0.0
rattilogan920@paytm,1,ACC005489,2,80.5
udyatiiyer614@okaxis,1,ACC005490,1,20.63
dalaja09448@paytm,1,ACC005491,1,465.85
parikhqushi172@okicici,1,ACC005492,0,0.0
vincent91826@ybl,1,ACC005493,0,0.0
horafitan583@okaxis,1,ACC005494,2,37.8
avnibhakta112@paytm,1,ACC005495,2,267.4
dmemon316@oksbi,1,ACC005496,2,87.5
zchand382@okaxis,1,ACC005497,1,6.63
finn16319@oksbi,1,ACC005498,0,0.0
contractorkrisha406@okaxis,1,ACC005499,2,68.23
adityaapte965@okicici,1,ACC005500,0,0.0
karora173@okhdfcbank,1,ACC005501,1,211.4
devikaprasad424@okhdfcbank,1,ACC005502,2,26.93
ramaswamylavanya109@ybl,1,ACC005503,4,286.82
ambleturvi625@okaxis,1,ACC005504,1,19.93
sherevamakshi759@okaxis,1,ACC005505,3,150.48
paurohan255@paytm,1,ACC005506,2,410.72
gbedi37@paytm,1,ACC005507,2,209.99
praneelshere51@okicici,1,ACC005508,4,192.63
kabir95667@oksbi,1,ACC005509,0,0.0
quincy00223@okicici,1,ACC005510,0,0.0
fchaudry482@oksbi,1,ACC005511,1,31.5
abeerchada408@okicici,1,ACC005512,2,58.95
rbanerjee938@ybl,1,ACC005513,0,0.0
msaran367@oksbi,1,ACC005514,2,52.85
shankarbenjamin201@okhdfcbank,1,ACC005515,2,66.83
oommenjalsa500@okhdfcbank,1,ACC005516,3,111.99
saidevan969@paytm,1,ACC005517,1,20.28
nilima13886@paytm,1,ACC005518,0,0.0
jagrati66180@okhdfcbank,1,ACC005519,2,59.83
shuklatamanna111@okaxis,1,ACC005520,2,737.78
ksha425@okicici,1,ACC005521,0,0.0
indrajit88361@paytm,1,ACC005522,1,20.28
bimala78370@paytm,1,ACC005523,1,70.0
rudra7284@okicici,1,ACC005524,4,73.11
rakshamohanty233@okaxis,1,ACC005525,0,0.0
ishanvi16932@paytm,1,ACC005526,0,0.0
gswamy105@okhdfcbank,1,ACC005527,2,77.35
patlazashil494@paytm,1,ACC005528,0,0.0
hsom623@paytm,1,ACC005529,1,181.08
hdeo195@paytm,1,ACC005530,2,80.83
sundaramyash191@oksbi,1,ACC005531,0,0.0
yutikanath110@okhdfcbank,1,ACC005532,0,0.0
tkumar254@paytm,1,ACC005533,1,72.1
lallomya69@ybl,1,ACC005534,1,17.15
qabil59782@oksbi,1,ACC005535,2,54.56
avi90417@ybl,1,ACC005536,1,52.5
brinda85960@oksbi,1,ACC005537,0,0.0
widisha50284@ybl,1,ACC005538,0,0.0
udyati92540@oksbi,1,ACC005539,0,0.0
gautami22230@ybl,1,ACC005540,2,72.43
bhanumatikeer626@okhdfcbank,1,ACC005541,0,0.0
jack91495@paytm,1,ACC005542,3,68.6
patrickgrover728@oksbi,1,ACC005543,2,42.7
advay19531@paytm,1,ACC005544,3,197.38
bchad61@okhdfcbank,1,ACC005545,1,15.4
oliver52835@ybl,1,ACC005546,1,11.9
radhamahal536@ybl,1,ACC005547,3,160.63
darafaris983@paytm,1,ACC005548,0,0.0
vhora541@okaxis,1,ACC005549,1,10.15
devmutti88@paytm,1,ACC005550,0,0.0
murtyucchal525@paytm,1,ACC005551,5,848.98
fratti319@ybl,1,ACC005552,1,107.55
waidatata756@oksbi,1,ACC005553,1,56.35
vasatika69517@oksbi,1,ACC005554,1,137.31
manya08124@okhdfcbank,1,ACC005555,0,0.0
hgoswami36@okicici,1,ACC005556,1,37.78
veda31244@ybl,1,ACC005557,1,20.63
henry58505@ybl,1,ACC005558,2,41.28
turvi56208@paytm,1,ACC005559,1,20.65
bishakhasood783@okicici,1,ACC005560,0,0.0
badalquincy12@oksbi,1,ACC005561,0,0.0
pallaaahana958@okaxis,1,ACC005562,1,64.73
amairabora112@okhdfcbank,1,ACC005563,1,81.18
vrishti65238@oksbi,1,ACC005564,5,168.0
anyakurian641@okaxis,1,ACC005565,1,23.78
bhallatheodore91@okicici,1,ACC005566,1,55.98
jasonmishra64@okaxis,1,ACC005567,1,15.4
xdave715@okicici,1,ACC005568,2,63.0
omkaarnaik97@okaxis,1,ACC005569,0,0.0
janani60604@okhdfcbank,1,ACC005570,0,0.0
zparsa563@okhdfcbank,1,ACC005571,0,0.0
kumerishanvi285@ybl,1,ACC005572,2,35.84
chatreshmadan62@ybl,1,ACC005573,3,81.9
nathanielchaudhary16@paytm,1,ACC005574,0,0.0
hiral40543@ybl,1,ACC005575,7,834.23
mangalwakeeta101@okicici,1,ACC005576,4,147.31
lchander583@ybl,1,ACC005577,4,313.27
pgera234@oksbi,1,ACC005578,1,37.45
advay25466@paytm,1,ACC005579,0,0.0
darika32180@okaxis,1,ACC005580,1,12.25
maniagastya223@okaxis,1,ACC005581,0,0.0
bhavani33332@okaxis,1,ACC005582,2,40.6
chandranhegde260@paytm,1,ACC005583,2,47.58
srinivasanmax972@paytm,1,ACC005584,1,0.54
alad392@okhdfcbank,1,ACC005585,0,0.0
nachiket56446@paytm,1,ACC005586,0,0.0
shankarbaghyawati986@okhdfcbank,1,ACC005587,2,326.55
balkabir758@okicici,1,ACC005588,2,190.03
bhavini01134@ybl,1,ACC005589,5,111.01
ishwar03806@ybl,1,ACC005590,0,0.0
zrama82@ybl,1,ACC005591,1,12.58
anvioak82@paytm,1,ACC005592,2,155.03
sethqarin267@okicici,1,ACC005593,1,35.0
aryaharish290@paytm,1,ACC005594,0,0.0
iprabhakar54@okhdfcbank,1,ACC005595,1,40.95
senguptayoshita333@okhdfcbank,1,ACC005596,2,153.65
balachristopher803@oksbi,1,ACC005597,1,13.65
akshay39122@okhdfcbank,1,ACC005598,1,79.1
bimala41342@ybl,1,ACC005599,0,0.0
osaini17@oksbi,1,ACC005600,2,36.03
agarwalmeera84@ybl,1,ACC005601,0,0.0
kvarma513@okaxis,1,ACC005602,2,59.93
raagini78397@ybl,1,ACC005603,1,13.65
kavya28495@okicici,1,ACC005604,1,8.71
isaiah59456@paytm,1,ACC005605,1,26.95
kuruvillawarinder887@okaxis,1,ACC005606,1,64.73
rajavni741@paytm,1,ACC005607,1,16.78
finnhari313@paytm,1,ACC005608,1,10.83
isaac98359@oksbi,1,ACC005609,3,112.69
lavanyamannan634@ybl,1,ACC005610,3,362.12
harish20875@oksbi,1,ACC005611,3,40.31
unni58849@paytm,1,ACC005612,1,109.18
kmander961@okhdfcbank,1,ACC005613,2,134.66
jackmohanty379@okhdfcbank,1,ACC005614,3,140.33
janigauri450@okhdfcbank,1,ACC005615,4,201.75
tnarasimhan673@oksbi,1,ACC005616,0,0.0
krishnatak455@paytm,1,ACC005617,1,2.63
awagle607@paytm,1,ACC005618,1,52.5
yadavkalpit923@okhdfcbank,1,ACC005619,0,0.0
onkar77963@okhdfcbank,1,ACC005620,1,14.0
anayar587@paytm,1,ACC005621,0,0.0
odey986@okaxis,1,ACC005622,3,123.16
guhaekavir234@ybl,1,ACC005623,2,78.4
zayanbail445@oksbi,1,ACC005624,0,0.0
zkorpal278@paytm,1,ACC005625,1,18.89
gauravkade692@okicici,1,ACC005626,0,0.0
madanhardik788@okicici,1,ACC005627,3,132.65
rakshanazareth966@okicici,1,ACC005628,2,85.38
omkaarmand606@okicici,1,ACC005629,0,0.0
varsha82584@paytm,1,ACC005630,0,0.0
gviswanathan977@paytm,1,ACC005631,2,47.56
isinha295@ybl,1,ACC005632,0,0.0
bshanker515@oksbi,1,ACC005633,1,17.6
jdugar994@okaxis,1,ACC005634,0,0.0
umang27528@paytm,1,ACC005635,3,197.73
pranavchhabra201@okaxis,1,ACC005636,0,0.0
garima19371@okhdfcbank,1,ACC005637,0,0.0
jasmitmalhotra799@okicici,1,ACC005638,2,23.76
kritikatara252@okhdfcbank,1,ACC005639,2,51.78
khalsabenjamin320@ybl,1,ACC005640,1,8.4
atharvsaxena381@oksbi,1,ACC005641,0,0.0
atharv69635@paytm,1,ACC005642,1,37.78
rohanmallick71@okaxis,1,ACC005643,1,79.1
lohitsura445@paytm,1,ACC005644,0,0.0
tramanathan592@okhdfcbank,1,ACC005645,2,28.33
upadhriti68910@oksbi,1,ACC005646,0,0.0
mandalojasvi42@paytm,1,ACC005647,2,165.82
zdube343@okhdfcbank,1,ACC005648,1,50.4
nadkarnivihaan985@okicici,1,ACC005649,4,92.03
jaggibrijesh405@okaxis,1,ACC005650,2,31.31
simon32145@oksbi,1,ACC005651,3,62.98
simonkohli929@ybl,1,ACC005652,1,183.73
varghesedhruv420@okicici,1,ACC005653,0,0.0
keya13440@paytm,1,ACC005654,1,35.0
krishbhatia27@okhdfcbank,1,ACC005655,4,228.09
lsampath74@okaxis,1,ACC005656,1,55.98
kritikasuresh741@ybl,1,ACC005657,0,0.0
ydhar183@oksbi,1,ACC005658,1,8.75
arorabaljiwan500@ybl,1,ACC005659,0,0.0
shivanitandon958@oksbi,1,ACC005660,0,0.0
nachiketsehgal210@okaxis,1,ACC005661,3,95.86
widisha5094@okhdfcbank,1,ACC005662,2,30.8
oviyaapte262@ybl,1,ACC005663,1,59.85
rnagar392@okhdfcbank,1,ACC005664,0,0.0
nigamarjun344@paytm,1,ACC005665,0,0.0
desaiomya649@paytm,1,ACC005666,0,0.0
pandyaavi433@oksbi,1,ACC005667,1,12.58
ansh81447@ybl,1,ACC005668,0,0.0
hiral33271@okicici,1,ACC005669,1,65.1
gagansura553@okicici,1,ACC005670,0,0.0
chavvi74707@oksbi,1,ACC005671,1,6.11
jainhemani249@okaxis,1,ACC005672,1,35.0
ukant217@okicici,1,ACC005673,1,117.25
ijha849@paytm,1,ACC005674,0,0.0
vpalla99@paytm,1,ACC005675,2,45.83
hvora498@okicici,1,ACC005676,3,198.78
kadakiadalbir145@oksbi,1,ACC005677,3,104.28
charitasubramaniam484@paytm,1,ACC005678,1,12.58
tanveer55456@okhdfcbank,1,ACC005679,2,26.25
kpillai711@okicici,1,ACC005680,3,75.65
sidhutriveni873@oksbi,1,ACC005681,0,0.0
senguptaojas202@paytm,1,ACC005682,0,0.0
ebalan596@paytm,1,ACC005683,0,0.0
vrishti22898@oksbi,1,ACC005684,1,10.15
manan10354@okicici,1,ACC005685,0,0.0
xzacharia212@okicici,1,ACC005686,2,29.4
lilavirk302@okicici,1,ACC005687,0,0.0
madhav51536@oksbi,1,ACC005688,5,251.14
zpandit784@ybl,1,ACC005689,0,0.0
jacobnagarajan87@okaxis,1,ACC005690,0,0.0
varsha22724@oksbi,1,ACC005691,0,0.0
balveer6061@ybl,1,ACC005692,0,0.0
stalwar271@ybl,1,ACC005693,1,2.88
kaitripathi780@okhdfcbank,1,ACC005694,0,0.0
choudharyjyoti63@paytm,1,ACC005695,1,17.15
vbail609@okaxis,1,ACC005696,0,0.0
kandavinaya681@okhdfcbank,1,ACC005697,0,0.0
alexander04916@ybl,1,ACC005698,0,0.0
dhingrarishi484@okhdfcbank,1,ACC005699,1,40.95
latanaksh367@okicici,1,ACC005700,0,0.0
ksami574@paytm,1,ACC005701,0,0.0
yadavdevika889@paytm,1,ACC005702,0,0.0
chaudhurijagvi991@ybl,1,ACC005703,2,40.6
gavin10733@okaxis,1,ACC005704,0,0.0
vrinda96934@okhdfcbank,1,ACC005705,0,0.0
gopallad333@okaxis,1,ACC005706,0,0.0
chaitanya33357@ybl,1,ACC005707,1,37.78
regeekansh47@okaxis,1,ACC005708,0,0.0
tanveer81631@ybl,1,ACC005709,0,0.0
urvashi8286@okicici,1,ACC005710,2,193.53
parmeramruta147@oksbi,1,ACC005711,0,0.0
tanmayi95813@okhdfcbank,1,ACC005712,2,35.61
nnarula639@okaxis,1,ACC005713,1,20.63
srinivasodika974@okicici,1,ACC005714,2,124.58
manthan56988@okicici,1,ACC005715,2,39.17
yagnesh91903@ybl,1,ACC005716,0,0.0
voraaadi118@ybl,1,ACC005717,1,105.0
chatterjeeekavir361@okaxis,1,ACC005718,1,11.74
manderudarsh823@okicici,1,ACC005719,0,0.0
manthanagate149@paytm,1,ACC005720,1,38.13
bbains192@okhdfcbank,1,ACC005721,0,0.0
kashvi58109@oksbi,1,ACC005722,0,0.0
mandalleena507@okicici,1,ACC005723,1,52.5
bobalhema524@ybl,1,ACC005724,1,20.63
zmody594@ybl,1,ACC005725,0,0.0
thomas9341@paytm,1,ACC005726,2,44.1
omaja37831@okaxis,1,ACC005727,1,26.95
kashish40442@oksbi,1,ACC005728,0,0.0
vrishti32809@okicici,1,ACC005729,1,20.63
surisuhani343@okhdfcbank,1,ACC005730,1,35.7
manbir98694@ybl,1,ACC005731,2,72.43
rkarnik889@okaxis,1,ACC005732,1,49.35
bavavyanjana397@paytm,1,ACC005733,2,44.1
gunbir65733@ybl,1,ACC005734,3,48.25
sawhneynakul743@ybl,1,ACC005735,0,0.0
jlala133@paytm,1,ACC005736,0,0.0
timothy53223@paytm,1,ACC005737,3,183.73
iyeralexander603@oksbi,1,ACC005738,2,125.28
mishradaniel400@paytm,1,ACC005739,2,41.3
mdash903@paytm,1,ACC005740,1,37.78
qdin651@okicici,1,ACC005741,2,333.51
shaurya07872@oksbi,1,ACC005742,1,6.11
goelviraj629@okicici,1,ACC005743,0,0.0
wsandal35@okhdfcbank,1,ACC005744,1,32.2
karansimon438@ybl,1,ACC005745,1,117.25
johalarunima158@okaxis,1,ACC005746,1,26.95
upma76209@paytm,1,ACC005747,0,0.0
zkala339@oksbi,1,ACC005748,0,0.0
qushiuppal542@paytm,1,ACC005749,0,0.0
jackcomar17@paytm,1,ACC005750,4,150.46
murthyfiyaz958@okicici,1,ACC005751,1,147.88
bhattinathaniel883@oksbi,1,ACC005752,0,0.0
vloke105@paytm,1,ACC005753,0,0.0
routpushti949@okicici,1,ACC005754,2,89.77
braju787@paytm,1,ACC005755,0,0.0
nachiket69453@paytm,1,ACC005756,1,1504.78
krishna5050@okaxis,1,ACC005757,1,40.95
mbuch402@okhdfcbank,1,ACC005758,1,39.55
jaikurian774@okhdfcbank,1,ACC005759,1,79.1
jeevika04710@okaxis,1,ACC005760,2,69.98
rpal401@okicici,1,ACC005761,0,0.0
indrajitrajagopalan68@oksbi,1,ACC005762,1,12.93
balalaksh127@okhdfcbank,1,ACC005763,0,0.0
schanda907@ybl,1,ACC005764,3,55.28
ramanquincy418@paytm,1,ACC005765,1,37.78
vedhikamitra760@ybl,1,ACC005766,1,717.83
chaitaly82284@okaxis,1,ACC005767,2,31.01
vbhavsar765@oksbi,1,ACC005768,0,0.0
parsaeshana963@okaxis,1,ACC005769,2,46.53
aarnavbobal114@okaxis,1,ACC005770,3,85.39
anyanayak517@ybl,1,ACC005771,1,20.65
yashica97529@okhdfcbank,1,ACC005772,1,59.85
naveen30109@okicici,1,ACC005773,4,165.17
dominic13612@okicici,1,ACC005774,0,0.0
onihalder479@paytm,1,ACC005775,1,79.1
mitratarak61@okaxis,1,ACC005776,1,20.28
abawa232@okhdfcbank,1,ACC005777,3,1326.87
xraja632@ybl,1,ACC005778,0,0.0
dayitade8@ybl,1,ACC005779,3,56.97
kdhawan734@oksbi,1,ACC005780,2,352.43
chanchal46161@ybl,1,ACC005781,1,21.68
ikaur466@paytm,1,ACC005782,1,11.9
darika66992@okaxis,1,ACC005783,1,39.55
rajeshrishah798@okaxis,1,ACC005784,2,50.75
vasanahans87@okaxis,1,ACC005785,5,537.82
unnati11845@oksbi,1,ACC005786,0,0.0
anthonyzacharia178@ybl,1,ACC005787,1,19.07
ekbal5668@okicici,1,ACC005788,4,186.16
vrishti12135@okaxis,1,ACC005789,0,0.0
yutikapradhan315@oksbi,1,ACC005790,4,65.76
vghose226@okhdfcbank,1,ACC005791,2,64.75
wazirprabhu450@paytm,1,ACC005792,0,0.0
jairaj80195@ybl,1,ACC005793,1,7.0
udyati98272@ybl,1,ACC005794,1,7.0
omishra337@okhdfcbank,1,ACC005795,1,13.65
tmurty654@ybl,1,ACC005796,1,52.5
jairaj4593@okhdfcbank,1,ACC005797,1,23.78
simonsood220@oksbi,1,ACC005798,2,204.73
chakradevmann18@okhdfcbank,1,ACC005799,3,94.09
peter32622@ybl,1,ACC005800,0,0.0
parmarradha157@oksbi,1,ACC005801,1,64.73
ishaan07793@oksbi,1,ACC005802,3,104.77
jai37706@okhdfcbank,1,ACC005803,1,90.98
pratyushbrahmbhatt765@okaxis,1,ACC005804,0,0.0
zachariahbalendra337@oksbi,1,ACC005805,0,0.0
orinderdatta54@oksbi,1,ACC005806,1,96.25
bhavya46218@okaxis,1,ACC005807,0,0.0
vinaya0556@oksbi,1,ACC005808,3,101.32
unnisule538@ybl,1,ACC005809,0,0.0
pavanichowdhury759@okicici,1,ACC005810,0,0.0
cprasad149@oksbi,1,ACC005811,0,0.0
kmital362@okhdfcbank,1,ACC005812,3,59.69
pprasad652@paytm,1,ACC005813,2,31.82
rameshyatan294@okicici,1,ACC005814,3,82.58
ukala567@okhdfcbank,1,ACC005815,2,100.8
nilima37111@oksbi,1,ACC005816,1,33.95
tanejagaurika591@paytm,1,ACC005817,2,137.9
finn12573@okaxis,1,ACC005818,1,52.5
mchakraborty853@okhdfcbank,1,ACC005819,0,0.0
balannoah88@okicici,1,ACC005820,1,1.56
hemangini27955@okicici,1,ACC005821,1,58.1
kannanpraneel551@okaxis,1,ACC005822,0,0.0
mhans240@paytm,1,ACC005823,0,0.0
amurthy952@oksbi,1,ACC005824,0,0.0
santlavanya77@okaxis,1,ACC005825,1,17.15
gourjason814@paytm,1,ACC005826,3,115.43
kundayuvraj638@ybl,1,ACC005827,1,17.5
wazirkibe235@paytm,1,ACC005828,2,58.06
upma97966@paytm,1,ACC005829,3,42.78
santjagvi215@okaxis,1,ACC005830,1,174.41
jagvi73427@okhdfcbank,1,ACC005831,0,0.0
mannsudiksha541@okicici,1,ACC005832,0,0.0
falguni23214@okicici,1,ACC005833,1,40.95
kboase332@ybl,1,ACC005834,2,114.43
balvan99413@okicici,1,ACC005835,1,7.0
sakshamkrish881@okicici,1,ACC005836,1,17.5
panchalanjali362@ybl,1,ACC005837,2,111.98
mandalnilima575@okicici,1,ACC005838,0,0.0
varugheseoscar799@okhdfcbank,1,ACC005839,2,34.28
aryan97279@okaxis,1,ACC005840,1,155.75
onveerkumer761@oksbi,1,ACC005841,0,0.0
quincycheema279@paytm,1,ACC005842,2,22.2
savantfalak596@oksbi,1,ACC005843,2,138.23
wishisahota509@okaxis,1,ACC005844,2,32.86
yashawini73210@okicici,1,ACC005845,2,20.47
max48252@okaxis,1,ACC005846,1,8.4
mangatjagat763@okhdfcbank,1,ACC005847,1,10.32
chandfaraj470@paytm,1,ACC005848,0,0.0
timothy72264@ybl,1,ACC005849,2,31.49
zkari386@ybl,1,ACC005850,0,0.0
swamyimaran571@okaxis,1,ACC005851,2,438.9
ekhanna46@okaxis,1,ACC005852,0,0.0
manianita328@oksbi,1,ACC005853,1,10.15
advikadass809@ybl,1,ACC005854,3,54.56
tbrahmbhatt854@paytm,1,ACC005855,2,183.01
tanvi16283@paytm,1,ACC005856,1,37.78
wasonvarenya764@okaxis,1,ACC005857,1,20.65
amara38817@paytm,1,ACC005858,0,0.0
ylanka719@paytm,1,ACC005859,1,26.25
xalak02963@paytm,1,ACC005860,3,53.7
zehaansarkar740@okicici,1,ACC005861,3,65.43
banikchaaya230@okaxis,1,ACC005862,2,71.73
mohinisandal252@ybl,1,ACC005863,5,318.3
kalpitkothari729@okicici,1,ACC005864,1,11.9
contractorjeet768@ybl,1,ACC005865,2,158.9
nsha284@okhdfcbank,1,ACC005866,2,148.51
wadhwaurmi628@ybl,1,ACC005867,0,0.0
qasimbala388@ybl,1,ACC005868,2,923.99
qoak347@okaxis,1,ACC005869,0,0.0
advikarajagopalan577@okhdfcbank,1,ACC005870,1,27.59
venkateshwridesh779@paytm,1,ACC005871,0,0.0
sundersathvik698@paytm,1,ACC005872,1,55.98
sanayahayer731@ybl,1,ACC005873,0,0.0
labansaran847@paytm,1,ACC005874,1,20.65
rjain340@okhdfcbank,1,ACC005875,2,23.08
mallojas830@paytm,1,ACC005876,1,9.67
masterchaaya677@okaxis,1,ACC005877,0,0.0
hardik58286@okaxis,1,ACC005878,0,0.0
seshadrikrishna81@paytm,1,ACC005879,0,0.0
ganga81123@oksbi,1,ACC005880,2,110.95
krishnapant897@oksbi,1,ACC005881,0,0.0
tellabalendra25@okicici,1,ACC005882,1,20.28
gopalgabriel795@ybl,1,ACC005883,0,0.0
caleb73109@oksbi,1,ACC005884,2,61.93
zehaanmahal938@oksbi,1,ACC005885,4,133.49
rgrover277@oksbi,1,ACC005886,2,61.25
nihalchahal166@okhdfcbank,1,ACC005887,1,148.73
deepaben232@okaxis,1,ACC005888,1,13.65
rauchakradev36@ybl,1,ACC005889,0,0.0
klad431@okhdfcbank,1,ACC005890,0,0.0
tellavrinda868@ybl,1,ACC005891,3,84.33
eesha42895@oksbi,1,ACC005892,2,39.34
arin59445@okhdfcbank,1,ACC005893,0,0.0
inaya50434@okicici,1,ACC005894,1,8.75
atharv30238@paytm,1,ACC005895,0,0.0
krishamall919@okaxis,1,ACC005896,2,188.96
cnarasimhan93@okhdfcbank,1,ACC005897,2,58.43
snayar852@okhdfcbank,1,ACC005898,0,0.0
sachi37635@okhdfcbank,1,ACC005899,2,399.7
saumya14214@okicici,1,ACC005900,0,0.0
omdass731@okhdfcbank,1,ACC005901,0,0.0
damini34616@okicici,1,ACC005902,1,33.4
masterisaiah9@paytm,1,ACC005903,1,183.4
urvashipalla644@ybl,1,ACC005904,3,61.25
karihredhaan247@okaxis,1,ACC005905,4,119.68
yahvimitter759@okicici,1,ACC005906,0,0.0
gagan21478@okicici,1,ACC005907,0,0.0
csarraf441@ybl,1,ACC005908,2,36.05
hamsini91724@ybl,1,ACC005909,0,0.0
yahvi33632@ybl,1,ACC005910,0,0.0
raagini41706@okhdfcbank,1,ACC005911,0,0.0
diptabail237@okhdfcbank,1,ACC005912,1,13.75
tanveer81407@oksbi,1,ACC005913,3,42.6
osankaran588@okaxis,1,ACC005914,0,0.0
yadavbhavna258@okhdfcbank,1,ACC005915,2,28.94
ndalia433@okhdfcbank,1,ACC005916,1,87.5
lmodi681@okhdfcbank,1,ACC005917,3,58.39
nathqadim913@paytm,1,ACC005918,0,0.0
seshadriutkarsh177@okaxis,1,ACC005919,2,175.68
chandahemangini166@ybl,1,ACC005920,0,0.0
zmittal913@okicici,1,ACC005921,1,14.35
aggarwalchristopher267@okicici,1,ACC005922,1,18.9
uchahal611@oksbi,1,ACC005923,1,5.92
kamala59113@okicici,1,ACC005924,1,35.0
falgunigala826@okaxis,1,ACC005925,2,229.23
sathvikdara760@oksbi,1,ACC005926,0,0.0
ckorpal754@paytm,1,ACC005927,0,0.0
ladgaurav909@paytm,1,ACC005928,0,0.0
savantdaniel196@okhdfcbank,1,ACC005929,2,37.27
opalan479@oksbi,1,ACC005930,0,0.0
draman987@paytm,1,ACC005931,1,59.85
kundavivaan375@paytm,1,ACC005932,3,166.23
arunima95674@okicici,1,ACC005933,1,98.0
umang11450@okaxis,1,ACC005934,2,795.88
pausaanvi685@okhdfcbank,1,ACC005935,1,23.78
ikata841@ybl,1,ACC005936,3,67.16
lajita65177@ybl,1,ACC005937,0,0.0
lsachdev982@paytm,1,ACC005938,1,17.15
sanyatara180@okaxis,1,ACC005939,0,0.0
dharwriddhish817@ybl,1,ACC005940,1,35.0
ejohal765@okicici,1,ACC005941,0,0.0
sparmer307@okaxis,1,ACC005942,2,137.88
saksham2156@okaxis,1,ACC005943,1,9.08
sakshamgour15@okicici,1,ACC005944,2,33.23
abajaj867@okicici,1,ACC005945,1,12.58
nitara90725@ybl,1,ACC005946,1,40.95
brinda62932@okhdfcbank,1,ACC005947,2,49.7
ethandube585@okicici,1,ACC005948,0,0.0
bbhatnagar598@okicici,1,ACC005949,0,0.0
vamakshioommen679@oksbi,1,ACC005950,0,0.0
gavin33564@oksbi,1,ACC005951,2,213.13
agastyawagle194@okicici,1,ACC005952,1,12.77
warhi49549@okicici,1,ACC005953,5,120.11
triveni87255@okicici,1,ACC005954,1,19.93
triptichhabra776@okhdfcbank,1,ACC005955,2,64.73
bakshiaarna542@okaxis,1,ACC005956,5,486.11
vasatika82107@oksbi,1,ACC005957,1,12.88
sodhizaitra457@ybl,1,ACC005958,0,0.0
jaisarkar581@okhdfcbank,1,ACC005959,1,70.0
shivanimandal84@okhdfcbank,1,ACC005960,1,23.78
anika74526@ybl,1,ACC005961,2,40.56
vincentpillai270@okaxis,1,ACC005962,1,23.78
eta57654@ybl,1,ACC005963,1,37.78
msanghvi672@paytm,1,ACC005964,1,28.7
osundaram190@okaxis,1,ACC005965,3,246.03
lohit78943@ybl,1,ACC005966,4,171.93
unnatidhar609@okicici,1,ACC005967,0,0.0
rsha59@paytm,1,ACC005968,1,40.95
koshyhitesh758@paytm,1,ACC005969,2,70.7
lbala513@okhdfcbank,1,ACC005970,1,184.45
ktata816@okhdfcbank,1,ACC005971,1,33.95
mlalla77@paytm,1,ACC005972,1,104.98
nirjatrivedi576@ybl,1,ACC005973,0,0.0
isaacbarad77@ybl,1,ACC005974,1,13.65
uramanathan537@okhdfcbank,1,ACC005975,1,52.85
avisaraf101@okicici,1,ACC005976,0,0.0
imaransubramaniam370@ybl,1,ACC005977,0,0.0
neel84163@okhdfcbank,1,ACC005978,1,35.0
raujason734@ybl,1,ACC005979,1,5.25
ranbir96540@okicici,1,ACC005980,2,44.78
pahalverma837@okicici,1,ACC005981,0,0.0
naveenwable557@paytm,1,ACC005982,0,0.0
gvenkataraman381@oksbi,1,ACC005983,1,10.5
boselekha759@paytm,1,ACC005984,2,49.68
daniel70449@paytm,1,ACC005985,1,6.24
parth48434@oksbi,1,ACC005986,1,37.78
eshanadewan393@okicici,1,ACC005987,0,0.0
danielsani872@oksbi,1,ACC005988,0,0.0
ekanshmorar531@okhdfcbank,1,ACC005989,2,310.78
dubeykala920@ybl,1,ACC005990,3,46.48
ochoudhary871@paytm,1,ACC005991,1,13.65
barkha2533@paytm,1,ACC005992,3,178.81
isaackrishnamurthy301@okicici,1,ACC005993,0,0.0
frao533@okhdfcbank,1,ACC005994,0,0.0
menonekanta322@oksbi,1,ACC005995,1,43.75
battajanuja828@okaxis,1,ACC005996,0,0.0
narayanangabriel31@okhdfcbank,1,ACC005997,0,0.0
galaaarnav26@okaxis,1,ACC005998,2,25.0
oscarchawla321@okicici,1,ACC005999,2,50.63
soodyuvraj296@paytm,1,ACC006000,0,0.0
vyanjana09750@okhdfcbank,1,ACC006001,1,9.01
okapur206@okaxis,1,ACC006002,0,0.0
lben461@okhdfcbank,1,ACC006003,1,37.78
rajata05830@okicici,1,ACC006004,3,54.56
batrawakeeta594@paytm,1,ACC006005,0,0.0
tkala690@okaxis,1,ACC006006,0,0.0
vdasgupta555@oksbi,1,ACC006007,0,0.0
godaazad797@oksbi,1,ACC006008,0,0.0
goelcharan903@oksbi,1,ACC006009,0,0.0
vyanjanachander336@okicici,1,ACC006010,0,0.0
vvarty378@okaxis,1,ACC006011,3,268.41
sawhneychasmum748@ybl,1,ACC006012,0,0.0
ybains222@okicici,1,ACC006013,2,129.13
harshkala17@okaxis,1,ACC006014,1,11.9
ychawla348@paytm,1,ACC006015,1,26.95
jonathan19735@paytm,1,ACC006016,0,0.0
anaybose526@okhdfcbank,1,ACC006017,0,0.0
chakrabortykashish731@ybl,1,ACC006018,0,0.0
ramakrishnannetra976@okhdfcbank,1,ACC006019,5,373.84
ishaan77329@paytm,1,ACC006020,5,113.03
ishita26831@paytm,1,ACC006021,0,0.0
zaitraramanathan932@okicici,1,ACC006022,2,25.86
bainsjackson301@oksbi,1,ACC006023,1,74.55
zgill413@ybl,1,ACC006024,1,47.23
waliishaan620@oksbi,1,ACC006025,3,100.08
frederick03969@paytm,1,ACC006026,1,26.25
hshenoy531@ybl,1,ACC006027,1,12.77
gaurangsodhi889@oksbi,1,ACC006028,2,57.61
lakshitsoman405@okicici,1,ACC006029,4,72.25
dnaik705@ybl,1,ACC006030,0,0.0
dmahal130@ybl,1,ACC006031,0,0.0
xvarkey432@okicici,1,ACC006032,2,96.25
xroy327@okaxis,1,ACC006033,0,0.0
shannimrat265@okaxis,1,ACC006034,1,20.28
dmitter915@oksbi,1,ACC006035,1,37.78
riahari3@okicici,1,ACC006036,2,46.95
kalahemang857@okicici,1,ACC006037,1,37.78
chandaniben710@okhdfcbank,1,ACC006038,3,282.76
harrisonlanka564@ybl,1,ACC006039,2,297.3
patilkeya606@okicici,1,ACC006040,2,64.03
xbhagat193@oksbi,1,ACC006041,3,32.18
maanas31487@paytm,1,ACC006042,1,11.9
bathladli265@ybl,1,ACC006043,0,0.0
tailorekansh650@paytm,1,ACC006044,2,172.53
madhavi60343@okhdfcbank,1,ACC006045,2,85.22
hemangsarraf38@okicici,1,ACC006046,1,12.58
aarnabalan425@okhdfcbank,1,ACC006047,0,0.0
siya88618@paytm,1,ACC006048,0,0.0
kadenaveen841@paytm,1,ACC006049,1,17.5
victorgoyal858@okhdfcbank,1,ACC006050,2,42.95
gaurika35104@okhdfcbank,1,ACC006051,5,173.58
bachittar62493@okhdfcbank,1,ACC006052,5,97.67
bhavsaroviya764@okaxis,1,ACC006053,0,0.0
devansh76598@okaxis,1,ACC006054,1,35.0
anshviswanathan134@ybl,1,ACC006055,2,105.0
somyachana577@okaxis,1,ACC006056,0,0.0
ronithloyal264@okicici,1,ACC006057,1,12.58
anamika57696@oksbi,1,ACC006058,0,0.0
daksheshramakrishnan881@okaxis,1,ACC006059,0,0.0
aarna94436@ybl,1,ACC006060,2,61.6
yachanalad800@ybl,1,ACC006061,1,37.78
balvansavant324@ybl,1,ACC006062,0,0.0
jchaudhuri656@oksbi,1,ACC006063,0,0.0
janujamore851@okhdfcbank,1,ACC006064,0,0.0
uppalmohini515@okaxis,1,ACC006065,0,0.0
balasubramanianishaan597@okicici,1,ACC006066,1,20.63
nakshnadkarni219@okaxis,1,ACC006067,1,117.25
urvashikara958@oksbi,1,ACC006068,1,31.13
banerjeeforum922@ybl,1,ACC006069,2,116.88
hegderidhi659@okhdfcbank,1,ACC006070,0,0.0
odeol726@ybl,1,ACC006071,2,90.22
mangaldhriti402@ybl,1,ACC006072,0,0.0
jason49342@paytm,1,ACC006073,0,0.0
chopramugdha30@paytm,1,ACC006074,0,0.0
owenaggarwal984@ybl,1,ACC006075,1,15.4
turvi74957@ybl,1,ACC006076,4,259.69
hratti531@ybl,1,ACC006077,1,9.08
ishaan08651@okhdfcbank,1,ACC006078,5,112.55
lakshmilanka158@oksbi,1,ACC006079,2,20.61
vasudha11208@ybl,1,ACC006080,3,51.06
jeremiah05340@okicici,1,ACC006081,1,35.0
atwalchavvi738@ybl,1,ACC006082,0,0.0
oscarthaman547@okicici,1,ACC006083,1,73.48
rjain433@okaxis,1,ACC006084,2,35.68
garayadavi746@okaxis,1,ACC006085,3,178.5
simonmerchant469@okaxis,1,ACC006086,0,0.0
yasti98497@okicici,1,ACC006087,3,203.68
lopasaxena775@ybl,1,ACC006088,1,1.39
charles93940@ybl,1,ACC006089,3,102.55
siddharth54976@okaxis,1,ACC006090,2,52.14
leenakade93@okaxis,1,ACC006091,2,20.3
balendrapillai337@paytm,1,ACC006092,2,66.5
nadkarnisaksham57@paytm,1,ACC006093,0,0.0
choudhryfaris291@okicici,1,ACC006094,0,0.0
baljiwansekhon33@okicici,1,ACC006095,1,20.65
purimadhavi209@ybl,1,ACC006096,3,293.11
bakhshibobal136@okaxis,1,ACC006097,1,13.65
ananddevansh107@okaxis,1,ACC006098,1,37.78
bsagar987@ybl,1,ACC006099,1,12.58
xpant585@okhdfcbank,1,ACC006100,2,24.48
rtandon553@okhdfcbank,1,ACC006101,0,0.0
anmol50180@ybl,1,ACC006102,3,108.44
meghanadalal628@okicici,1,ACC006103,1,26.95
janani33258@okhdfcbank,1,ACC006104,0,0.0
masondesai729@oksbi,1,ACC006105,1,58.45
nsura388@ybl,1,ACC006106,0,0.0
radhika50142@oksbi,1,ACC006107,1,11.94
gtalwar263@ybl,1,ACC006108,3,93.37
yashvi60980@oksbi,1,ACC006109,0,0.0
nakshcomar81@paytm,1,ACC006110,1,37.97
chandersaanvi820@paytm,1,ACC006111,1,3.02
harish93883@okicici,1,ACC006112,1,20.65
vartyarjun723@paytm,1,ACC006113,0,0.0
ekanshmahajan236@paytm,1,ACC006114,2,583.86
jeet16860@ybl,1,ACC006115,0,0.0
devika7763@ybl,1,ACC006116,1,40.95
borralogan336@ybl,1,ACC006117,1,40.95
chandhardik937@okhdfcbank,1,ACC006118,1,59.48
qwadhwa84@okicici,1,ACC006119,0,0.0
dganesan544@okicici,1,ACC006120,1,17.15
ideol968@okicici,1,ACC006121,2,53.53
obhattacharyya810@okhdfcbank,1,ACC006122,0,0.0
alexander14587@oksbi,1,ACC006123,1,109.18
dubeanmol744@paytm,1,ACC006124,3,85.73
waliadaniel514@okaxis,1,ACC006125,0,0.0
bhardwajvanya590@oksbi,1,ACC006126,1,35.0
nakshiyer460@okhdfcbank,1,ACC006127,0,0.0
vasatika29242@okhdfcbank,1,ACC006128,1,26.05
oakazad681@okaxis,1,ACC006129,3,297.13
jagvi01918@ybl,1,ACC006130,1,10.15
kshetty988@paytm,1,ACC006131,2,18.9
mannesamarth410@okicici,1,ACC006132,3,797.63
charita02292@ybl,1,ACC006133,0,0.0
vansharadhakrishnan584@okaxis,1,ACC006134,0,0.0
gourgunbir374@okaxis,1,ACC006135,0,0.0
owadhwa855@okicici,1,ACC006136,1,14.24
usood795@okaxis,1,ACC006137,5,172.7
jatinmerchant830@oksbi,1,ACC006138,3,104.15
kgolla152@okaxis,1,ACC006139,0,0.0
qmurthy580@okhdfcbank,1,ACC006140,0,0.0
darshkadakia549@okaxis,1,ACC006141,0,0.0
amander31@oksbi,1,ACC006142,0,0.0
matthewsoman203@ybl,1,ACC006143,0,0.0
bakhshi83462@oksbi,1,ACC006144,0,0.0
aarini90815@okaxis,1,ACC006145,1,20.65
cagrawal292@okaxis,1,ACC006146,2,47.6
timothy29732@oksbi,1,ACC006147,0,0.0
eeshavarty913@paytm,1,ACC006148,2,54.58
nagarajanchameli105@ybl,1,ACC006149,0,0.0
oshagrover787@okaxis,1,ACC006150,1,309.4
siyasarna658@okaxis,1,ACC006151,0,0.0
csom323@oksbi,1,ACC006152,1,7.19
dbal931@ybl,1,ACC006153,1,11.9
aadhyasandhu24@oksbi,1,ACC006154,0,0.0
thomas38365@okaxis,1,ACC006155,1,13.82
gokhalekrishna138@oksbi,1,ACC006156,0,0.0
ryanbhat287@oksbi,1,ACC006157,1,15.03
idayal156@okicici,1,ACC006158,0,0.0
phora343@okaxis,1,ACC006159,1,38.13
ryanloke945@paytm,1,ACC006160,4,166.07
faqid78984@okhdfcbank,1,ACC006161,2,51.4
mannemichael878@okhdfcbank,1,ACC006162,1,26.95
vchhabra979@okhdfcbank,1,ACC006163,2,92.36
arjun84703@ybl,1,ACC006164,1,20.28
qsheth630@okhdfcbank,1,ACC006165,1,55.98
ymaster825@ybl,1,ACC006166,1,17.48
gopalleela541@ybl,1,ACC006167,1,13.65
advaith86820@oksbi,1,ACC006168,1,59.85
mahika14421@oksbi,1,ACC006169,2,26.86
ssubramaniam337@okicici,1,ACC006170,2,80.13
kashvi38791@okicici,1,ACC006171,3,242.53
arunima32364@okhdfcbank,1,ACC006172,1,37.78
munshijack197@ybl,1,ACC006173,1,35.0
vgokhale33@oksbi,1,ACC006174,0,0.0
mandaomisha95@oksbi,1,ACC006175,3,81.86
parikhshravya3@okaxis,1,ACC006176,2,58.06
kavya78355@paytm,1,ACC006177,0,0.0
rkumer224@ybl,1,ACC006178,1,30.78
manneraksha213@oksbi,1,ACC006179,4,271.56
gaurangibaria983@okaxis,1,ACC006180,1,7.75
neha21221@oksbi,1,ACC006181,0,0.0
wadhwaupasna521@okaxis,1,ACC006182,1,37.97
gayathri04358@oksbi,1,ACC006183,0,0.0
rmisra605@ybl,1,ACC006184,1,111.12
chokshijeet660@oksbi,1,ACC006185,2,68.61
edwineshana131@oksbi,1,ACC006186,0,0.0
zsekhon357@oksbi,1,ACC006187,0,0.0
narayananomaja355@okicici,1,ACC006188,1,9.58
jonathan88338@okicici,1,ACC006189,0,0.0
bedivedant113@ybl,1,ACC006190,1,40.95
kaladhaliwal263@okicici,1,ACC006191,1,15.45
rtrivedi61@okicici,1,ACC006192,1,20.28
ahans999@okaxis,1,ACC006193,1,29.63
samarthsagar856@paytm,1,ACC006194,0,0.0
triyasahota78@oksbi,1,ACC006195,0,0.0
wakeetadixit23@paytm,1,ACC006196,0,0.0
krishnagoswami679@paytm,1,ACC006197,1,47.23
murtydarika796@ybl,1,ACC006198,0,0.0
rushil91862@okicici,1,ACC006199,2,29.36
krishpratyush338@okhdfcbank,1,ACC006200,2,67.0
vritti55489@oksbi,1,ACC006201,5,210.75
draman784@okhdfcbank,1,ACC006202,0,0.0
keyagoyal160@okicici,1,ACC006203,0,0.0
triveni21899@okicici,1,ACC006204,0,0.0
ramaswamydamini324@okhdfcbank,1,ACC006205,0,0.0
nsinha562@oksbi,1,ACC006206,0,0.0
waliazansi834@okhdfcbank,1,ACC006207,1,15.73
mohanyuvraj517@ybl,1,ACC006208,1,40.95
bhavyaprabhakar976@paytm,1,ACC006209,5,181.69
yoshita19435@okaxis,1,ACC006210,0,0.0
nagaroscar252@okicici,1,ACC006211,2,40.6
agrawalupkaar820@okhdfcbank,1,ACC006212,2,136.83
naidupriya863@okhdfcbank,1,ACC006213,0,0.0
dkara672@okhdfcbank,1,ACC006214,0,0.0
saumyabassi945@okicici,1,ACC006215,1,22.75
hgandhi573@okicici,1,ACC006216,0,0.0
wpatel746@ybl,1,ACC006217,0,0.0
duttakashvi215@oksbi,1,ACC006218,0,0.0
mchoudhury996@paytm,1,ACC006219,1,37.97
leena47892@okaxis,1,ACC006220,2,160.47
alexanderaurora666@okaxis,1,ACC006221,0,0.0
morefiyaz783@oksbi,1,ACC006222,1,9.79
gunbirjhaveri288@okicici,1,ACC006223,0,0.0
nayaradvika220@ybl,1,ACC006224,1,20.28
chakradev52352@okhdfcbank,1,ACC006225,1,15.03
tanishreddy580@okhdfcbank,1,ACC006226,2,73.15
mastermaanav588@oksbi,1,ACC006227,0,0.0
mahikabajwa294@okhdfcbank,1,ACC006228,1,285.6
ekantika71642@okicici,1,ACC006229,2,45.44
arunima36253@paytm,1,ACC006230,0,0.0
eloke379@ybl,1,ACC006231,2,97.61
gilljairaj153@ybl,1,ACC006232,0,0.0
vcherian297@okhdfcbank,1,ACC006233,1,79.1
bahadurjitgaba875@oksbi,1,ACC006234,2,336.68
gangulyvedant522@oksbi,1,ACC006235,2,54.93
yashvi61439@paytm,1,ACC006236,0,0.0
avni41374@okicici,1,ACC006237,1,1.61
xiti47997@okhdfcbank,1,ACC006238,2,37.8
zshetty153@okaxis,1,ACC006239,0,0.0
manbir30826@ybl,1,ACC006240,0,0.0
vigkrishna576@ybl,1,ACC006241,2,669.18
shettyagastya649@oksbi,1,ACC006242,0,0.0
zinal0781@ybl,1,ACC006243,1,17.15
wazir15245@paytm,1,ACC006244,2,150.15
ekhatri783@okicici,1,ACC006245,5,269.12
snatt28@paytm,1,ACC006246,0,0.0
oeshisrivastava402@oksbi,1,ACC006247,1,20.65
zyohannan98@paytm,1,ACC006248,5,214.47
eesha03589@okicici,1,ACC006249,0,0.0
dubeyunni740@oksbi,1,ACC006250,0,0.0
euppal351@okhdfcbank,1,ACC006251,0,0.0
januja21673@okicici,1,ACC006252,1,20.28
jhaveribanjeet838@oksbi,1,ACC006253,1,59.85
divyahalder578@okaxis,1,ACC006254,1,37.78
chatterjeearin252@paytm,1,ACC006255,0,0.0
karaekansh12@paytm,1,ACC006256,1,20.28
chameli65117@ybl,1,ACC006257,4,188.61
lbadami645@paytm,1,ACC006258,0,0.0
ramanathanwarhi646@ybl,1,ACC006259,0,0.0
rakshamody793@oksbi,1,ACC006260,1,37.78
gaurika48665@okicici,1,ACC006261,0,0.0
dkala428@ybl,1,ACC006262,1,9.08
pallaadya284@okhdfcbank,1,ACC006263,0,0.0
teerthwadhwa941@okhdfcbank,1,ACC006264,1,9.08
tanvimaharaj109@oksbi,1,ACC006265,0,0.0
megha17843@oksbi,1,ACC006266,3,201.44
ubikamahal493@paytm,1,ACC006267,4,549.04
lukekade302@ybl,1,ACC006268,3,739.22
tristanhans129@okaxis,1,ACC006269,0,0.0
onveeracharya197@paytm,1,ACC006270,3,132.78
saranchatresh989@ybl,1,ACC006271,2,42.68
edhitha92307@okicici,1,ACC006272,1,20.65
odatta978@okicici,1,ACC006273,2,67.9
barmanyuvraj566@paytm,1,ACC006274,1,148.73
nadigdeepa923@okicici,1,ACC006275,2,54.23
watikaraj30@oksbi,1,ACC006276,0,0.0
wahabsankaran882@okhdfcbank,1,ACC006277,5,144.51
vwarrior621@oksbi,1,ACC006278,3,94.48
arunimaamble502@ybl,1,ACC006279,4,112.7
chamannaidu916@okicici,1,ACC006280,1,34.28
khalsajanya348@oksbi,1,ACC006281,3,146.53
atharv09423@paytm,1,ACC006282,0,0.0
nathanmitra646@ybl,1,ACC006283,1,20.65
iyerbalhaar41@okaxis,1,ACC006284,0,0.0
flal359@ybl,1,ACC006285,0,0.0
dsrinivasan114@okicici,1,ACC006286,0,0.0
srivastavamekhala602@paytm,1,ACC006287,1,120.79
vrittiravi832@okicici,1,ACC006288,3,233.36
vrindakala363@okaxis,1,ACC006289,1,10.15
yashodhararavel648@oksbi,1,ACC006290,0,0.0
farasloke796@okhdfcbank,1,ACC006291,0,0.0
zarnasoman876@oksbi,1,ACC006292,0,0.0
oscardevan380@paytm,1,ACC006293,0,0.0
ethanraghavan248@ybl,1,ACC006294,0,0.0
jayaramanekavir40@okicici,1,ACC006295,0,0.0
jeremiah13285@ybl,1,ACC006296,2,61.91
yashsawhney712@paytm,1,ACC006297,0,0.0
wsahota415@okicici,1,ACC006298,0,0.0
tiwariethan211@okaxis,1,ACC006299,1,10.08
falanmorar46@okicici,1,ACC006300,0,0.0
baljiwan24373@okicici,1,ACC006301,1,193.9
pahal6419@okhdfcbank,1,ACC006302,0,0.0
kuruvillatanveer445@okicici,1,ACC006303,2,115.48
nazarethzansi938@ybl,1,ACC006304,0,0.0
fvarghese183@ybl,1,ACC006305,0,0.0
usaini460@okaxis,1,ACC006306,3,591.95
azadhalder592@okicici,1,ACC006307,1,23.78
devikabiswas500@ybl,1,ACC006308,1,117.25
ibandi341@paytm,1,ACC006309,0,0.0
gollaijaya714@okicici,1,ACC006310,0,0.0
nicholas24584@okhdfcbank,1,ACC006311,1,73.48
gagan73121@paytm,1,ACC006312,2,83.21
fitankanda756@okaxis,1,ACC006313,0,0.0
dewannidra704@okicici,1,ACC006314,1,442.73
hrandhawa304@paytm,1,ACC006315,0,0.0
sonibrijesh90@ybl,1,ACC006316,0,0.0
narayananmax753@oksbi,1,ACC006317,2,105.99
geraati171@ybl,1,ACC006318,0,0.0
mseshadri969@ybl,1,ACC006319,3,96.0
hkothari165@paytm,1,ACC006320,2,68.58
jyotiwadhwa547@ybl,1,ACC006321,0,0.0
igoda908@paytm,1,ACC006322,1,37.97
vartyjacob32@okhdfcbank,1,ACC006323,2,64.75
kashvi58523@okicici,1,ACC006324,0,0.0
pmadan286@paytm,1,ACC006325,0,0.0
kadelibni266@okaxis,1,ACC006326,5,150.13
naidugautam30@okaxis,1,ACC006327,1,11.54
mahajansai258@okhdfcbank,1,ACC006328,0,0.0
ekanshkaran494@paytm,1,ACC006329,0,0.0
danielwali705@oksbi,1,ACC006330,4,128.0
anthonyiyengar318@paytm,1,ACC006331,0,0.0
qthakkar811@okicici,1,ACC006332,0,0.0
nazarethradha419@okhdfcbank,1,ACC006333,2,56.52
chakradev3398@oksbi,1,ACC006334,2,34.28
manicharvi124@oksbi,1,ACC006335,0,0.0
lohitwarrior477@okicici,1,ACC006336,1,10.5
sdevan901@okaxis,1,ACC006337,1,10.83
ijayaraman916@okaxis,1,ACC006338,0,0.0
keerwarda689@okaxis,1,ACC006339,1,15.57
luthraladli44@okicici,1,ACC006340,3,78.72
vinayabuch302@okaxis,1,ACC006341,1,49.68
balanomya262@okhdfcbank,1,ACC006342,2,52.5
wkapoor496@ybl,1,ACC006343,0,0.0
chadhaupma647@oksbi,1,ACC006344,1,9.08
chandresh11268@ybl,1,ACC006345,5,127.54
wishidhawan742@okicici,1,ACC006346,1,59.85
wahabtank546@paytm,1,ACC006347,0,0.0
goswamibalendra497@ybl,1,ACC006348,0,0.0
lbhattacharyya552@okicici,1,ACC006349,0,0.0
logan20841@okicici,1,ACC006350,0,0.0
kbhatti81@paytm,1,ACC006351,4,1195.35
aarav22393@okicici,1,ACC006352,0,0.0
hdhar125@paytm,1,ACC006353,1,20.28
rahluwalia645@okaxis,1,ACC006354,0,0.0
avniwarrior66@okicici,1,ACC006355,1,45.48
jkannan770@okaxis,1,ACC006356,2,52.15
brindaverma38@okhdfcbank,1,ACC006357,3,109.53
wishisodhi6@paytm,1,ACC006358,0,0.0
ranveer29362@okicici,1,ACC006359,1,10.15
aayush0678@okhdfcbank,1,ACC006360,0,0.0
gtoor948@oksbi,1,ACC006361,1,56.17
pavanimore846@ybl,1,ACC006362,1,72.1
bmukherjee247@okaxis,1,ACC006363,4,251.09
famble2@okaxis,1,ACC006364,2,31.11
godaekantika306@paytm,1,ACC006365,0,0.0
vanyabala821@okaxis,1,ACC006366,0,0.0
jmani110@paytm,1,ACC006367,1,40.95
zaid54247@ybl,1,ACC006368,2,339.32
suriomaja265@paytm,1,ACC006369,3,57.71
kalpit31424@ybl,1,ACC006370,0,0.0
kapoorsarthak218@paytm,1,ACC006371,1,11.9
ekavirgolla176@okhdfcbank,1,ACC006372,2,60.43
victor94882@okicici,1,ACC006373,0,0.0
mugdhavora450@paytm,1,ACC006374,1,40.95
bhavsarupkaar205@ybl,1,ACC006375,3,79.09
jonathan6666@okicici,1,ACC006376,2,85.71
kbal99@okicici,1,ACC006377,1,20.65
ekanta67386@paytm,1,ACC006378,3,97.37
bhavya63513@ybl,1,ACC006379,2,101.85
dhriti77346@oksbi,1,ACC006380,2,26.58
chaudhrydayita922@okhdfcbank,1,ACC006381,1,15.47
kalaaarini509@okaxis,1,ACC006382,2,36.96
mukherjeeyauvani136@okhdfcbank,1,ACC006383,0,0.0
okari839@oksbi,1,ACC006384,4,98.08
chandran8114@okaxis,1,ACC006385,1,26.25
oviyapatla333@okhdfcbank,1,ACC006386,5,80.27
munideepa146@okicici,1,ACC006387,2,61.6
kupadhyay299@okhdfcbank,1,ACC006388,3,47.13
mandalkritika729@ybl,1,ACC006389,1,52.5
rayaan51546@okhdfcbank,1,ACC006390,3,49.6
bhanumatigoyal867@ybl,1,ACC006391,2,94.11
odasgupta666@okaxis,1,ACC006392,1,8.75
rkonda645@oksbi,1,ACC006393,1,12.77
panini73720@ybl,1,ACC006394,1,73.48
falakmahajan629@oksbi,1,ACC006395,5,70.46
dkalita435@ybl,1,ACC006396,0,0.0
klad453@okhdfcbank,1,ACC006397,0,0.0
xkapoor519@oksbi,1,ACC006398,0,0.0
fvig340@oksbi,1,ACC006399,0,0.0
mchhabra798@okaxis,1,ACC006400,1,20.28
aishanikara604@paytm,1,ACC006401,0,0.0
varenyamemon524@oksbi,1,ACC006402,0,0.0
jhaveridivya817@oksbi,1,ACC006403,0,0.0
daminisarna772@ybl,1,ACC006404,0,0.0
virajkarnik60@okicici,1,ACC006405,1,17.15
tseshadri585@oksbi,1,ACC006406,2,51.43
yamini21780@ybl,1,ACC006407,1,5.25
hayeransh920@paytm,1,ACC006408,0,0.0
danieloommen545@okaxis,1,ACC006409,1,9.67
aachaloza851@okicici,1,ACC006410,0,0.0
balhaarpatla146@okaxis,1,ACC006411,0,0.0
boza534@ybl,1,ACC006412,0,0.0
fiyaz81903@okaxis,1,ACC006413,3,96.23
yochana77848@okhdfcbank,1,ACC006414,0,0.0
vkulkarni272@okicici,1,ACC006415,1,98.0
lipika76717@oksbi,1,ACC006416,2,32.77
sdugar76@okicici,1,ACC006417,0,0.0
laksh8095@oksbi,1,ACC006418,1,35.0
advikakrishnan536@ybl,1,ACC006419,0,0.0
kdevan346@oksbi,1,ACC006420,0,0.0
khegde824@okaxis,1,ACC006421,2,154.7
hamsini15324@oksbi,1,ACC006422,0,0.0
dalbir91974@okhdfcbank,1,ACC006423,0,0.0
nimrat56200@paytm,1,ACC006424,2,52.83
quincysaha416@ybl,1,ACC006425,1,27.47
pantoscar892@okhdfcbank,1,ACC006426,4,147.52
osood726@ybl,1,ACC006427,0,0.0
krishnachopra815@okicici,1,ACC006428,1,18.88
naveen00597@paytm,1,ACC006429,2,50.55
liampal287@okicici,1,ACC006430,1,20.65
lvaidya500@okhdfcbank,1,ACC006431,0,0.0
knagarajan722@ybl,1,ACC006432,0,0.0
deovasana874@paytm,1,ACC006433,0,0.0
mohinichandran872@okicici,1,ACC006434,5,421.03
raagini8245@oksbi,1,ACC006435,0,0.0
simon1622@ybl,1,ACC006436,1,21.0
ndave492@paytm,1,ACC006437,0,0.0
aayushmukhopadhyay301@okaxis,1,ACC006438,0,0.0
sawhneyowen789@ybl,1,ACC006439,0,0.0
bhanumatidewan773@oksbi,1,ACC006440,0,0.0
grovernoah371@okicici,1,ACC006441,1,18.53
gbatra17@ybl,1,ACC006442,1,17.5
yashoda35656@ybl,1,ACC006443,2,115.83
tanish85957@oksbi,1,ACC006444,3,1198.92
nicholaschopra152@paytm,1,ACC006445,1,79.1
zbava870@okaxis,1,ACC006446,1,109.18
ipalla56@oksbi,1,ACC006447,0,0.0
sanaya36186@okhdfcbank,1,ACC006448,1,15.38
ekalingaarya114@ybl,1,ACC006449,0,0.0
gaurang57204@okhdfcbank,1,ACC006450,1,37.78
rayaankota873@okhdfcbank,1,ACC006451,1,40.95
yashodarastogi624@ybl,1,ACC006452,2,40.95
xpau483@oksbi,1,ACC006453,0,0.0
warhi81396@okhdfcbank,1,ACC006454,0,0.0
vsrivastava157@okhdfcbank,1,ACC006455,3,77.08
omangat738@ybl,1,ACC006456,0,0.0
samuelgupta477@okhdfcbank,1,ACC006457,1,15.4
ozakavya207@okhdfcbank,1,ACC006458,1,37.78
zinal92739@paytm,1,ACC006459,1,57.32
amandal382@ybl,1,ACC006460,2,27.65
kaurvihaan956@okhdfcbank,1,ACC006461,1,9.3
qabil08564@ybl,1,ACC006462,2,71.03
qben702@okicici,1,ACC006463,0,0.0
chandraharish964@okicici,1,ACC006464,1,79.1
vidhibains202@okicici,1,ACC006465,2,158.2
binabhattacharyya214@okicici,1,ACC006466,0,0.0
dattafinn434@okhdfcbank,1,ACC006467,1,105.0
watikanair624@ybl,1,ACC006468,0,0.0
lohitkhatri735@okhdfcbank,1,ACC006469,0,0.0
harshil76677@okaxis,1,ACC006470,1,17.15
bailtanay37@okhdfcbank,1,ACC006471,3,118.28
george12786@paytm,1,ACC006472,2,51.52
golajyoti243@paytm,1,ACC006473,1,20.65
naidupallavi736@okaxis,1,ACC006474,3,142.77
tanmayikoshy189@ybl,1,ACC006475,0,0.0
vermaomisha175@okhdfcbank,1,ACC006476,1,3.15
triptinaidu476@oksbi,1,ACC006477,2,238.44
matthewsachdev805@okaxis,1,ACC006478,1,28.0
rajuhemal916@ybl,1,ACC006479,0,0.0
khatricaleb831@paytm,1,ACC006480,1,22.73
nakulhayer448@oksbi,1,ACC006481,1,12.95
omkaarshah57@okhdfcbank,1,ACC006482,0,0.0
balendrathakkar625@paytm,1,ACC006483,3,541.16
psabharwal30@paytm,1,ACC006484,4,96.22
gkarnik889@paytm,1,ACC006485,0,0.0
bhanumatitandon136@okicici,1,ACC006486,0,0.0
madhavkulkarni168@paytm,1,ACC006487,1,13.98
rajchasmum631@okhdfcbank,1,ACC006488,0,0.0
unnigade81@okaxis,1,ACC006489,0,0.0
aadhyachacko189@okhdfcbank,1,ACC006490,2,51.06
omahajan779@okaxis,1,ACC006491,1,20.65
aashi13455@okhdfcbank,1,ACC006492,1,3.18
mallicknaksh309@okicici,1,ACC006493,1,10.15
vamakshivenkataraman443@okicici,1,ACC006494,4,798.49
bvarkey235@ybl,1,ACC006495,3,385.35
saumyaparekh487@okhdfcbank,1,ACC006496,0,0.0
hnarula350@okicici,1,ACC006497,0,0.0
onatt630@okaxis,1,ACC006498,2,58.45
surishaan770@oksbi,1,ACC006499,1,17.15
george98507@okicici,1,ACC006500,0,0.0
lhalder827@ybl,1,ACC006501,0,0.0
vedika70275@okaxis,1,ACC006502,3,141.29
ramanathanfaqid719@ybl,1,ACC006503,0,0.0
jkunda439@okhdfcbank,1,ACC006504,2,57.73
vrindachand963@okaxis,1,ACC006505,0,0.0
nagarajanupadhriti539@okicici,1,ACC006506,0,0.0
kashvi23219@oksbi,1,ACC006507,0,0.0
ayohannan279@okicici,1,ACC006508,2,35.87
mukherjeematthew620@okhdfcbank,1,ACC006509,4,72.13
vasana43646@okicici,1,ACC006510,0,0.0
dkaul118@okhdfcbank,1,ACC006511,4,141.93
nandinisalvi410@oksbi,1,ACC006512,0,0.0
aramakrishnan426@okaxis,1,ACC006513,1,155.75
avi04153@ybl,1,ACC006514,1,20.28
reyansh99177@oksbi,1,ACC006515,1,79.1
chandjalsa978@okicici,1,ACC006516,2,166.25
vjain137@paytm,1,ACC006517,2,13.44
anthonypatla906@paytm,1,ACC006518,1,26.95
snatarajan679@okaxis,1,ACC006519,2,54.23
rajaveda435@okicici,1,ACC006520,0,0.0
hemal64449@okaxis,1,ACC006521,5,434.7
rsarraf563@okicici,1,ACC006522,2,120.05
jalsashah781@paytm,1,ACC006523,1,26.25
neha35112@okaxis,1,ACC006524,0,0.0
munizinal691@okicici,1,ACC006525,1,171.5
harinakshi18643@okicici,1,ACC006526,1,36.39
tankekiya354@oksbi,1,ACC006527,1,9.1
nimrat86935@ybl,1,ACC006528,2,33.08
pgole508@okicici,1,ACC006529,1,70.0
venkateshwahab981@okaxis,1,ACC006530,0,0.0
amara78438@oksbi,1,ACC006531,4,156.08
manandani537@okhdfcbank,1,ACC006532,2,67.72
rdube225@paytm,1,ACC006533,0,0.0
bhatliam352@ybl,1,ACC006534,2,58.76
aradhana04634@ybl,1,ACC006535,1,12.07
jparekh997@okaxis,1,ACC006536,1,12.93
nravi48@oksbi,1,ACC006537,0,0.0
tshenoy659@okaxis,1,ACC006538,0,0.0
reyanshbakshi411@okicici,1,ACC006539,0,0.0
oshabrahmbhatt371@paytm,1,ACC006540,4,502.56
jatinmody662@ybl,1,ACC006541,3,39.98
harshcheema213@okicici,1,ACC006542,1,25.53
ethan80360@okicici,1,ACC006543,2,287.67
maanavgarde896@paytm,1,ACC006544,5,148.38
chandani2034@okhdfcbank,1,ACC006545,4,173.23
qadimbajwa685@okhdfcbank,1,ACC006546,1,312.53
maanasganguly540@okaxis,1,ACC006547,0,0.0
khatriladli495@paytm,1,ACC006548,1,15.65
anirudhvasa412@ybl,1,ACC006549,2,142.35
ochana513@oksbi,1,ACC006550,0,0.0
fdugar235@oksbi,1,ACC006551,0,0.0
nikita13407@ybl,1,ACC006552,1,26.25
krishnanrachit977@oksbi,1,ACC006553,0,0.0
jaibajaj34@okicici,1,ACC006554,0,0.0
loyalchandresh703@oksbi,1,ACC006555,0,0.0
kashyapwarda765@oksbi,1,ACC006556,0,0.0
sidhukrishna346@paytm,1,ACC006557,2,91.35
aarnatara61@oksbi,1,ACC006558,0,0.0
kalitamadhav465@ybl,1,ACC006559,0,0.0
saanvi12563@paytm,1,ACC006560,2,29.4
wrideshratta979@okaxis,1,ACC006561,2,20.96
onveervarma858@oksbi,1,ACC006562,0,0.0
waliwriddhish312@okhdfcbank,1,ACC006563,4,71.88
veerbhargava209@okaxis,1,ACC006564,3,148.73
tristansaxena208@okicici,1,ACC006565,2,41.65
turviwagle907@okicici,1,ACC006566,0,0.0
sharaflibni507@paytm,1,ACC006567,0,0.0
onkarsinha418@ybl,1,ACC006568,2,74.86
parth47989@oksbi,1,ACC006569,0,0.0
gbhakta57@okaxis,1,ACC006570,3,57.4
mohini94599@okhdfcbank,1,ACC006571,0,0.0
zarna41274@okhdfcbank,1,ACC006572,3,188.28
veer35363@ybl,1,ACC006573,2,51.78
brijesh66804@paytm,1,ACC006574,1,87.5
xalak65753@oksbi,1,ACC006575,1,16.78
jacobkhalsa55@ybl,1,ACC006576,0,0.0
brahmbhattnoah543@okhdfcbank,1,ACC006577,3,435.28
dominic72939@okhdfcbank,1,ACC006578,2,55.28
jkaur146@paytm,1,ACC006579,1,20.65
dhillonnachiket812@ybl,1,ACC006580,0,0.0
xalakcheema111@okaxis,1,ACC006581,0,0.0
tellaladli819@okaxis,1,ACC006582,0,0.0
vedant28647@oksbi,1,ACC006583,3,516.39
eiravatichowdhury234@paytm,1,ACC006584,2,20.5
rameshbhavani755@okhdfcbank,1,ACC006585,0,0.0
raynidhi525@oksbi,1,ACC006586,0,0.0
nathandoctor807@okicici,1,ACC006587,3,71.01
gmannan945@okicici,1,ACC006588,1,56.17
omittal719@ybl,1,ACC006589,2,103.25
xchander889@okicici,1,ACC006590,1,17.5
nandini76183@okaxis,1,ACC006591,0,0.0
amurty285@okicici,1,ACC006592,4,140.8
samesh67848@okicici,1,ACC006593,5,167.23
lukebir510@ybl,1,ACC006594,1,9.24
maharajsaanvi217@okicici,1,ACC006595,0,0.0
badalkrish781@oksbi,1,ACC006596,0,0.0
hganesan220@paytm,1,ACC006597,0,0.0
lmutti351@okaxis,1,ACC006598,1,40.95
rajananmol524@okhdfcbank,1,ACC006599,1,33.95
neelima6755@okhdfcbank,1,ACC006600,0,0.0
nilima62249@okhdfcbank,1,ACC006601,1,6.45
vyanjana21987@okhdfcbank,1,ACC006602,0,0.0
zashilbava504@oksbi,1,ACC006603,2,211.4
qprabhakar859@okhdfcbank,1,ACC006604,2,60.84
gilltristan885@paytm,1,ACC006605,1,40.95
balanrehaan372@paytm,1,ACC006606,3,73.12
tanvi81868@oksbi,1,ACC006607,0,0.0
garimaswamy754@okhdfcbank,1,ACC006608,1,79.1
alexander94518@okhdfcbank,1,ACC006609,0,0.0
indrajit34566@ybl,1,ACC006610,1,8.38
muttipanini643@ybl,1,ACC006611,0,0.0
frado99114@okhdfcbank,1,ACC006612,2,51.45
yoshitadugar261@okaxis,1,ACC006613,5,298.55
rajualka253@okicici,1,ACC006614,1,9.79
kraman979@ybl,1,ACC006615,2,712.59
bishakhananda541@okaxis,1,ACC006616,0,0.0
lborra272@paytm,1,ACC006617,3,172.51
jeevikamishra745@paytm,1,ACC006618,2,146.63
aroravrishti121@okhdfcbank,1,ACC006619,1,134.73
lchand753@paytm,1,ACC006620,0,0.0
upandya713@okhdfcbank,1,ACC006621,2,155.75
sureshkrisha109@okaxis,1,ACC006622,0,0.0
ishaanwadhwa157@okaxis,1,ACC006623,1,40.95
nilima10326@ybl,1,ACC006624,3,111.98
hemanginikapadia102@okaxis,1,ACC006625,2,61.6
hemangini33343@okaxis,1,ACC006626,0,0.0
devanshivani413@oksbi,1,ACC006627,1,20.65
tbadami207@okaxis,1,ACC006628,0,0.0
aryanarayan925@okicici,1,ACC006629,5,177.71
schandran166@okaxis,1,ACC006630,3,88.02
wbhakta449@okaxis,1,ACC006631,1,10.15
muttigaurav665@okaxis,1,ACC006632,1,37.78
saumya69567@oksbi,1,ACC006633,1,22.73
vraman24@ybl,1,ACC006634,3,329.56
dutttriveni789@okaxis,1,ACC006635,1,10.32
orinder07930@okhdfcbank,1,ACC006636,4,144.31
sarmavivaan96@paytm,1,ACC006637,0,0.0
vyanjanabhandari120@okaxis,1,ACC006638,0,0.0
hema14834@paytm,1,ACC006639,2,50.38
oakgirik143@paytm,1,ACC006640,2,81.9
murtybaghyawati432@okaxis,1,ACC006641,2,182.31
kavya29840@paytm,1,ACC006642,3,172.88
anikaprakash500@okaxis,1,ACC006643,0,0.0
jagvi92117@okhdfcbank,1,ACC006644,1,3.68
mbhandari242@okicici,1,ACC006645,0,0.0
dakshesh24384@paytm,1,ACC006646,0,0.0
boasenitara877@paytm,1,ACC006647,3,72.43
chanakya58311@ybl,1,ACC006648,1,136.5
ksheth63@paytm,1,ACC006649,2,71.73
nazarethzaid343@okaxis,1,ACC006650,1,9.08
savantwridesh365@okaxis,1,ACC006651,0,0.0
gabaupadhriti160@okaxis,1,ACC006652,3,99.29
gabawatika647@paytm,1,ACC006653,0,0.0
suraudarsh780@ybl,1,ACC006654,1,32.82
chaitaly94516@okaxis,1,ACC006655,1,19.25
wyatt99614@okaxis,1,ACC006656,2,87.13
oratti31@oksbi,1,ACC006657,2,114.57
rkulkarni170@okicici,1,ACC006658,0,0.0
gayathripandya119@oksbi,1,ACC006659,0,0.0
anshkannan498@oksbi,1,ACC006660,0,0.0
virklucky914@okaxis,1,ACC006661,1,14.17
dvarty607@okicici,1,ACC006662,0,0.0
mohini20515@okicici,1,ACC006663,0,0.0
kadakiajagvi493@paytm,1,ACC006664,1,37.78
edhithaissac242@okaxis,1,ACC006665,2,53.38
xdin26@okhdfcbank,1,ACC006666,0,0.0
lopa69480@okhdfcbank,1,ACC006667,3,149.35
pavani52919@okicici,1,ACC006668,1,20.65
ekantasinghal85@okicici,1,ACC006669,0,0.0
yaggarwal768@okaxis,1,ACC006670,1,16.78
niteshbiswas935@oksbi,1,ACC006671,0,0.0
jagratisolanki794@okicici,1,ACC006672,1,20.65
yachana62419@ybl,1,ACC006673,2,51.78
yrai522@okicici,1,ACC006674,4,216.58
januja05296@paytm,1,ACC006675,0,0.0
sachi3851@okaxis,1,ACC006676,1,10.15
vbose753@ybl,1,ACC006677,0,0.0
ahluwaliasamar725@okhdfcbank,1,ACC006678,1,20.63
darachakradhar669@okicici,1,ACC006679,1,7.0
csridhar586@okicici,1,ACC006680,0,0.0
aurorabhavna23@okicici,1,ACC006681,0,0.0
kumarjonathan154@okhdfcbank,1,ACC006682,3,84.7
beraeiravati253@ybl,1,ACC006683,1,11.9
nandinikrishna720@ybl,1,ACC006684,2,88.86
gdutt64@okicici,1,ACC006685,0,0.0
gopallucky458@okhdfcbank,1,ACC006686,4,174.96
csarin331@okhdfcbank,1,ACC006687,0,0.0
balhaar0790@oksbi,1,ACC006688,3,314.16
wdeshpande130@okhdfcbank,1,ACC006689,1,12.58
psarna258@okhdfcbank,1,ACC006690,1,12.58
wupadhyay86@ybl,1,ACC006691,1,79.1
tanay18438@oksbi,1,ACC006692,2,58.06
radhikaratta806@ybl,1,ACC006693,3,231.89
hayervamakshi478@okaxis,1,ACC006694,0,0.0
gnanda220@okhdfcbank,1,ACC006695,1,3.5
baliyamini410@ybl,1,ACC006696,1,35.0
naksh50751@okhdfcbank,1,ACC006697,1,70.0
iraju214@ybl,1,ACC006698,2,32.6
anamikaram212@ybl,1,ACC006699,3,216.28
anita32123@oksbi,1,ACC006700,1,17.5
widishaom731@okhdfcbank,1,ACC006701,0,0.0
jdora319@okaxis,1,ACC006702,0,0.0
nachiket6216@ybl,1,ACC006703,0,0.0
gollayashica690@okicici,1,ACC006704,1,9.08
siyalad7@oksbi,1,ACC006705,3,98.4
tkannan767@ybl,1,ACC006706,1,20.65
benjaminbawa497@okicici,1,ACC006707,0,0.0
wramesh162@paytm,1,ACC006708,0,0.0
bhatnagarbishakha122@ybl,1,ACC006709,1,27.63
amorar852@ybl,1,ACC006710,1,37.97
gayathrijha254@oksbi,1,ACC006711,1,10.83
ehari792@ybl,1,ACC006712,0,0.0
meghasastry534@okicici,1,ACC006713,1,16.71
wviswanathan176@okhdfcbank,1,ACC006714,0,0.0
manbir80954@okaxis,1,ACC006715,5,174.96
csamra377@paytm,1,ACC006716,1,10.15
abeer03263@oksbi,1,ACC006717,0,0.0
pkant941@paytm,1,ACC006718,0,0.0
aashirout811@okaxis,1,ACC006719,1,17.15
deolnoah45@okicici,1,ACC006720,1,79.1
siddharth17742@okicici,1,ACC006721,3,68.56
danielghose272@okaxis,1,ACC006722,1,17.5
daminikaur745@ybl,1,ACC006723,0,0.0
gunbir47227@paytm,1,ACC006724,2,40.91
bakhshi0249@okicici,1,ACC006725,2,68.07
jeet74682@paytm,1,ACC006726,0,0.0
turvimammen551@okhdfcbank,1,ACC006727,1,37.78
hbalan155@okhdfcbank,1,ACC006728,2,162.41
bbhavsar744@okicici,1,ACC006729,0,0.0
pparsa134@ybl,1,ACC006730,1,45.85
sachdevnimrat182@ybl,1,ACC006731,1,32.2
sachi54399@ybl,1,ACC006732,1,23.78
yadavrayaan793@okicici,1,ACC006733,1,147.88
advaith80406@okhdfcbank,1,ACC006734,2,55.28
bishakha17891@okhdfcbank,1,ACC006735,0,0.0
shankermegha729@okaxis,1,ACC006736,2,135.97
omyawalia39@okhdfcbank,1,ACC006737,0,0.0
fbhakta729@okicici,1,ACC006738,0,0.0
gautami71876@okaxis,1,ACC006739,0,0.0
kalechakrika126@okhdfcbank,1,ACC006740,1,1024.91
daksha96945@okaxis,1,ACC006741,2,141.75
panchalrachana434@oksbi,1,ACC006742,1,23.78
wazirdatta421@ybl,1,ACC006743,3,84.07
pushti05924@oksbi,1,ACC006744,1,20.43
gwadhwa256@okhdfcbank,1,ACC006745,3,108.65
nidrapradhan375@oksbi,1,ACC006746,1,23.78
iseshadri773@ybl,1,ACC006747,0,0.0
varkeymohini404@oksbi,1,ACC006748,2,122.05
faqid06138@paytm,1,ACC006749,4,267.58
utank633@okicici,1,ACC006750,0,0.0
duaaditya73@okaxis,1,ACC006751,1,4.41
wakeetabalasubramanian452@ybl,1,ACC006752,0,0.0
rishihanda967@okhdfcbank,1,ACC006753,3,483.98
brege270@paytm,1,ACC006754,2,58.43
isachdeva636@paytm,1,ACC006755,0,0.0
hwable852@oksbi,1,ACC006756,0,0.0
patrickchoudhary142@ybl,1,ACC006757,1,26.25
cnayak316@oksbi,1,ACC006758,0,0.0
logan68875@okicici,1,ACC006759,0,0.0
anthonyuppal825@okicici,1,ACC006760,2,59.5
baradfalan883@oksbi,1,ACC006761,1,10.15
jeet6572@okhdfcbank,1,ACC006762,1,35.0
xalak74166@okaxis,1,ACC006763,1,91.68
sethzinal621@okhdfcbank,1,ACC006764,2,48.55
fchoudhry671@oksbi,1,ACC006765,0,0.0
hpalan223@paytm,1,ACC006766,0,0.0
samuel84625@paytm,1,ACC006767,0,0.0
kai65860@oksbi,1,ACC006768,2,514.02
zansigour789@oksbi,1,ACC006769,0,0.0
ikbal02647@ybl,1,ACC006770,1,17.5
parekhurishilla161@oksbi,1,ACC006771,2,105.35
gayathri89927@paytm,1,ACC006772,1,20.65
mangalbalveer272@paytm,1,ACC006773,0,0.0
lukeshetty648@okicici,1,ACC006774,2,34.65
miteshwalia736@ybl,1,ACC006775,0,0.0
prabhakarbrinda76@oksbi,1,ACC006776,3,93.06
hemangini41279@ybl,1,ACC006777,0,0.0
pnagarajan273@ybl,1,ACC006778,0,0.0
wagleqasim111@paytm,1,ACC006779,3,52.15
indaliramaswamy28@oksbi,1,ACC006780,1,40.95
okorpal209@ybl,1,ACC006781,1,20.65
anusha03843@paytm,1,ACC006782,1,73.48
omohanty382@ybl,1,ACC006783,2,44.45
osharatti834@okhdfcbank,1,ACC006784,0,0.0
panini87653@okaxis,1,ACC006785,2,1017.39
iryasaini559@oksbi,1,ACC006786,3,104.26
chamanchaudry919@oksbi,1,ACC006787,0,0.0
raagini80697@okhdfcbank,1,ACC006788,0,0.0
onkardhingra995@okhdfcbank,1,ACC006789,3,65.45
alkasamra508@oksbi,1,ACC006790,0,0.0
wridesh87732@ybl,1,ACC006791,0,0.0
aryan15429@paytm,1,ACC006792,0,0.0
adwetadara560@okaxis,1,ACC006793,1,16.78
vpalan532@oksbi,1,ACC006794,0,0.0
okala188@okaxis,1,ACC006795,0,0.0
lkumar494@ybl,1,ACC006796,2,164.83
gaurika35289@oksbi,1,ACC006797,1,37.8
vyanjana17898@oksbi,1,ACC006798,2,79.78
abhaverma891@okicici,1,ACC006799,1,17.15
basureva466@ybl,1,ACC006800,0,0.0
upma77972@okaxis,1,ACC006801,3,260.26
arjun90294@oksbi,1,ACC006802,1,38.5
nadigvritti33@oksbi,1,ACC006803,0,0.0
patilpooja424@ybl,1,ACC006804,0,0.0
nattwilliam764@okicici,1,ACC006805,1,35.0
batraishaan97@okhdfcbank,1,ACC006806,0,0.0
guneetrai535@oksbi,1,ACC006807,3,60.18
nsachdeva687@okhdfcbank,1,ACC006808,5,201.36
bhavanimangat737@ybl,1,ACC006809,3,128.79
chandanimadan638@paytm,1,ACC006810,4,235.7
ucchal92469@okhdfcbank,1,ACC006811,1,52.5
umanglal710@oksbi,1,ACC006812,2,42.68
fariqdewan858@okicici,1,ACC006813,2,198.64
pdoshi410@okaxis,1,ACC006814,1,20.65
bbatta774@paytm,1,ACC006815,0,0.0
georgebanerjee557@paytm,1,ACC006816,4,423.06
farajbalay171@okhdfcbank,1,ACC006817,0,0.0
nathanielbarad268@oksbi,1,ACC006818,5,147.01
tnarain324@paytm,1,ACC006819,0,0.0
gavinsule623@okaxis,1,ACC006820,2,81.9
kashish79337@paytm,1,ACC006821,1,19.93
chaman72874@ybl,1,ACC006822,3,57.75
bhattibhanumati235@paytm,1,ACC006823,1,65.08
indali22505@ybl,1,ACC006824,0,0.0
maya85821@okicici,1,ACC006825,0,0.0
rluthra312@okicici,1,ACC006826,2,93.45
zbadal409@okhdfcbank,1,ACC006827,0,0.0
chaman2713@okhdfcbank,1,ACC006828,0,0.0
malhotrawahab788@okhdfcbank,1,ACC006829,2,54.91
ntalwar305@okaxis,1,ACC006830,1,85.75
tanay26887@ybl,1,ACC006831,5,116.1
mohanishani118@okhdfcbank,1,ACC006832,2,22.75
yborra24@ybl,1,ACC006833,2,40.89
hpingle801@okaxis,1,ACC006834,0,0.0
udant19127@paytm,1,ACC006835,1,40.95
tanmayi96117@okhdfcbank,1,ACC006836,2,18.51
twarrior520@okicici,1,ACC006837,1,9.08
jaggiosha658@oksbi,1,ACC006838,1,18.53
vedika57888@paytm,1,ACC006839,1,17.5
fkrish335@okicici,1,ACC006840,1,17.83
ucchalmanne913@paytm,1,ACC006841,0,0.0
ojasvinazareth162@paytm,1,ACC006842,1,10.32
uapte368@oksbi,1,ACC006843,2,171.48
nihalramesh983@oksbi,1,ACC006844,0,0.0
darsh50730@ybl,1,ACC006845,2,40.45
ayushmanom544@paytm,1,ACC006846,1,40.95
gopalgirik449@paytm,1,ACC006847,0,0.0
vihaan30550@okaxis,1,ACC006848,1,26.25
walifalak319@paytm,1,ACC006849,0,0.0
vihaankaur27@oksbi,1,ACC006850,0,0.0
inarayanan82@paytm,1,ACC006851,5,109.48
fnarasimhan597@okicici,1,ACC006852,0,0.0
anay94812@okhdfcbank,1,ACC006853,5,116.84
chandamaya310@oksbi,1,ACC006854,0,0.0
umangaggarwal856@paytm,1,ACC006855,1,9.21
goswamiagastya886@okhdfcbank,1,ACC006856,1,40.95
qanand843@okicici,1,ACC006857,3,214.53
nrajagopal968@okhdfcbank,1,ACC006858,1,37.78
fiyaz94233@paytm,1,ACC006859,0,0.0
butalakamala754@okhdfcbank,1,ACC006860,2,46.35
jeremiah92148@okhdfcbank,1,ACC006861,1,40.95
brijeshdoshi475@oksbi,1,ACC006862,1,20.28
dayamaihari493@okaxis,1,ACC006863,3,804.55
fmallick474@oksbi,1,ACC006864,2,38.15
rpalla563@oksbi,1,ACC006865,1,20.28
gaganshankar31@okaxis,1,ACC006866,0,0.0
golemaanas24@okaxis,1,ACC006867,0,0.0
ravelorinder125@oksbi,1,ACC006868,1,30.45
mitesh66218@ybl,1,ACC006869,3,224.7
igopal948@ybl,1,ACC006870,1,10.15
chadachandani192@okhdfcbank,1,ACC006871,0,0.0
surleela791@okhdfcbank,1,ACC006872,2,26.35
karanwishi582@oksbi,1,ACC006873,3,93.69
pillayaadhya679@oksbi,1,ACC006874,4,75.53
pviswanathan521@okaxis,1,ACC006875,0,0.0
bakshirachana251@okicici,1,ACC006876,0,0.0
ysur665@okhdfcbank,1,ACC006877,0,0.0
adwetabhatia131@paytm,1,ACC006878,0,0.0
nadiglaban843@paytm,1,ACC006879,1,727.98
ayushbahri331@okaxis,1,ACC006880,0,0.0
ndeep626@okicici,1,ACC006881,0,0.0
neel39249@okaxis,1,ACC006882,2,106.75
basakfaqid606@ybl,1,ACC006883,1,20.28
frederick53145@paytm,1,ACC006884,0,0.0
bandra634@okaxis,1,ACC006885,2,122.5
darpan7010@ybl,1,ACC006886,0,0.0
jagatsankaran335@paytm,1,ACC006887,0,0.0
kborde420@okicici,1,ACC006888,0,0.0
devansh09249@paytm,1,ACC006889,2,23.79
umohan370@okaxis,1,ACC006890,1,40.95
gunbir1016@paytm,1,ACC006891,1,15.1
okarnik574@paytm,1,ACC006892,1,17.5
lakshmi46127@okhdfcbank,1,ACC006893,0,0.0
kapooryashvi796@okaxis,1,ACC006894,2,69.63
ivohra116@okaxis,1,ACC006895,1,46.9
pradhanekaraj867@ybl,1,ACC006896,1,17.5
yagneshshan891@paytm,1,ACC006897,1,37.97
rachita25613@okicici,1,ACC006898,2,86.38
aggarwalaayush360@oksbi,1,ACC006899,0,0.0
kashyapsamarth64@okaxis,1,ACC006900,1,149.1
danioni871@okaxis,1,ACC006901,2,64.73
lradhakrishnan984@okicici,1,ACC006902,2,50.03
charan33211@ybl,1,ACC006903,0,0.0
pdash245@paytm,1,ACC006904,0,0.0
anitatoor613@okicici,1,ACC006905,2,51.62
bdeshpande103@okhdfcbank,1,ACC006906,2,74.9
bbhat992@okhdfcbank,1,ACC006907,0,0.0
balakrishnanisaac465@paytm,1,ACC006908,2,29.73
rachitvarkey282@okaxis,1,ACC006909,0,0.0
guptatimothy828@ybl,1,ACC006910,2,23.55
bsaran83@okaxis,1,ACC006911,0,0.0
ujhaveri547@ybl,1,ACC006912,0,0.0
hamsinikara944@ybl,1,ACC006913,5,156.49
shankerudyati641@okhdfcbank,1,ACC006914,2,14.33
zinalsubramanian363@okhdfcbank,1,ACC006915,0,0.0
bakhshi83552@okhdfcbank,1,ACC006916,5,169.4
singhalnaksh627@oksbi,1,ACC006917,1,35.0
rsahota538@ybl,1,ACC006918,1,15.4
nicholastailor6@oksbi,1,ACC006919,2,89.93
onveer46573@okicici,1,ACC006920,0,0.0
pantavni757@okaxis,1,ACC006921,3,68.56
qlata653@oksbi,1,ACC006922,0,0.0
rishi56499@okaxis,1,ACC006923,0,0.0
auroraisaac187@ybl,1,ACC006924,1,109.18
abhiramgrover750@okicici,1,ACC006925,0,0.0
samakshbuch177@okhdfcbank,1,ACC006926,2,121.21
atitara912@okicici,1,ACC006927,3,48.27
faras47419@paytm,1,ACC006928,1,10.5
chasmumdhaliwal157@okaxis,1,ACC006929,1,23.87
wsule444@oksbi,1,ACC006930,3,49.77
rajagopalbhavna11@okhdfcbank,1,ACC006931,1,20.65
owenmitter637@oksbi,1,ACC006932,0,0.0
rushilcherian798@okhdfcbank,1,ACC006933,0,0.0
xmitter337@okaxis,1,ACC006934,0,0.0
yvala97@okhdfcbank,1,ACC006935,0,0.0
jhaverizayan871@okicici,1,ACC006936,2,23.78
bchada551@okaxis,1,ACC006937,1,17.15
chadneha811@okicici,1,ACC006938,0,0.0
irakumer576@okicici,1,ACC006939,4,867.19
msubramaniam121@okhdfcbank,1,ACC006940,2,78.73
kamaladalal715@paytm,1,ACC006941,0,0.0
vidhikala137@paytm,1,ACC006942,1,32.2
gokhaletanveer167@okicici,1,ACC006943,0,0.0
surhritik310@ybl,1,ACC006944,0,0.0
siddharth69846@okaxis,1,ACC006945,0,0.0
morarsara897@okaxis,1,ACC006946,1,32.2
wridesh93997@ybl,1,ACC006947,2,182.33
vaishnavi96821@ybl,1,ACC006948,2,119.33
isachar481@oksbi,1,ACC006949,0,0.0
neel61393@oksbi,1,ACC006950,0,0.0
ramameghana875@paytm,1,ACC006951,0,0.0
onkarsrinivasan994@okaxis,1,ACC006952,1,33.95
buchwatika681@okicici,1,ACC006953,0,0.0
qkeer853@oksbi,1,ACC006954,0,0.0
manya18883@okhdfcbank,1,ACC006955,1,20.28
uraja100@oksbi,1,ACC006956,0,0.0
nmenon826@okaxis,1,ACC006957,0,0.0
vanya36687@paytm,1,ACC006958,0,0.0
gokhalesachi420@okhdfcbank,1,ACC006959,0,0.0
yprakash6@okaxis,1,ACC006960,0,0.0
caleb5154@ybl,1,ACC006961,2,473.68
harrisongoda506@oksbi,1,ACC006962,0,0.0
meghanadhawan752@okaxis,1,ACC006963,0,0.0
zjain148@paytm,1,ACC006964,2,31.9
vasanachoudhury184@okhdfcbank,1,ACC006965,3,69.98
ykapur11@ybl,1,ACC006966,3,43.61
azaanhari179@okaxis,1,ACC006967,2,22.54
vermaabhiram409@ybl,1,ACC006968,0,0.0
seshadriganga587@okhdfcbank,1,ACC006969,1,26.95
lcomar159@okicici,1,ACC006970,3,209.63
tarabimala960@oksbi,1,ACC006971,2,154.7
tanvikhare494@oksbi,1,ACC006972,1,10.5
vinayapal554@okicici,1,ACC006973,1,30.8
nitara46298@ybl,1,ACC006974,2,39.55
korpalcharles178@okaxis,1,ACC006975,1,79.1
pjayaraman455@okaxis,1,ACC006976,1,20.65
yoshitadua822@okhdfcbank,1,ACC006977,1,150.69
bansalyug841@okicici,1,ACC006978,0,0.0
aluthra227@okicici,1,ACC006979,0,0.0
xsarkar351@paytm,1,ACC006980,0,0.0
krishna8994@ybl,1,ACC006981,1,32.2
mlad516@okicici,1,ACC006982,2,50.38
yochanapant282@oksbi,1,ACC006983,1,35.0
xkorpal331@ybl,1,ACC006984,1,20.65
vbir611@oksbi,1,ACC006985,2,47.71
tristannarayanan228@oksbi,1,ACC006986,1,15.1
bassiaarush9@okaxis,1,ACC006987,2,113.4
lmurthy237@okaxis,1,ACC006988,0,0.0
gpal765@okhdfcbank,1,ACC006989,2,37.05
bhavikarattan243@okicici,1,ACC006990,0,0.0
ati35817@okhdfcbank,1,ACC006991,3,41.61
varmaedhitha938@okhdfcbank,1,ACC006992,1,30.45
chamanchawla417@okaxis,1,ACC006993,0,0.0
kapooranmol620@ybl,1,ACC006994,5,135.04
uhalder614@paytm,1,ACC006995,1,25.88
bailkeya769@okicici,1,ACC006996,0,0.0
pborra80@okhdfcbank,1,ACC006997,1,37.78
jacksonseshadri73@paytm,1,ACC006998,0,0.0
wiyengar843@okaxis,1,ACC006999,1,25.89
sethridhi218@okicici,1,ACC007000,2,493.48
akshaydave239@okhdfcbank,1,ACC007001,0,0.0
tdugar397@oksbi,1,ACC007002,2,47.6
evarughese944@okicici,1,ACC007003,0,0.0
naveen83664@okaxis,1,ACC007004,0,0.0
nagarajantristan998@paytm,1,ACC007005,0,0.0
anamikasachar545@paytm,1,ACC007006,2,118.26
sara02557@okaxis,1,ACC007007,2,61.25
yashawini33851@okhdfcbank,1,ACC007008,1,20.65
pavanishroff535@okaxis,1,ACC007009,2,30.43
ddara452@okicici,1,ACC007010,2,138.26
girikdalal133@ybl,1,ACC007011,0,0.0
bhavnabains956@okicici,1,ACC007012,0,0.0
daravrinda541@okhdfcbank,1,ACC007013,1,79.1
bassiyashoda118@ybl,1,ACC007014,2,75.95
ychanda708@oksbi,1,ACC007015,2,281.05
anthonyravi914@oksbi,1,ACC007016,1,8.04
triptidixit669@paytm,1,ACC007017,0,0.0
eesha58586@okicici,1,ACC007018,0,0.0
maanavsarma170@ybl,1,ACC007019,0,0.0
issacwriddhish949@okhdfcbank,1,ACC007020,0,0.0
advika27265@paytm,1,ACC007021,0,0.0
wahab82273@ybl,1,ACC007022,1,59.85
ramanmaya39@paytm,1,ACC007023,1,27.63
manya66135@okaxis,1,ACC007024,1,7.0
harshil61750@ybl,1,ACC007025,0,0.0
isaiahmannan765@okicici,1,ACC007026,0,0.0
jasmitdass331@ybl,1,ACC007027,2,20.25
paninimohanty663@ybl,1,ACC007028,5,131.89
vedant47243@okhdfcbank,1,ACC007029,1,72.1
janujakata258@okhdfcbank,1,ACC007030,0,0.0
shasamuel645@okaxis,1,ACC007031,0,0.0
guneet99532@okicici,1,ACC007032,0,0.0
mitalinaya505@okicici,1,ACC007033,0,0.0
srinivasanekantika351@okaxis,1,ACC007034,2,15.08
krishvinaya27@okaxis,1,ACC007035,1,73.48
baljiwangulati216@okhdfcbank,1,ACC007036,0,0.0
doramitali29@okaxis,1,ACC007037,0,0.0
ekantakashyap698@okicici,1,ACC007038,2,83.63
bnadkarni506@ybl,1,ACC007039,1,40.95
ohayre434@oksbi,1,ACC007040,1,20.65
charlessankar695@ybl,1,ACC007041,1,37.97
anvi7197@paytm,1,ACC007042,0,0.0
saumyadora5@okhdfcbank,1,ACC007043,5,122.81
nairdalbir684@paytm,1,ACC007044,1,55.65
yatin40270@oksbi,1,ACC007045,0,0.0
bavadaksh339@okaxis,1,ACC007046,0,0.0
chopraindali329@okhdfcbank,1,ACC007047,3,70.72
gabriel88764@okaxis,1,ACC007048,0,0.0
deyjai211@paytm,1,ACC007049,0,0.0
chavvi76485@okaxis,1,ACC007050,0,0.0
michael54779@okicici,1,ACC007051,1,7.0
urmibath172@okhdfcbank,1,ACC007052,4,121.74
viswanathandamyanti736@ybl,1,ACC007053,0,0.0
lalaachal306@okaxis,1,ACC007054,2,50.03
edeep193@oksbi,1,ACC007055,2,38.83
munikabir789@ybl,1,ACC007056,2,24.15
iwason714@okicici,1,ACC007057,2,61.23
fpathak263@paytm,1,ACC007058,0,0.0
falgunichaudhry162@okaxis,1,ACC007059,2,76.63
kritika61581@okhdfcbank,1,ACC007060,0,0.0
aadisankar498@okaxis,1,ACC007061,0,0.0
rcontractor970@okicici,1,ACC007062,0,0.0
sbhardwaj144@okhdfcbank,1,ACC007063,1,17.15
jeevikapingle835@okaxis,1,ACC007064,2,93.76
gvala384@oksbi,1,ACC007065,0,0.0
theodore27638@okhdfcbank,1,ACC007066,1,4.49
bakhshi38981@ybl,1,ACC007067,1,20.65
jdeshpande700@okhdfcbank,1,ACC007068,1,21.0
ekantika063@okhdfcbank,1,ACC007069,0,0.0
adwetasehgal39@oksbi,1,ACC007070,0,0.0
indrajit59179@ybl,1,ACC007071,3,47.56
charles69191@okhdfcbank,1,ACC007072,1,33.95
vkara499@okaxis,1,ACC007073,1,10.15
ayushmanjhaveri174@okhdfcbank,1,ACC007074,3,45.53
shivanshwable170@okaxis,1,ACC007075,1,109.18
wardabadal588@okaxis,1,ACC007076,2,110.58
lakshmirama983@okicici,1,ACC007077,4,102.91
sneha91544@okaxis,1,ACC007078,3,97.98
pantmatthew407@paytm,1,ACC007079,1,18.89
baradudant365@okhdfcbank,1,ACC007080,1,20.28
wahab22201@okicici,1,ACC007081,0,0.0
ishanayar236@okhdfcbank,1,ACC007082,0,0.0
nsom579@okaxis,1,ACC007083,0,0.0
mandaekani904@okhdfcbank,1,ACC007084,2,211.73
shivansh80100@okhdfcbank,1,ACC007085,1,17.3
vincentkrishna303@okhdfcbank,1,ACC007086,3,369.19
sai36257@okhdfcbank,1,ACC007087,0,0.0
nvora317@paytm,1,ACC007088,2,50.61
gmall161@ybl,1,ACC007089,1,26.25
vpandya195@ybl,1,ACC007090,0,0.0
fdatta977@okhdfcbank,1,ACC007091,1,17.13
hegdeamol796@okaxis,1,ACC007092,1,40.95
lshetty964@okicici,1,ACC007093,4,83.72
adwetakhurana547@paytm,1,ACC007094,0,0.0
georgemani118@okhdfcbank,1,ACC007095,1,40.95
ftaneja986@ybl,1,ACC007096,3,70.31
mitteryash523@oksbi,1,ACC007097,4,156.9
karnikmanya349@okhdfcbank,1,ACC007098,0,0.0
brindaswamy613@okicici,1,ACC007099,0,0.0
vedikachana582@ybl,1,ACC007100,5,167.65
yashvihayer279@paytm,1,ACC007101,2,308.68
gayathrimitra623@okicici,1,ACC007102,2,24.48
sankarandamyanti988@oksbi,1,ACC007103,1,49.35
simon82746@paytm,1,ACC007104,2,34.3
oparikh583@ybl,1,ACC007105,1,8.75
girindragrover791@oksbi,1,ACC007106,2,70.67
wkant907@ybl,1,ACC007107,0,0.0
yoshita0055@oksbi,1,ACC007108,0,0.0
xitiroy140@okicici,1,ACC007109,1,17.5
daggarwal15@okhdfcbank,1,ACC007110,1,11.59
etasamra513@okhdfcbank,1,ACC007111,0,0.0
kallaamrita291@okaxis,1,ACC007112,0,0.0
usanghvi433@okaxis,1,ACC007113,1,37.53
zachariaaachal863@okhdfcbank,1,ACC007114,1,211.4
gaurikatalwar39@okicici,1,ACC007115,2,246.38
ksunder690@okhdfcbank,1,ACC007116,3,117.58
agatejasmit455@okaxis,1,ACC007117,0,0.0
george29971@okaxis,1,ACC007118,2,58.45
samakala365@okhdfcbank,1,ACC007119,1,4.18
qabiltara912@oksbi,1,ACC007120,2,48.28
gdatta599@paytm,1,ACC007121,3,256.05
lajita79758@oksbi,1,ACC007122,1,37.78
halderubika298@okaxis,1,ACC007123,2,42.35
adutt211@okaxis,1,ACC007124,1,40.95
adityarege13@okaxis,1,ACC007125,1,20.28
nayarfinn573@ybl,1,ACC007126,0,0.0
jairajroy766@paytm,1,ACC007127,1,109.18
shankervaishnavi680@paytm,1,ACC007128,1,44.43
okulkarni240@okhdfcbank,1,ACC007129,1,12.58
ganeshlakshmi204@oksbi,1,ACC007130,4,81.89
mcherian654@okhdfcbank,1,ACC007131,1,23.67
bachittar58269@okaxis,1,ACC007132,0,0.0
muniojasvi454@okhdfcbank,1,ACC007133,1,11.59
bedibarkha114@okicici,1,ACC007134,1,14.0
bbaria326@oksbi,1,ACC007135,3,80.6
zrout126@okicici,1,ACC007136,0,0.0
rbalakrishnan477@okhdfcbank,1,ACC007137,2,233.1
dhriti63503@oksbi,1,ACC007138,0,0.0
rastogibachittar573@oksbi,1,ACC007139,2,51.78
samramason117@oksbi,1,ACC007140,0,0.0
zilmil34911@okhdfcbank,1,ACC007141,2,51.78
oscarsaha202@paytm,1,ACC007142,1,43.75
bahrivasatika982@paytm,1,ACC007143,0,0.0
imistry767@okicici,1,ACC007144,1,20.65
shanyagnesh3@oksbi,1,ACC007145,3,173.55
banjeet35388@paytm,1,ACC007146,0,0.0
sachisankaran487@okaxis,1,ACC007147,0,0.0
qushibasu16@okhdfcbank,1,ACC007148,1,15.4
daratanay338@paytm,1,ACC007149,3,188.28
baljiwanwagle421@okaxis,1,ACC007150,0,0.0
ishani82253@okicici,1,ACC007151,0,0.0
trivenideshpande521@ybl,1,ACC007152,1,38.13
vohrageorge345@ybl,1,ACC007153,0,0.0
sneha79851@paytm,1,ACC007154,2,60.36
sunderdaksha150@okaxis,1,ACC007155,1,19.95
oram350@okhdfcbank,1,ACC007156,1,24.13
gchacko448@okaxis,1,ACC007157,1,13.65
owen19923@paytm,1,ACC007158,0,0.0
vagate817@okaxis,1,ACC007159,1,21.92
raocharvi204@okicici,1,ACC007160,1,33.95
chasmum15773@oksbi,1,ACC007161,0,0.0
jvarma71@oksbi,1,ACC007162,2,1561.11
yochana50329@okhdfcbank,1,ACC007163,2,17.04
krishnawali209@paytm,1,ACC007164,1,76.98
indali16924@oksbi,1,ACC007165,1,49.35
zmall115@oksbi,1,ACC007166,0,0.0
ambleabhimanyu325@oksbi,1,ACC007167,1,20.65
zayyan23581@okhdfcbank,1,ACC007168,0,0.0
doctormadhavi822@paytm,1,ACC007169,4,70.61
christopher719@ybl,1,ACC007170,1,26.95
ethan64506@paytm,1,ACC007171,1,20.65
anvisarkar734@paytm,1,ACC007172,1,5.52
ovig536@okhdfcbank,1,ACC007173,0,0.0
jagrati55261@okicici,1,ACC007174,3,302.03
joshihemang85@oksbi,1,ACC007175,0,0.0
anandwazir827@okaxis,1,ACC007176,4,54.91
ktoor177@okaxis,1,ACC007177,2,60.1
saumya69220@ybl,1,ACC007178,1,73.48
satwal375@paytm,1,ACC007179,0,0.0
johalvasatika196@okhdfcbank,1,ACC007180,2,44.22
damyantizachariah653@oksbi,1,ACC007181,0,0.0
faraj15483@okaxis,1,ACC007182,1,15.4
bmand549@okicici,1,ACC007183,1,146.74
ayush0367@ybl,1,ACC007184,0,0.0
imishra856@oksbi,1,ACC007185,3,204.4
jnarayan525@oksbi,1,ACC007186,3,383.21
vedantkaur669@paytm,1,ACC007187,0,0.0
leelakumer338@oksbi,1,ACC007188,3,190.03
timothymutti859@okhdfcbank,1,ACC007189,1,9.08
pallavihalder537@paytm,1,ACC007190,3,102.53
gayathri31306@okhdfcbank,1,ACC007191,1,37.78
patilnimrat289@okicici,1,ACC007192,2,42.72
girishbains512@okaxis,1,ACC007193,0,0.0
biswasekansh115@paytm,1,ACC007194,0,0.0
bbhakta268@oksbi,1,ACC007195,3,250.42
rushiljoshi421@okhdfcbank,1,ACC007196,2,116.63
pvarghese112@okhdfcbank,1,ACC007197,0,0.0
nbahl546@okicici,1,ACC007198,2,35.0
wishishan682@okicici,1,ACC007199,1,5.18
duttaamruta673@oksbi,1,ACC007200,3,44.8
sarmagirish496@okicici,1,ACC007201,1,105.0
ozaturvi884@ybl,1,ACC007202,3,160.24
zansivaidya71@okaxis,1,ACC007203,0,0.0
ronithbrahmbhatt85@okicici,1,ACC007204,0,0.0
henry75383@okaxis,1,ACC007205,2,44.08
frado20249@oksbi,1,ACC007206,0,0.0
sidhuyasti689@ybl,1,ACC007207,0,0.0
barkhaupadhyay775@okaxis,1,ACC007208,2,75.56
mraman912@paytm,1,ACC007209,0,0.0
sethiabhiram898@okaxis,1,ACC007210,0,0.0
nachiketchakraborty782@ybl,1,ACC007211,2,15.98
meera41576@okaxis,1,ACC007212,3,78.94
comarudant385@ybl,1,ACC007213,0,0.0
zswaminathan893@okaxis,1,ACC007214,3,64.03
otoor220@ybl,1,ACC007215,0,0.0
dassai917@paytm,1,ACC007216,3,56.66
dayitabhandari792@okaxis,1,ACC007217,0,0.0
nicholassura507@okaxis,1,ACC007218,0,0.0
asandal764@okhdfcbank,1,ACC007219,2,82.95
iramanathan905@okaxis,1,ACC007220,1,55.98
amurty36@okaxis,1,ACC007221,0,0.0
wvora617@ybl,1,ACC007222,2,19.58
nbora755@okhdfcbank,1,ACC007223,1,17.15
eprakash668@okaxis,1,ACC007224,0,0.0
chandrananvi509@okaxis,1,ACC007225,0,0.0
loganbadami538@okicici,1,ACC007226,1,35.0
oviyakashyap479@oksbi,1,ACC007227,0,0.0
mammencaleb239@oksbi,1,ACC007228,5,192.13
hemanibadami218@okicici,1,ACC007229,1,38.13
rchatterjee388@oksbi,1,ACC007230,0,0.0
sunderkamala520@okhdfcbank,1,ACC007231,1,20.28
zachariaanya706@okaxis,1,ACC007232,1,35.0
aditya36888@okicici,1,ACC007233,0,0.0
bhattiyashica103@okicici,1,ACC007234,0,0.0
deshmukhzaitra724@ybl,1,ACC007235,2,113.4
sarannandini14@paytm,1,ACC007236,1,34.28
loganborah116@okhdfcbank,1,ACC007237,3,65.06
hamsinikamdar771@okicici,1,ACC007238,4,224.59
ndhingra980@okaxis,1,ACC007239,3,67.53
chakrabortyekalinga929@okicici,1,ACC007240,1,24.5
avnichoudhury516@paytm,1,ACC007241,0,0.0
finn30711@paytm,1,ACC007242,2,66.13
ekbalsaha567@oksbi,1,ACC007243,2,35.7
bosesathvik853@oksbi,1,ACC007244,2,25.24
chanakya33667@okaxis,1,ACC007245,1,40.95
isaiah47158@okicici,1,ACC007246,1,40.95
bosetamanna412@paytm,1,ACC007247,4,208.75
banjeet64148@okicici,1,ACC007248,0,0.0
dhriti99733@oksbi,1,ACC007249,0,0.0
oscar33398@okhdfcbank,1,ACC007250,2,42.5
ybahl87@paytm,1,ACC007251,2,53.22
karanaarini44@paytm,1,ACC007252,2,93.95
bimala57243@paytm,1,ACC007253,0,0.0
yoshitanarasimhan63@okhdfcbank,1,ACC007254,1,13.65
shahgautami664@ybl,1,ACC007255,0,0.0
abava367@ybl,1,ACC007256,0,0.0
tanvi26357@ybl,1,ACC007257,2,12.18
usehgal441@paytm,1,ACC007258,1,9.73
omahajan427@okhdfcbank,1,ACC007259,3,91.7
chakradhar63811@ybl,1,ACC007260,2,71.75
jprashad468@paytm,1,ACC007261,0,0.0
aviswamy780@okicici,1,ACC007262,3,90.92
baradaryan818@okicici,1,ACC007263,2,27.97
jonathan74635@okicici,1,ACC007264,1,20.65
arindhar9@okaxis,1,ACC007265,1,20.28
teerthnarang155@okhdfcbank,1,ACC007266,1,18.9
narasimhanfaraj520@okaxis,1,ACC007267,4,117.4
chandranshravya795@okicici,1,ACC007268,2,21.33
alkasani872@paytm,1,ACC007269,2,29.12
npau12@okaxis,1,ACC007270,0,0.0
ftaneja313@paytm,1,ACC007271,4,106.79
buchzilmil658@okicici,1,ACC007272,0,0.0
jackson99147@okaxis,1,ACC007273,0,0.0
chanakyadube721@okhdfcbank,1,ACC007274,0,0.0
divaneesha108@okhdfcbank,1,ACC007275,2,111.26
baradoeshi800@ybl,1,ACC007276,0,0.0
nathan73761@okhdfcbank,1,ACC007277,4,67.05
hariranbir790@okicici,1,ACC007278,2,103.95
tnayak129@okhdfcbank,1,ACC007279,0,0.0
hshukla856@paytm,1,ACC007280,1,35.7
umangshankar499@okaxis,1,ACC007281,1,25.21
gulatilohit128@ybl,1,ACC007282,1,18.89
gnath460@paytm,1,ACC007283,1,40.95
lipikakant211@okicici,1,ACC007284,1,126.68
thakkarkrisha736@okicici,1,ACC007285,1,58.1
faras26484@paytm,1,ACC007286,1,20.65
choudharyaryan652@oksbi,1,ACC007287,0,0.0
inaya1458@okicici,1,ACC007288,2,113.08
mhayer425@okicici,1,ACC007289,2,229.3
malhotraindali79@paytm,1,ACC007290,1,38.15
siddharth45372@okhdfcbank,1,ACC007291,1,70.0
nicholas06572@oksbi,1,ACC007292,1,29.03
dev44677@paytm,1,ACC007293,0,0.0
ekajacontractor260@oksbi,1,ACC007294,2,55.28
noah19287@okicici,1,ACC007295,1,34.63
gourmahika480@okhdfcbank,1,ACC007296,0,0.0
shafaraj35@oksbi,1,ACC007297,0,0.0
ykari24@oksbi,1,ACC007298,0,0.0
neel77525@oksbi,1,ACC007299,0,0.0
pkumer29@paytm,1,ACC007300,1,13.65
gangamander335@okhdfcbank,1,ACC007301,1,13.65
hsawhney102@paytm,1,ACC007302,1,17.5
buchanthony247@oksbi,1,ACC007303,3,65.41
kgade881@okhdfcbank,1,ACC007304,1,159.93
yadavjackson410@okicici,1,ACC007305,0,0.0
chaudhuriyashawini383@ybl,1,ACC007306,2,33.93
lipikabali163@paytm,1,ACC007307,0,0.0
gautam94791@okaxis,1,ACC007308,3,121.08
jagdishissac658@paytm,1,ACC007309,3,211.57
wmallick229@okicici,1,ACC007310,0,0.0
jayaramannikita383@paytm,1,ACC007311,0,0.0
biswasupadhriti606@okhdfcbank,1,ACC007312,0,0.0
skhare84@ybl,1,ACC007313,4,59.78
esani854@okaxis,1,ACC007314,1,18.61
chawlavihaan457@okicici,1,ACC007315,1,37.78
achaudhary690@okhdfcbank,1,ACC007316,0,0.0
esundaram334@okaxis,1,ACC007317,2,70.7
tarak03421@okhdfcbank,1,ACC007318,0,0.0
joshieshana774@ybl,1,ACC007319,2,171.85
haritatella786@oksbi,1,ACC007320,1,10.15
fkadakia10@paytm,1,ACC007321,1,3.5
idika27109@okaxis,1,ACC007322,3,41.77
nagipranav499@paytm,1,ACC007323,1,69.98
balendrachoudhary760@okaxis,1,ACC007324,0,0.0
lshankar332@oksbi,1,ACC007325,2,133.68
malhotraomaja544@paytm,1,ACC007326,0,0.0
yatanoza628@okicici,1,ACC007327,1,10.15
chhabraojas998@okhdfcbank,1,ACC007328,1,20.65
rattadaksha740@oksbi,1,ACC007329,1,32.49
urama218@ybl,1,ACC007330,0,0.0
gprabhu400@okaxis,1,ACC007331,7,297.13
mitali1862@okhdfcbank,1,ACC007332,2,23.8
balveersem580@okhdfcbank,1,ACC007333,0,0.0
aahanadalal479@paytm,1,ACC007334,0,0.0
zaitrasodhi100@okaxis,1,ACC007335,1,2.69
andrew25770@oksbi,1,ACC007336,0,0.0
modiarunima75@paytm,1,ACC007337,3,191.45
daslogan172@okaxis,1,ACC007338,4,112.7
goak298@paytm,1,ACC007339,3,212.85
rbassi418@oksbi,1,ACC007340,5,174.24
liammutti568@paytm,1,ACC007341,0,0.0
aryan59893@okicici,1,ACC007342,1,44.28
ojasvi88826@okhdfcbank,1,ACC007343,2,39.72
hpandya226@okhdfcbank,1,ACC007344,0,0.0
mugdha64904@okicici,1,ACC007345,0,0.0
keerlucky723@oksbi,1,ACC007346,1,0.61
tperi836@ybl,1,ACC007347,5,448.37
balhaarben690@okicici,1,ACC007348,1,12.61
nnaik497@okhdfcbank,1,ACC007349,0,0.0
agrawalyashodhara710@paytm,1,ACC007350,0,0.0
nidhi05784@okicici,1,ACC007351,3,81.88
lipikaiyer155@okicici,1,ACC007352,0,0.0
yugsastry264@okicici,1,ACC007353,2,89.93
xgour267@ybl,1,ACC007354,1,8.57
ansh01530@ybl,1,ACC007355,0,0.0
basakyamini110@ybl,1,ACC007356,2,29.05
savanttristan628@ybl,1,ACC007357,4,86.39
deyvyanjana503@okicici,1,ACC007358,0,0.0
williamraval368@oksbi,1,ACC007359,0,0.0
zaggarwal303@paytm,1,ACC007360,0,0.0
nachiketcherian590@ybl,1,ACC007361,2,43.4
wbatra992@paytm,1,ACC007362,3,203.85
noah11650@paytm,1,ACC007363,2,148.03
pushtinarayanan332@okaxis,1,ACC007364,1,95.32
alexanderchoudhury766@okaxis,1,ACC007365,0,0.0
ishwar87386@okicici,1,ACC007366,1,35.0
sarrafisha363@okicici,1,ACC007367,3,154.91
butalazayan312@paytm,1,ACC007368,1,11.9
daksh70602@oksbi,1,ACC007369,1,10.94
suhani90743@okicici,1,ACC007370,1,23.78
bsuri29@okaxis,1,ACC007371,1,8.4
ukala572@ybl,1,ACC007372,1,26.95
vermanitara926@ybl,1,ACC007373,0,0.0
balendrathaker184@paytm,1,ACC007374,0,0.0
irattan966@okhdfcbank,1,ACC007375,0,0.0
bhaktashivani576@ybl,1,ACC007376,0,0.0
pvarughese509@ybl,1,ACC007377,1,20.28
boommen124@okaxis,1,ACC007378,4,251.1
wishinagarajan192@okaxis,1,ACC007379,1,17.5
ishanidhaliwal528@oksbi,1,ACC007380,2,51.78
srinivasanabhimanyu874@okicici,1,ACC007381,0,0.0
nairishanvi851@paytm,1,ACC007382,0,0.0
xalak32699@ybl,1,ACC007383,1,4.49
zsen832@oksbi,1,ACC007384,1,20.28
sampathindali785@okhdfcbank,1,ACC007385,1,40.95
zansipingle424@oksbi,1,ACC007386,4,189.81
ydhar885@okhdfcbank,1,ACC007387,0,0.0
logan76331@okicici,1,ACC007388,1,5.5
ekantanadig343@okaxis,1,ACC007389,0,0.0
narasimhanirya985@okicici,1,ACC007390,2,42.18
natharin298@oksbi,1,ACC007391,0,0.0
rajanraghav653@paytm,1,ACC007392,0,0.0
diptachad519@oksbi,1,ACC007393,1,465.85
mangaltanay468@oksbi,1,ACC007394,0,0.0
ldubey80@okaxis,1,ACC007395,0,0.0
bhavna78444@okaxis,1,ACC007396,4,56.94
ayaan01691@okaxis,1,ACC007397,0,0.0
gollamatthew690@paytm,1,ACC007398,0,0.0
jagratisom258@oksbi,1,ACC007399,1,30.45
shravya97378@okaxis,1,ACC007400,2,38.83
dalaja00836@paytm,1,ACC007401,1,5.03
urishilla14181@okhdfcbank,1,ACC007402,1,17.15
sbhandari670@okicici,1,ACC007403,3,138.94
yashasvikannan516@paytm,1,ACC007404,1,13.65
ranganathanpatrick722@okhdfcbank,1,ACC007405,2,43.71
jalsawason218@okaxis,1,ACC007406,0,0.0
eiravatitripathi309@okicici,1,ACC007407,0,0.0
xbawa408@okaxis,1,ACC007408,1,33.25
fbalasubramanian847@ybl,1,ACC007409,0,0.0
pganguly645@oksbi,1,ACC007410,1,108.48
achauhan131@okicici,1,ACC007411,0,0.0
tanish72973@okicici,1,ACC007412,2,50.03
lekhanarula844@okaxis,1,ACC007413,0,0.0
rtripathi985@ybl,1,ACC007414,2,35.68
chameli85468@okicici,1,ACC007415,2,29.05
isha28113@okaxis,1,ACC007416,0,0.0
gautamikakar820@oksbi,1,ACC007417,2,96.42
fanand632@okhdfcbank,1,ACC007418,4,74.84
kyohannan698@okaxis,1,ACC007419,0,0.0
binapurohit20@okaxis,1,ACC007420,0,0.0
bavagagan44@ybl,1,ACC007421,0,0.0
sethurishilla836@paytm,1,ACC007422,0,0.0
labanchandra72@oksbi,1,ACC007423,1,14.0
lbehl259@okhdfcbank,1,ACC007424,3,86.54
wluthra396@ybl,1,ACC007425,0,0.0
jeevikananda10@okhdfcbank,1,ACC007426,0,0.0
chasmum44129@paytm,1,ACC007427,2,32.86
harrisonsubramanian373@oksbi,1,ACC007428,4,173.21
karahemal855@paytm,1,ACC007429,1,91.0
odara112@ybl,1,ACC007430,2,184.1
jeevika95457@paytm,1,ACC007431,0,0.0
vasudhachandran431@oksbi,1,ACC007432,2,65.06
guptamadhavi633@okaxis,1,ACC007433,0,0.0
sawhneyvrinda854@okicici,1,ACC007434,2,163.78
qsen845@okaxis,1,ACC007435,3,81.88
anushabal958@okaxis,1,ACC007436,0,0.0
bvyas50@ybl,1,ACC007437,2,33.41
frederickchander305@okaxis,1,ACC007438,3,227.96
enadig816@okhdfcbank,1,ACC007439,1,35.0
bandimeghana829@okaxis,1,ACC007440,0,0.0
saanvibadal523@ybl,1,ACC007441,1,9.08
aryamandal195@ybl,1,ACC007442,0,0.0
cmandal563@okicici,1,ACC007443,0,0.0
walikashvi237@paytm,1,ACC007444,0,0.0
yashica9292@okaxis,1,ACC007445,2,155.03
warhi56783@oksbi,1,ACC007446,2,34.3
wardadeo891@okhdfcbank,1,ACC007447,0,0.0
kcheema548@oksbi,1,ACC007448,1,12.58
zilmilpalan345@okaxis,1,ACC007449,1,15.75
karpepraneel158@paytm,1,ACC007450,0,0.0
ekaja20705@ybl,1,ACC007451,1,13.65
aahanashah257@okhdfcbank,1,ACC007452,0,0.0
urvisridhar881@ybl,1,ACC007453,4,105.31
tamannanarayanan148@okicici,1,ACC007454,5,348.92
pillayom171@okhdfcbank,1,ACC007455,2,32.55
qnayar770@paytm,1,ACC007456,1,4.18
rdara505@okhdfcbank,1,ACC007457,2,98.33
abhiramagarwal247@okhdfcbank,1,ACC007458,1,23.78
khegde293@paytm,1,ACC007459,0,0.0
rachitasom89@paytm,1,ACC007460,1,35.0
bhavikabuch727@ybl,1,ACC007461,1,40.95
yadavdhruv886@okhdfcbank,1,ACC007462,1,10.5
fratti815@oksbi,1,ACC007463,3,70.13
baradkamala992@paytm,1,ACC007464,1,23.78
libni97684@okicici,1,ACC007465,1,7.33
murtyakshay99@ybl,1,ACC007466,0,0.0
tripathigaurav890@okaxis,1,ACC007467,3,75.23
mandalnoah221@okhdfcbank,1,ACC007468,1,29.03
plata62@oksbi,1,ACC007469,1,35.0
arunimavarghese35@okicici,1,ACC007470,3,414.59
panchalazaan675@paytm,1,ACC007471,3,170.82
sethiekanta579@okicici,1,ACC007472,1,138.95
yuvraj55354@ybl,1,ACC007473,0,0.0
meghanadugar412@oksbi,1,ACC007474,0,0.0
ckunda853@okicici,1,ACC007475,1,20.28
ibath166@ybl,1,ACC007476,2,92.75
sanisaksham561@okaxis,1,ACC007477,1,59.85
kotharieta659@okaxis,1,ACC007478,0,0.0
bhanumati89453@oksbi,1,ACC007479,0,0.0
aayush84456@okaxis,1,ACC007480,0,0.0
ektarana368@okhdfcbank,1,ACC007481,2,273.0
rushil38970@oksbi,1,ACC007482,0,0.0
zashil63675@okhdfcbank,1,ACC007483,0,0.0
bahrilohit674@ybl,1,ACC007484,0,0.0
imaranjha792@paytm,1,ACC007485,4,148.47
amrita12412@okhdfcbank,1,ACC007486,0,0.0
avikumer33@okhdfcbank,1,ACC007487,0,0.0
fbera836@okaxis,1,ACC007488,1,73.48
vasanakapadia343@ybl,1,ACC007489,4,296.24
jackkhanna238@okaxis,1,ACC007490,1,43.75
babukashish864@okicici,1,ACC007491,3,52.26
behlrohan522@okaxis,1,ACC007492,2,82.56
timothyprasad272@paytm,1,ACC007493,1,19.01
nakshdhar873@okhdfcbank,1,ACC007494,5,190.03
iyerveer645@okaxis,1,ACC007495,1,20.65
sastrytriveni796@okhdfcbank,1,ACC007496,0,0.0
bpalan607@oksbi,1,ACC007497,1,111.12
nilima41750@oksbi,1,ACC007498,0,0.0
ybhasin263@paytm,1,ACC007499,2,50.55
dchauhan117@okhdfcbank,1,ACC007500,1,52.5
hiralshenoy987@oksbi,1,ACC007501,1,37.78
chandresh73998@oksbi,1,ACC007502,0,0.0
gollarohan733@okicici,1,ACC007503,3,56.33
leena20943@paytm,1,ACC007504,1,105.0
fbanik255@okicici,1,ACC007505,0,0.0
bchad653@okicici,1,ACC007506,0,0.0
ployal60@ybl,1,ACC007507,2,35.1
kamdarnihal589@ybl,1,ACC007508,3,47.73
csabharwal838@ybl,1,ACC007509,1,88.15
gargraghav930@paytm,1,ACC007510,2,43.02
tamanna01749@okhdfcbank,1,ACC007511,2,87.84
upadhriti37265@okhdfcbank,1,ACC007512,0,0.0
madhavbanerjee374@ybl,1,ACC007513,0,0.0
harshilguha24@okaxis,1,ACC007514,0,0.0
kevin85921@ybl,1,ACC007515,1,9.22
qasimanne55@okhdfcbank,1,ACC007516,2,69.63
somanjason804@oksbi,1,ACC007517,1,35.0
pdoshi873@ybl,1,ACC007518,0,0.0
yhanda224@oksbi,1,ACC007519,0,0.0
znazareth368@okicici,1,ACC007520,2,57.73
shethforum296@okhdfcbank,1,ACC007521,0,0.0
saninicholas485@okaxis,1,ACC007522,3,103.58
tarabuch513@oksbi,1,ACC007523,5,655.18
fkhosla567@ybl,1,ACC007524,3,109.02
qpatla649@okhdfcbank,1,ACC007525,0,0.0
ekajamane768@okicici,1,ACC007526,0,0.0
vasatika58439@ybl,1,ACC007527,0,0.0
jackson57247@okhdfcbank,1,ACC007528,0,0.0
issacmitali657@okhdfcbank,1,ACC007529,0,0.0
rattanvincent250@okaxis,1,ACC007530,0,0.0
banerjeechakradhar193@okhdfcbank,1,ACC007531,2,21.66
kalpitkumar448@okhdfcbank,1,ACC007532,2,30.08
abdul88636@oksbi,1,ACC007533,1,4.31
babujoshua678@paytm,1,ACC007534,3,50.36
gandhiwarda587@okhdfcbank,1,ACC007535,0,0.0
rachanapau444@okhdfcbank,1,ACC007536,3,191.41
aarav7192@okhdfcbank,1,ACC007537,1,37.78
aadi93502@okaxis,1,ACC007538,0,0.0
tanvibansal95@oksbi,1,ACC007539,0,0.0
qasim91110@okhdfcbank,1,ACC007540,3,446.21
sakshamsaxena841@paytm,1,ACC007541,3,37.78
advaithnori78@ybl,1,ACC007542,3,91.04
udasgupta851@oksbi,1,ACC007543,3,68.21
vasana08304@okaxis,1,ACC007544,1,35.0
dakshravi389@okicici,1,ACC007545,1,12.57
henrythakur605@paytm,1,ACC007546,2,125.63
nadighardik545@paytm,1,ACC007547,3,123.16
ynaik322@oksbi,1,ACC007548,0,0.0
henrydate202@okhdfcbank,1,ACC007549,0,0.0
yanne926@ybl,1,ACC007550,1,17.15
ekiya23616@okicici,1,ACC007551,1,21.0
ahluwaliachandani117@okaxis,1,ACC007552,1,87.5
nimratshukla283@ybl,1,ACC007553,0,0.0
xavierbhardwaj573@okaxis,1,ACC007554,1,21.0
nandahemangini215@okhdfcbank,1,ACC007555,2,53.62
lokevedant818@ybl,1,ACC007556,0,0.0
golalopa521@oksbi,1,ACC007557,2,46.72
raounni87@paytm,1,ACC007558,2,100.08
utkarsh94568@okhdfcbank,1,ACC007559,0,0.0
jagdishhans447@ybl,1,ACC007560,1,18.38
bainsamruta813@okhdfcbank,1,ACC007561,0,0.0
sathvik34494@okicici,1,ACC007562,0,0.0
nairodika908@okaxis,1,ACC007563,1,20.98
merchantwarjas644@oksbi,1,ACC007564,1,166.25
dhritiyadav983@okhdfcbank,1,ACC007565,2,52.27
noah01195@okicici,1,ACC007566,2,27.82
nyohannan77@okaxis,1,ACC007567,5,165.68
rameshxavier69@oksbi,1,ACC007568,4,148.01
udyati16627@okaxis,1,ACC007569,1,9.08
krishrai414@okhdfcbank,1,ACC007570,1,225.73
girik48505@ybl,1,ACC007571,4,83.96
lakshmi84343@okaxis,1,ACC007572,2,337.36
haggarwal138@okhdfcbank,1,ACC007573,4,90.99
hiralbobal164@okicici,1,ACC007574,0,0.0
bkurian342@okicici,1,ACC007575,1,155.75
dapte91@okaxis,1,ACC007576,0,0.0
onveerprakash469@okaxis,1,ACC007577,3,94.83
praneel45170@okaxis,1,ACC007578,1,14.13
simonraju27@okicici,1,ACC007579,1,40.95
mekhalaloke873@okicici,1,ACC007580,0,0.0
poojarana633@oksbi,1,ACC007581,1,23.78
emisra332@paytm,1,ACC007582,3,45.13
ivora179@okaxis,1,ACC007583,1,37.78
nadigchakradhar891@okaxis,1,ACC007584,1,70.0
chauhanmason496@okaxis,1,ACC007585,1,35.0
ekantikahanda254@okicici,1,ACC007586,0,0.0
kalaganga145@okicici,1,ACC007587,1,55.98
aarnapandya58@oksbi,1,ACC007588,1,141.05
nidradesai842@okicici,1,ACC007589,1,13.65
xwalia639@paytm,1,ACC007590,1,7.0
kalpitsaini769@oksbi,1,ACC007591,0,0.0
xitijain199@ybl,1,ACC007592,0,0.0
mcherian851@ybl,1,ACC007593,5,394.08
mrout599@okhdfcbank,1,ACC007594,0,0.0
suriaryan559@okicici,1,ACC007595,0,0.0
ylanka93@paytm,1,ACC007596,2,19.42
nikita31731@ybl,1,ACC007597,3,73.15
samuel91862@okhdfcbank,1,ACC007598,1,17.15
rachitamajumdar359@okicici,1,ACC007599,1,29.03
qissac886@oksbi,1,ACC007600,1,38.13
radhadevan670@okhdfcbank,1,ACC007601,3,133.91
naksh44296@okaxis,1,ACC007602,2,31.83
vbhargava280@okhdfcbank,1,ACC007603,2,29.36
kgade219@paytm,1,ACC007604,0,0.0
mistryxalak702@okaxis,1,ACC007605,0,0.0
choudharyhitesh919@oksbi,1,ACC007606,0,0.0
jagvi24961@okhdfcbank,1,ACC007607,1,36.75
raghav53714@ybl,1,ACC007608,2,29.71
unnati73355@okicici,1,ACC007609,3,154.66
gpalla721@okhdfcbank,1,ACC007610,0,0.0
ykanda461@oksbi,1,ACC007611,1,4.93
azaansengupta837@ybl,1,ACC007612,0,0.0
urvashi54167@ybl,1,ACC007613,1,1017.78
dsrinivas720@okicici,1,ACC007614,3,187.6
znaik60@paytm,1,ACC007615,1,15.57
sodhibaljiwan947@okhdfcbank,1,ACC007616,1,5.25
chaudharihemang1@oksbi,1,ACC007617,3,75.07
urmisarma801@okhdfcbank,1,ACC007618,0,0.0
csharma134@oksbi,1,ACC007619,1,37.78
surhenry141@ybl,1,ACC007620,1,19.07
oeshi17378@oksbi,1,ACC007621,3,62.98
qushi35364@ybl,1,ACC007622,1,199.48
idikabhat726@ybl,1,ACC007623,1,10.15
shettydeepa867@okaxis,1,ACC007624,2,83.63
lila37801@ybl,1,ACC007625,2,61.23
rahluwalia250@okaxis,1,ACC007626,0,0.0
ftalwar601@oksbi,1,ACC007627,1,8.75
onveer46296@paytm,1,ACC007628,0,0.0
oeshirege822@ybl,1,ACC007629,0,0.0
zaitradugal243@okhdfcbank,1,ACC007630,1,10.15
oshasabharwal819@okicici,1,ACC007631,2,57.03
udant60252@okhdfcbank,1,ACC007632,2,29.03
advaychauhan623@paytm,1,ACC007633,0,0.0
yashprakash289@okaxis,1,ACC007634,2,77.0
bvarkey323@okaxis,1,ACC007635,0,0.0
ugokhale737@ybl,1,ACC007636,2,126.68
hayershaurya546@ybl,1,ACC007637,0,0.0
omayaan146@okhdfcbank,1,ACC007638,2,71.35
deepakale357@okicici,1,ACC007639,4,274.19
warjas23406@okaxis,1,ACC007640,1,221.2
yug06301@ybl,1,ACC007641,2,35.68
bobalfinn18@okicici,1,ACC007642,0,0.0
niharikabarad967@okaxis,1,ACC007643,1,70.0
vedant48435@ybl,1,ACC007644,0,0.0
chaaya80846@paytm,1,ACC007645,2,13.12
karpeindali611@ybl,1,ACC007646,1,40.95
jtoor905@okaxis,1,ACC007647,1,17.5
bhavika99142@paytm,1,ACC007648,1,10.15
pooja24771@paytm,1,ACC007649,1,13.65
joshua84295@okaxis,1,ACC007650,1,3.45
harsh89102@okhdfcbank,1,ACC007651,1,9.43
libnihayre59@okhdfcbank,1,ACC007652,0,0.0
barkhagoyal907@paytm,1,ACC007653,0,0.0
qkala716@oksbi,1,ACC007654,1,17.15
vivaan64920@oksbi,1,ACC007655,2,26.93
gaurav38879@okicici,1,ACC007656,4,280.2
uraja736@okicici,1,ACC007657,0,0.0
yagnesh52595@okicici,1,ACC007658,0,0.0
balveer96977@paytm,1,ACC007659,3,667.8
yashasvi2647@okicici,1,ACC007660,5,101.97
naikisaiah390@ybl,1,ACC007661,1,79.1
sdixit713@ybl,1,ACC007662,0,0.0
oviyaprashad217@okicici,1,ACC007663,2,58.43
dadaayaan660@paytm,1,ACC007664,0,0.0
triya3460@paytm,1,ACC007665,5,95.7
rohanverma732@okicici,1,ACC007666,1,0.85
adyataneja459@okaxis,1,ACC007667,0,0.0
azad05573@okhdfcbank,1,ACC007668,1,40.95
vigayaan363@okicici,1,ACC007669,0,0.0
lakshmidhar674@okicici,1,ACC007670,1,37.78
oissac857@paytm,1,ACC007671,1,9.08
bhavnapadmanabhan73@okhdfcbank,1,ACC007672,5,259.31
isaac45211@okaxis,1,ACC007673,0,0.0
abeernarasimhan534@oksbi,1,ACC007674,2,205.02
rajatanaidu751@okhdfcbank,1,ACC007675,0,0.0
hansraghav571@paytm,1,ACC007676,1,16.78
vaishnavi47697@oksbi,1,ACC007677,0,0.0
ria46531@paytm,1,ACC007678,2,158.2
jhaveribakhshi245@paytm,1,ACC007679,2,46.55
madantamanna829@okicici,1,ACC007680,2,165.53
mbasak170@okaxis,1,ACC007681,6,188.22
brijeshshah326@okhdfcbank,1,ACC007682,0,0.0
devitarak848@paytm,1,ACC007683,2,32.86
frederick69864@okaxis,1,ACC007684,1,37.78
kapurijaya697@okhdfcbank,1,ACC007685,1,20.28
qmodi360@oksbi,1,ACC007686,0,0.0
tanishbahri743@okaxis,1,ACC007687,0,0.0
sarnayug982@okaxis,1,ACC007688,0,0.0
dhingraomaja505@oksbi,1,ACC007689,5,68.22
ipurohit54@okhdfcbank,1,ACC007690,0,0.0
janya99522@paytm,1,ACC007691,0,0.0
tanmayi12179@paytm,1,ACC007692,1,52.5
asamra429@oksbi,1,ACC007693,1,59.85
anay62223@okhdfcbank,1,ACC007694,0,0.0
chatresh91558@okicici,1,ACC007695,0,0.0
jagatsharaf87@paytm,1,ACC007696,1,6.89
ayaannagi520@ybl,1,ACC007697,1,17.15
dayamai68731@okaxis,1,ACC007698,0,0.0
ctak168@oksbi,1,ACC007699,2,25.88
osinghal887@okhdfcbank,1,ACC007700,0,0.0
dhingranaksh808@ybl,1,ACC007701,2,262.5
ayaanshanker722@okhdfcbank,1,ACC007702,0,0.0
bakhshi14970@oksbi,1,ACC007703,4,120.73
hritik26294@okicici,1,ACC007704,2,262.45
dinchavvi165@ybl,1,ACC007705,3,156.63
watikapillay146@ybl,1,ACC007706,1,73.48
ucchalradhakrishnan651@okhdfcbank,1,ACC007707,3,222.55
hemangini25467@okhdfcbank,1,ACC007708,4,196.05
malhotraurvashi461@okhdfcbank,1,ACC007709,1,31.93
sethanita93@oksbi,1,ACC007710,0,0.0
omkaarsant284@okhdfcbank,1,ACC007711,5,253.71
sbath353@okaxis,1,ACC007712,1,20.65
shaurya86379@okhdfcbank,1,ACC007713,4,106.34
azad6540@oksbi,1,ACC007714,5,462.27
santurvi99@ybl,1,ACC007715,1,9.08
kalasangha140@okicici,1,ACC007716,4,172.55
shanicholas864@okicici,1,ACC007717,4,58.71
wazirparmer699@ybl,1,ACC007718,0,0.0
guhachasmum575@okicici,1,ACC007719,0,0.0
krisha04765@ybl,1,ACC007720,1,20.65
vidhi35287@okhdfcbank,1,ACC007721,0,0.0
ypradhan317@okicici,1,ACC007722,1,59.85
ychandran579@ybl,1,ACC007723,1,20.28
misraimaran867@okhdfcbank,1,ACC007724,0,0.0
aggarwalwazir746@okaxis,1,ACC007725,1,35.0
izacharia206@okaxis,1,ACC007726,1,5.25
senabha721@oksbi,1,ACC007727,1,35.0
pmaster321@okhdfcbank,1,ACC007728,1,1.33
qparmer197@ybl,1,ACC007729,1,17.15
hegdebarkha584@oksbi,1,ACC007730,0,0.0
tatakashvi681@ybl,1,ACC007731,0,0.0
advika55620@okicici,1,ACC007732,0,0.0
vsaini892@oksbi,1,ACC007733,0,0.0
jackchad348@okaxis,1,ACC007734,4,90.81
kallakai90@okicici,1,ACC007735,0,0.0
okothari350@oksbi,1,ACC007736,2,25.53
ronithprashad261@paytm,1,ACC007737,2,595.17
yohannanbrinda994@okicici,1,ACC007738,0,0.0
chanderfitan915@okhdfcbank,1,ACC007739,1,70.0
timothy89885@paytm,1,ACC007740,0,0.0
xvarughese794@paytm,1,ACC007741,1,35.0
tanvi43251@okaxis,1,ACC007742,2,60.03
aayush20594@oksbi,1,ACC007743,0,0.0
wvarma594@oksbi,1,ACC007744,2,36.38
aryadoshi974@okaxis,1,ACC007745,1,10.83
pranitom650@okhdfcbank,1,ACC007746,2,40.25
perichasmum718@paytm,1,ACC007747,0,0.0
laksh96430@paytm,1,ACC007748,0,0.0
gavin3865@paytm,1,ACC007749,1,82.93
korpalwarjas105@oksbi,1,ACC007750,4,453.23
ishanisehgal225@okaxis,1,ACC007751,2,37.06
lajita75441@okaxis,1,ACC007752,0,0.0
thakkarviraj199@okicici,1,ACC007753,0,0.0
mhari873@ybl,1,ACC007754,1,40.95
qben78@okhdfcbank,1,ACC007755,1,12.07
bhatiadevika736@okaxis,1,ACC007756,2,79.45
yaminidesai543@okicici,1,ACC007757,1,37.97
frederick65582@ybl,1,ACC007758,0,0.0
xsankaran106@ybl,1,ACC007759,1,10.83
gollaoni781@ybl,1,ACC007760,0,0.0
ranbirrau3@okhdfcbank,1,ACC007761,2,72.06
bassiubika752@paytm,1,ACC007762,1,39.55
sahnidaksh676@paytm,1,ACC007763,1,17.5
sanya72506@oksbi,1,ACC007764,1,7.75
rachanavarkey677@okhdfcbank,1,ACC007765,2,26.93
knarain178@ybl,1,ACC007766,0,0.0
minhasbhavika882@okaxis,1,ACC007767,0,0.0
tejasbhalla420@okicici,1,ACC007768,1,117.25
bimala69127@ybl,1,ACC007769,0,0.0
nandinisami461@okicici,1,ACC007770,2,53.39
sanaya91516@paytm,1,ACC007771,2,133.0
brindahalder356@okaxis,1,ACC007772,1,19.07
aaravbatta904@okaxis,1,ACC007773,2,33.65
nbuch739@okaxis,1,ACC007774,2,40.93
anshkala889@okhdfcbank,1,ACC007775,1,40.95
eparekh499@okicici,1,ACC007776,1,9.08
ayaan19659@oksbi,1,ACC007777,0,0.0
vsubramaniam469@paytm,1,ACC007778,1,91.33
ekanidash754@paytm,1,ACC007779,3,202.98
ladli22780@paytm,1,ACC007780,2,166.95
pmistry145@okicici,1,ACC007781,2,20.7
dhruvarora909@okhdfcbank,1,ACC007782,0,0.0
aggarwaljanya580@ybl,1,ACC007783,0,0.0
turvibir529@okicici,1,ACC007784,0,0.0
nandapallavi983@okicici,1,ACC007785,0,0.0
bsehgal98@okhdfcbank,1,ACC007786,1,17.5
atiamble475@okaxis,1,ACC007787,2,156.8
abdulbabu610@okaxis,1,ACC007788,0,0.0
adar968@okaxis,1,ACC007789,0,0.0
ppurohit800@ybl,1,ACC007790,0,0.0
aarini66940@ybl,1,ACC007791,0,0.0
wsridhar330@okhdfcbank,1,ACC007792,2,111.8
sinhaodika5@oksbi,1,ACC007793,0,0.0
dasguptasamuel989@ybl,1,ACC007794,0,0.0
zarna90656@paytm,1,ACC007795,0,0.0
vedant27626@okhdfcbank,1,ACC007796,1,5.25
panditbhavya375@paytm,1,ACC007797,1,35.0
ubika75889@okaxis,1,ACC007798,1,17.5
kai09973@ybl,1,ACC007799,2,69.28
sai32960@paytm,1,ACC007800,4,93.72
balendravohra472@ybl,1,ACC007801,0,0.0
kavya16428@paytm,1,ACC007802,1,12.58
yatan28792@oksbi,1,ACC007803,1,10.15
dinimaran172@okhdfcbank,1,ACC007804,0,0.0
williamnayar658@ybl,1,ACC007805,1,227.48
naikqasim885@oksbi,1,ACC007806,0,0.0
gbaral708@oksbi,1,ACC007807,0,0.0
anjali02683@oksbi,1,ACC007808,0,0.0
kavya1598@okicici,1,ACC007809,1,37.78
yashasvi1373@okicici,1,ACC007810,1,155.75
majumdaryashica730@ybl,1,ACC007811,1,59.85
fdyal908@oksbi,1,ACC007812,1,17.5
chaudhryjeet427@okicici,1,ACC007813,3,61.16
girindra83165@ybl,1,ACC007814,0,0.0
samrarishi846@ybl,1,ACC007815,0,0.0
dhaliwalqabil621@oksbi,1,ACC007816,3,86.39
aarush30919@ybl,1,ACC007817,2,37.41
charles64143@okicici,1,ACC007818,1,3.72
megha37137@okicici,1,ACC007819,0,0.0
samarsankar475@oksbi,1,ACC007820,1,20.65
kiaanmukherjee622@ybl,1,ACC007821,0,0.0
ganga06909@okhdfcbank,1,ACC007822,5,344.06
bajwaaarna66@okicici,1,ACC007823,2,134.03
dugalkeya990@ybl,1,ACC007824,1,29.39
fbanik223@ybl,1,ACC007825,1,2.37
kalalucky111@okicici,1,ACC007826,2,18.46
lakshit77646@okhdfcbank,1,ACC007827,3,57.89
lopa90927@okhdfcbank,1,ACC007828,0,0.0
kcontractor968@okicici,1,ACC007829,5,378.0
mistryalexander585@oksbi,1,ACC007830,0,0.0
sonimohini479@paytm,1,ACC007831,1,17.15
vsuresh287@okaxis,1,ACC007832,1,10.15
karnikdaniel179@okicici,1,ACC007833,1,23.78
ldave733@okaxis,1,ACC007834,0,0.0
eshana23481@okicici,1,ACC007835,2,58.45
azad55975@okaxis,1,ACC007836,3,615.71
smane816@okicici,1,ACC007837,1,21.68
samaqarin449@okaxis,1,ACC007838,0,0.0
saragolla17@okaxis,1,ACC007839,1,20.65
xitidalia218@oksbi,1,ACC007840,2,56.53
dewanira39@okhdfcbank,1,ACC007841,1,7.0
daliakabir230@oksbi,1,ACC007842,0,0.0
sethivamakshi191@okhdfcbank,1,ACC007843,0,0.0
kalitaaryan238@okhdfcbank,1,ACC007844,2,31.15
zmunshi974@okaxis,1,ACC007845,0,0.0
david92465@okicici,1,ACC007846,1,16.78
wasonansh879@okicici,1,ACC007847,2,79.08
basurobert36@okicici,1,ACC007848,4,214.55
raytara129@okaxis,1,ACC007849,1,12.37
aryagarima496@okaxis,1,ACC007850,6,104.75
dominickala702@ybl,1,ACC007851,1,72.78
hlad770@okaxis,1,ACC007852,0,0.0
kashvichandra926@oksbi,1,ACC007853,0,0.0
esami612@paytm,1,ACC007854,1,20.28
bhatnirja301@oksbi,1,ACC007855,0,0.0
zvala887@okicici,1,ACC007856,2,63.82
zayyansarkar262@paytm,1,ACC007857,1,5.58
jagdishpillay52@okhdfcbank,1,ACC007858,0,0.0
abeer30605@oksbi,1,ACC007859,2,41.48
adya28580@paytm,1,ACC007860,0,0.0
anushabassi746@okaxis,1,ACC007861,4,100.39
chasmumtaneja81@ybl,1,ACC007862,1,193.9
yochanarajagopal648@paytm,1,ACC007863,0,0.0
saumyabajaj369@okicici,1,ACC007864,1,17.13
qsandhu541@okaxis,1,ACC007865,1,8.0
wakeeta99648@okaxis,1,ACC007866,1,40.95
yashicanori731@okaxis,1,ACC007867,1,70.0
eiravati55719@paytm,1,ACC007868,1,73.48
bhatiazinal577@oksbi,1,ACC007869,2,114.1
shravyathaker268@okhdfcbank,1,ACC007870,1,20.65
tmuni409@okaxis,1,ACC007871,3,436.08
nkota846@paytm,1,ACC007872,1,13.65
chawlabalendra117@okhdfcbank,1,ACC007873,1,9.08
banikekantika838@okicici,1,ACC007874,0,0.0
wramaswamy555@okicici,1,ACC007875,0,0.0
dpradhan413@okicici,1,ACC007876,1,18.88
rkari852@paytm,1,ACC007877,4,74.88
urvi06730@oksbi,1,ACC007878,3,49.18
cganguly641@ybl,1,ACC007879,1,79.1
borapratyush286@okaxis,1,ACC007880,3,211.73
garachaaya122@oksbi,1,ACC007881,3,64.01
koak796@oksbi,1,ACC007882,3,33.79
triyachahal665@paytm,1,ACC007883,2,58.45
mitesh38419@okaxis,1,ACC007884,2,440.64
isha38288@oksbi,1,ACC007885,1,619.95
yashzachariah107@paytm,1,ACC007886,4,163.43
maanasbawa946@okhdfcbank,1,ACC007887,0,0.0
pdeshpande159@oksbi,1,ACC007888,0,0.0
katachaaya594@okaxis,1,ACC007889,0,0.0
chatreshramesh223@ybl,1,ACC007890,1,7.0
shereekani448@okaxis,1,ACC007891,1,20.65
george23190@okaxis,1,ACC007892,1,10.15
dewanishaan912@oksbi,1,ACC007893,0,0.0
kallaarin993@okhdfcbank,1,ACC007894,1,25.2
gokhalewishi298@paytm,1,ACC007895,2,19.03
yugiyer73@paytm,1,ACC007896,1,59.85
labankaran94@oksbi,1,ACC007897,2,29.39
osundaram710@paytm,1,ACC007898,1,37.45
khatrialexander114@okhdfcbank,1,ACC007899,0,0.0
goyalbhanumati544@okaxis,1,ACC007900,0,0.0
siddharthgulati373@okhdfcbank,1,ACC007901,6,167.28
ymangat514@paytm,1,ACC007902,0,0.0
echaudhuri494@okicici,1,ACC007903,3,163.45
ekantika29525@ybl,1,ACC007904,0,0.0
jainchanchal284@ybl,1,ACC007905,1,13.65
bobalharita143@oksbi,1,ACC007906,1,5.25
vasatikabhatia62@paytm,1,ACC007907,2,31.46
sampathaarna578@ybl,1,ACC007908,3,66.01
widisha76148@okaxis,1,ACC007909,0,0.0
maniamol770@oksbi,1,ACC007910,1,26.95
gaurang82254@paytm,1,ACC007911,1,20.65
kviswanathan612@paytm,1,ACC007912,1,26.95
pbarad316@oksbi,1,ACC007913,0,0.0
gopal97148@okhdfcbank,1,ACC007914,3,118.98
ekajabuch877@okhdfcbank,1,ACC007915,1,8.75
neelmadan382@okhdfcbank,1,ACC007916,1,32.53
hemarandhawa890@ybl,1,ACC007917,1,193.9
kashish76958@paytm,1,ACC007918,0,0.0
ysunder362@okhdfcbank,1,ACC007919,1,16.78
karan95230@oksbi,1,ACC007920,0,0.0
ishita92300@okhdfcbank,1,ACC007921,1,20.65
bainssai535@oksbi,1,ACC007922,1,49.35
isha91951@ybl,1,ACC007923,1,15.03
darikagade395@okaxis,1,ACC007924,4,78.73
pranavanand639@okicici,1,ACC007925,2,41.93
pushtiedwin879@ybl,1,ACC007926,0,0.0
nrajagopalan95@oksbi,1,ACC007927,3,207.37
malhotrawarhi681@paytm,1,ACC007928,1,117.25
nandini10918@okhdfcbank,1,ACC007929,2,41.88
kapuraarini679@paytm,1,ACC007930,0,0.0
umahal181@okicici,1,ACC007931,3,102.55
saisant683@ybl,1,ACC007932,3,309.34
irattan701@okicici,1,ACC007933,0,0.0
rehaanmenon610@okaxis,1,ACC007934,0,0.0
vincent47793@ybl,1,ACC007935,0,0.0
radhabhatti546@okhdfcbank,1,ACC007936,2,100.8
virkoviya62@okicici,1,ACC007937,3,76.12
daronveer898@ybl,1,ACC007938,1,17.5
rnayak753@okhdfcbank,1,ACC007939,0,0.0
jonathankannan719@okicici,1,ACC007940,4,154.5
varshavarghese825@okhdfcbank,1,ACC007941,1,37.78
mohammedsalvi729@okaxis,1,ACC007942,0,0.0
ctak635@paytm,1,ACC007943,5,138.99
adya51419@okicici,1,ACC007944,0,0.0
waida39172@oksbi,1,ACC007945,1,20.65
rushildas5@okicici,1,ACC007946,1,10.3
jeremiah99671@okicici,1,ACC007947,2,79.1
chadhavictor268@oksbi,1,ACC007948,0,0.0
munshioeshi289@okhdfcbank,1,ACC007949,3,110.19
xchandran228@ybl,1,ACC007950,1,17.5
parsaishanvi181@paytm,1,ACC007951,1,7.33
daksh12673@oksbi,1,ACC007952,0,0.0
mbal887@oksbi,1,ACC007953,1,23.78
mkannan663@oksbi,1,ACC007954,2,72.78
vchopra583@okicici,1,ACC007955,1,11.9
karaubika514@ybl,1,ACC007956,1,193.9
suleaishani359@okaxis,1,ACC007957,0,0.0
aurorajhalak324@ybl,1,ACC007958,1,10.26
pandyajagdish512@ybl,1,ACC007959,0,0.0
aprabhakar331@paytm,1,ACC007960,1,16.78
gvenkataraman901@okicici,1,ACC007961,1,20.65
randhawabhavika125@paytm,1,ACC007962,1,26.95
nattabeer741@paytm,1,ACC007963,1,12.58
ghosekrishna86@okaxis,1,ACC007964,1,17.15
thakurnilima636@ybl,1,ACC007965,2,35.76
vsidhu414@oksbi,1,ACC007966,0,0.0
thomassamra906@paytm,1,ACC007967,0,0.0
zkothari458@paytm,1,ACC007968,0,0.0
duttalekha740@okaxis,1,ACC007969,0,0.0
sachi30333@okaxis,1,ACC007970,0,0.0
gagan73369@paytm,1,ACC007971,1,6.2
barkharajagopalan156@okaxis,1,ACC007972,5,127.71
babuzayan228@paytm,1,ACC007973,0,0.0
dhritisidhu853@okhdfcbank,1,ACC007974,1,5.58
iom934@oksbi,1,ACC007975,0,0.0
tmahal28@okhdfcbank,1,ACC007976,0,0.0
arandhawa994@okhdfcbank,1,ACC007977,1,20.65
zaitradara800@paytm,1,ACC007978,1,16.78
bishakha52787@okhdfcbank,1,ACC007979,1,5.25
boaseurvi722@okicici,1,ACC007980,2,177.1
lavanya74368@okicici,1,ACC007981,2,43.75
chandran15309@paytm,1,ACC007982,0,0.0
samrabanjeet844@okicici,1,ACC007983,1,59.85
qkumar573@paytm,1,ACC007984,0,0.0
tejas87807@okaxis,1,ACC007985,4,213.28
boasenathan160@ybl,1,ACC007986,0,0.0
quincypuri262@okhdfcbank,1,ACC007987,0,0.0
nilimapatla199@okicici,1,ACC007988,1,10.15
mviswanathan151@ybl,1,ACC007989,0,0.0
urvi38805@paytm,1,ACC007990,0,0.0
balrachana921@ybl,1,ACC007991,1,26.25
vedantbail281@okicici,1,ACC007992,2,79.9
xrout416@okhdfcbank,1,ACC007993,0,0.0
zaid68732@okaxis,1,ACC007994,0,0.0
mannanadvik893@okhdfcbank,1,ACC007995,0,0.0
nazarethaachal718@ybl,1,ACC007996,0,0.0
savantmanya162@oksbi,1,ACC007997,0,0.0
nathaniel66800@paytm,1,ACC007998,3,250.93
wdhaliwal610@oksbi,1,ACC007999,0,0.0
mlad607@okicici,1,ACC008000,0,0.0
unnatibava367@ybl,1,ACC008001,2,63.7
dayamai18429@oksbi,1,ACC008002,0,0.0
xnanda917@oksbi,1,ACC008003,1,17.5
biswassiddharth730@ybl,1,ACC008004,2,40.57
bhattiabha119@okicici,1,ACC008005,2,26.07
nathdavid13@oksbi,1,ACC008006,1,13.65
rayaancomar226@okaxis,1,ACC008007,3,99.57
tripti76854@okicici,1,ACC008008,1,2.28
ppandit694@okicici,1,ACC008009,1,87.5
ishaarya980@okhdfcbank,1,ACC008010,2,29.73
phari742@paytm,1,ACC008011,2,75.91
tarak49698@okhdfcbank,1,ACC008012,1,2.28
subramaniamtanay323@okhdfcbank,1,ACC008013,3,151.18
kibekeya448@ybl,1,ACC008014,2,48.95
dassvincent288@okicici,1,ACC008015,3,29.62
zaitradube834@ybl,1,ACC008016,0,0.0
awason296@okicici,1,ACC008017,1,5.25
madanchanakya14@oksbi,1,ACC008018,2,135.69
edwinmichael543@okhdfcbank,1,ACC008019,3,131.23
akaran179@okicici,1,ACC008020,1,8.75
gavin7838@okhdfcbank,1,ACC008021,1,20.65
fjaggi966@okhdfcbank,1,ACC008022,0,0.0
basuquincy692@okhdfcbank,1,ACC008023,1,20.65
gavinsrivastava896@okicici,1,ACC008024,4,144.0
ljain94@okicici,1,ACC008025,3,88.4
max01273@oksbi,1,ACC008026,3,126.7
croy273@okaxis,1,ACC008027,0,0.0
balakrishnansamarth65@ybl,1,ACC008028,1,2.58
rsinghal616@oksbi,1,ACC008029,0,0.0
lilamaharaj97@okicici,1,ACC008030,0,0.0
aarushdixit828@paytm,1,ACC008031,2,86.43
xsingh420@ybl,1,ACC008032,0,0.0
swali158@ybl,1,ACC008033,2,144.18
abeerbains352@ybl,1,ACC008034,2,16.45
mandonveer6@okicici,1,ACC008035,1,37.78
gautami12703@okicici,1,ACC008036,3,58.25
jeetpillai665@okaxis,1,ACC008037,1,59.85
samaksh55451@oksbi,1,ACC008038,0,0.0
pushtikhalsa616@okhdfcbank,1,ACC008039,2,332.83
thakeranya853@okicici,1,ACC008040,2,47.23
charvidara478@okaxis,1,ACC008041,1,40.95
eesha10909@paytm,1,ACC008042,0,0.0
dhingrachatura173@okhdfcbank,1,ACC008043,2,75.24
hbedi274@oksbi,1,ACC008044,3,108.85
gulatikavya327@okaxis,1,ACC008045,1,109.53
hemani50219@okhdfcbank,1,ACC008046,5,984.86
bbiswas315@okhdfcbank,1,ACC008047,1,79.1
mukherjeeabhimanyu684@oksbi,1,ACC008048,0,0.0
avarughese988@paytm,1,ACC008049,0,0.0
lipika73165@okaxis,1,ACC008050,1,10.48
rparmar303@ybl,1,ACC008051,1,20.63
dubeyupma354@paytm,1,ACC008052,2,156.25
chaitanya75923@oksbi,1,ACC008053,0,0.0
yastidhar428@okaxis,1,ACC008054,3,66.21
ibrahmbhatt657@okicici,1,ACC008055,3,63.43
rishivora632@oksbi,1,ACC008056,0,0.0
sastrylekha41@paytm,1,ACC008057,2,18.94
vsuresh99@paytm,1,ACC008058,0,0.0
shroffwahab25@okhdfcbank,1,ACC008059,0,0.0
qadim79974@oksbi,1,ACC008060,4,79.8
osharamachandran107@paytm,1,ACC008061,2,78.73
gpalla402@oksbi,1,ACC008062,1,20.65
raghavanlavanya652@okaxis,1,ACC008063,0,0.0
elanka775@okhdfcbank,1,ACC008064,0,0.0
ojaggi973@ybl,1,ACC008065,0,0.0
zansi53433@ybl,1,ACC008066,1,20.65
darishita555@okaxis,1,ACC008067,1,40.95
mammenrohan584@okaxis,1,ACC008068,0,0.0
watikakant185@ybl,1,ACC008069,0,0.0
oeshi12970@oksbi,1,ACC008070,1,4.65
charan78820@paytm,1,ACC008071,0,0.0
yadavikulkarni243@paytm,1,ACC008072,0,0.0
gbandi175@okicici,1,ACC008073,2,22.9
nprakash525@okhdfcbank,1,ACC008074,0,0.0
yadavidixit625@okaxis,1,ACC008075,5,258.55
vasatikaramaswamy727@oksbi,1,ACC008076,1,122.5
rajanbina881@okhdfcbank,1,ACC008077,0,0.0
gaurikasandal903@ybl,1,ACC008078,3,85.37
gtoor364@okicici,1,ACC008079,3,123.11
ekalingakota578@oksbi,1,ACC008080,1,37.8
veersalvi428@oksbi,1,ACC008081,0,0.0
gopalmannan280@okaxis,1,ACC008082,2,92.05
nimratchaudry642@okicici,1,ACC008083,1,386.4
bhavanikala843@paytm,1,ACC008084,1,40.95
samaksh60478@ybl,1,ACC008085,1,79.1
chaaya28342@okicici,1,ACC008086,0,0.0
darjai770@okaxis,1,ACC008087,0,0.0
kghosh996@okicici,1,ACC008088,0,0.0
wbora614@paytm,1,ACC008089,1,7.0
neelima78368@paytm,1,ACC008090,1,56.17
chaturakapadia402@ybl,1,ACC008091,3,224.68
bchad573@okhdfcbank,1,ACC008092,0,0.0
chaudhurijanya560@oksbi,1,ACC008093,5,126.65
zayyan73478@paytm,1,ACC008094,1,35.7
akaur121@okaxis,1,ACC008095,2,17.14
raviekta990@paytm,1,ACC008096,1,23.78
khuranaethan655@paytm,1,ACC008097,2,93.78
tristanapte262@ybl,1,ACC008098,0,0.0
yashasvibrahmbhatt638@oksbi,1,ACC008099,0,0.0
vedant3688@ybl,1,ACC008100,2,33.05
abhimanyu3357@oksbi,1,ACC008101,2,31.15
parth38871@okaxis,1,ACC008102,3,51.43
aradhana01815@okaxis,1,ACC008103,5,265.83
dhingrajai815@ybl,1,ACC008104,2,167.4
vedikasawhney694@oksbi,1,ACC008105,2,41.82
advik3636@okaxis,1,ACC008106,0,0.0
jbassi318@okaxis,1,ACC008107,2,52.23
rchatterjee281@paytm,1,ACC008108,3,155.03
zramaswamy395@okhdfcbank,1,ACC008109,0,0.0
harieesha150@okicici,1,ACC008110,1,7.51
sachi43620@okhdfcbank,1,ACC008111,0,0.0
manthan40187@okaxis,1,ACC008112,0,0.0
tdube523@ybl,1,ACC008113,1,40.95
jacksonamble469@okicici,1,ACC008114,1,117.25
yachana01771@oksbi,1,ACC008115,3,122.46
ishita60435@okaxis,1,ACC008116,1,40.95
maxpradhan216@ybl,1,ACC008117,1,5.16
rudravarghese303@oksbi,1,ACC008118,1,27.63
nitarabath104@okicici,1,ACC008119,0,0.0
yashodhararastogi882@paytm,1,ACC008120,1,37.97
hemabath386@ybl,1,ACC008121,0,0.0
hritik6354@okicici,1,ACC008122,1,20.65
dnadkarni134@okaxis,1,ACC008123,3,45.13
ukunda210@oksbi,1,ACC008124,1,10.83
tkuruvilla754@okhdfcbank,1,ACC008125,2,42.76
anvi98735@okaxis,1,ACC008126,1,39.55
sainiira850@oksbi,1,ACC008127,1,40.95
yasti31416@okhdfcbank,1,ACC008128,0,0.0
gunbirbora426@oksbi,1,ACC008129,2,44.45
nitesh48992@oksbi,1,ACC008130,1,109.53
obhakta784@okaxis,1,ACC008131,1,14.0
binavenkataraman971@okhdfcbank,1,ACC008132,0,0.0
rattichaitaly567@okhdfcbank,1,ACC008133,1,10.5
mistryxalak336@okaxis,1,ACC008134,1,9.08
ihari873@okicici,1,ACC008135,0,0.0
lohitkhalsa148@oksbi,1,ACC008136,1,33.95
vprashad351@oksbi,1,ACC008137,2,22.73
tripathijacob784@oksbi,1,ACC008138,1,176.73
manthanravi241@paytm,1,ACC008139,1,104.28
dugarshaurya975@paytm,1,ACC008140,0,0.0
radha56391@paytm,1,ACC008141,1,70.0
gayathri97978@ybl,1,ACC008142,0,0.0
savantojasvi994@ybl,1,ACC008143,0,0.0
vasatikaloke248@okhdfcbank,1,ACC008144,4,417.03
jackdar379@okhdfcbank,1,ACC008145,1,54.41
kapurria504@oksbi,1,ACC008146,2,40.93
benchameli211@ybl,1,ACC008147,3,93.82
chadameghana801@paytm,1,ACC008148,0,0.0
aloyal616@oksbi,1,ACC008149,2,50.03
raghavdas979@oksbi,1,ACC008150,0,0.0
murthyqarin405@oksbi,1,ACC008151,1,13.65
michaelsrinivasan339@ybl,1,ACC008152,2,17.83
boasemaya970@okhdfcbank,1,ACC008153,2,93.1
smahal842@okhdfcbank,1,ACC008154,4,201.21
mandertimothy707@okicici,1,ACC008155,0,0.0
bdash316@oksbi,1,ACC008156,1,74.01
agastya37113@okicici,1,ACC008157,0,0.0
jagdishmerchant211@paytm,1,ACC008158,0,0.0
liamvarma228@paytm,1,ACC008159,1,19.25
maanas60355@ybl,1,ACC008160,0,0.0
vganesh924@okaxis,1,ACC008161,2,43.75
charlesdixit195@okhdfcbank,1,ACC008162,1,17.5
tanejadeepa463@oksbi,1,ACC008163,3,107.42
elijah91783@ybl,1,ACC008164,1,39.55
nmaharaj377@okaxis,1,ACC008165,0,0.0
rayaan64562@ybl,1,ACC008166,0,0.0
ranganathanshivansh931@okhdfcbank,1,ACC008167,2,49.7
vaishnavisampath194@okhdfcbank,1,ACC008168,2,134.4
yashoda48890@ybl,1,ACC008169,1,10.15
devidalaja531@oksbi,1,ACC008170,1,10.85
ekorpal268@paytm,1,ACC008171,0,0.0
ebrar151@okhdfcbank,1,ACC008172,1,492.85
puriyuvraj131@okaxis,1,ACC008173,0,0.0
ekalinga83889@ybl,1,ACC008174,0,0.0
calebpanchal976@ybl,1,ACC008175,0,0.0
ranganathanthomas359@okicici,1,ACC008176,0,0.0
bdave814@paytm,1,ACC008177,4,167.63
yadavakshay373@okhdfcbank,1,ACC008178,0,0.0
kalawadhwa451@okaxis,1,ACC008179,0,0.0
eiravati71661@oksbi,1,ACC008180,0,0.0
zborah181@paytm,1,ACC008181,0,0.0
jsaha36@paytm,1,ACC008182,0,0.0
ekavirbera409@okaxis,1,ACC008183,0,0.0
liamdass771@ybl,1,ACC008184,3,144.72
tpanchal367@okhdfcbank,1,ACC008185,1,27.44
korpalekalinga614@okhdfcbank,1,ACC008186,1,40.95
gautambhasin218@paytm,1,ACC008187,0,0.0
auroratanmayi947@ybl,1,ACC008188,4,61.38
kavyasanghvi149@oksbi,1,ACC008189,1,27.67
harinakshi416@okhdfcbank,1,ACC008190,0,0.0
nehakamdar63@okicici,1,ACC008191,0,0.0
pkota681@okhdfcbank,1,ACC008192,2,157.5
omisha87970@oksbi,1,ACC008193,0,0.0
qnarayan105@okaxis,1,ACC008194,3,66.79
krish7211@oksbi,1,ACC008195,1,70.0
wsama307@okaxis,1,ACC008196,1,16.95
ekiya77902@okaxis,1,ACC008197,0,0.0
arya44464@paytm,1,ACC008198,1,16.78
tristan93822@okhdfcbank,1,ACC008199,1,8.75
neha4657@okaxis,1,ACC008200,2,34.3
krout773@okhdfcbank,1,ACC008201,0,0.0
eshanarattan498@okicici,1,ACC008202,0,0.0
sawhneyvyanjana59@ybl,1,ACC008203,0,0.0
sundaramethan614@okaxis,1,ACC008204,0,0.0
ojasvi13161@okaxis,1,ACC008205,0,0.0
qadim91548@paytm,1,ACC008206,0,0.0
quincykapur349@paytm,1,ACC008207,0,0.0
ubika6141@ybl,1,ACC008208,4,177.91
vrinda59850@paytm,1,ACC008209,0,0.0
triya12675@okhdfcbank,1,ACC008210,0,0.0
bsharaf725@paytm,1,ACC008211,0,0.0
pranav01319@ybl,1,ACC008212,1,20.65
peterdhaliwal317@ybl,1,ACC008213,1,40.95
dnagy798@oksbi,1,ACC008214,0,0.0
andravaishnavi814@okaxis,1,ACC008215,0,0.0
wazirdhawan348@okhdfcbank,1,ACC008216,0,0.0
dgrewal473@oksbi,1,ACC008217,1,17.5
priya87318@oksbi,1,ACC008218,2,50.71
xandra701@oksbi,1,ACC008219,0,0.0
ybandi192@oksbi,1,ACC008220,1,27.63
jmemon353@ybl,1,ACC008221,2,78.63
ati9662@okicici,1,ACC008222,1,40.95
eta68426@paytm,1,ACC008223,1,52.5
dalaja72579@paytm,1,ACC008224,2,32.04
tbiswas379@okaxis,1,ACC008225,0,0.0
zzachariah722@paytm,1,ACC008226,3,142.55
ekalinga3174@okhdfcbank,1,ACC008227,0,0.0
shivansh33785@okhdfcbank,1,ACC008228,2,89.23
atiparmar712@okhdfcbank,1,ACC008229,2,260.01
iryagarde524@ybl,1,ACC008230,0,0.0
bordequincy466@paytm,1,ACC008231,1,16.78
nkannan715@ybl,1,ACC008232,0,0.0
daksh51699@okaxis,1,ACC008233,1,10.15
liam20376@oksbi,1,ACC008234,0,0.0
ompushti483@okhdfcbank,1,ACC008235,0,0.0
rayaanyogi753@okicici,1,ACC008236,1,13.65
viraj31472@ybl,1,ACC008237,0,0.0
mitalimannan705@paytm,1,ACC008238,0,0.0
mgala239@okaxis,1,ACC008239,0,0.0
ranganathanfaqid596@okhdfcbank,1,ACC008240,2,83.63
indali1595@okhdfcbank,1,ACC008241,1,29.03
ayaannadkarni838@paytm,1,ACC008242,0,0.0
liamhegde662@okhdfcbank,1,ACC008243,1,35.0
nagizayan798@oksbi,1,ACC008244,4,55.48
garayuvraj148@okhdfcbank,1,ACC008245,2,457.78
eshanawagle744@okicici,1,ACC008246,4,965.25
aradhana63176@okhdfcbank,1,ACC008247,1,67.01
kabir87728@oksbi,1,ACC008248,2,82.33
ronith69617@okicici,1,ACC008249,0,0.0
mandasara557@ybl,1,ACC008250,1,38.13
ngokhale56@paytm,1,ACC008251,0,0.0
ichanda65@paytm,1,ACC008252,2,165.53
apai913@okhdfcbank,1,ACC008253,0,0.0
bobalbrijesh311@oksbi,1,ACC008254,1,18.7
chadadarpan244@okhdfcbank,1,ACC008255,1,17.15
pmohanty831@okicici,1,ACC008256,1,17.15
jeremiah33442@okhdfcbank,1,ACC008257,0,0.0
kashvi565@oksbi,1,ACC008258,0,0.0
tristan39371@okaxis,1,ACC008259,0,0.0
qabil64438@okhdfcbank,1,ACC008260,4,53.85
ekantika44263@ybl,1,ACC008261,1,7.61
sagarpraneel80@okhdfcbank,1,ACC008262,3,148.6
rajikshita264@okicici,1,ACC008263,0,0.0
pavani12952@okicici,1,ACC008264,0,0.0
glalla530@okaxis,1,ACC008265,2,168.33
karpefalguni508@paytm,1,ACC008266,0,0.0
anjaliprasad771@okaxis,1,ACC008267,0,0.0
madhavmutti178@okaxis,1,ACC008268,2,76.98
akshay9620@oksbi,1,ACC008269,4,561.71
yashawini57377@ybl,1,ACC008270,2,71.92
imarandalia240@okhdfcbank,1,ACC008271,1,13.65
pranit28916@oksbi,1,ACC008272,1,657.6
peter3677@ybl,1,ACC008273,2,54.56
omkaarsibal337@okaxis,1,ACC008274,0,0.0
azaan96935@oksbi,1,ACC008275,1,136.5
wbutala935@okhdfcbank,1,ACC008276,0,0.0
hemal24497@okaxis,1,ACC008277,2,112.86
umang67990@okicici,1,ACC008278,0,0.0
zsandhu93@paytm,1,ACC008279,0,0.0
bachittar90717@okaxis,1,ACC008280,2,148.92
smander227@okicici,1,ACC008281,0,0.0
aditya87418@oksbi,1,ACC008282,2,193.27
jeremiahsaha872@okhdfcbank,1,ACC008283,0,0.0
farissaxena968@paytm,1,ACC008284,1,8.4
theodore80512@ybl,1,ACC008285,0,0.0
biswasmanya368@okaxis,1,ACC008286,3,131.6
balakavya493@ybl,1,ACC008287,0,0.0
mnaik898@okhdfcbank,1,ACC008288,0,0.0
fshukla991@okaxis,1,ACC008289,4,228.66
vrinda48814@okhdfcbank,1,ACC008290,1,12.58
varshasem331@okicici,1,ACC008291,1,1.75
bajajfariq324@okaxis,1,ACC008292,0,0.0
prakashmeera823@okicici,1,ACC008293,0,0.0
xraj181@okhdfcbank,1,ACC008294,1,20.65
cmander860@okicici,1,ACC008295,2,22.37
aadhyaagate735@oksbi,1,ACC008296,0,0.0
xraju653@okhdfcbank,1,ACC008297,1,20.65
mandamadhavi911@oksbi,1,ACC008298,1,20.65
falan82733@okicici,1,ACC008299,2,231.68
zarna81494@okaxis,1,ACC008300,1,16.78
benwarjas650@ybl,1,ACC008301,1,63.33
ekajahalder504@okaxis,1,ACC008302,2,34.65
sarnasiya902@ybl,1,ACC008303,0,0.0
georgepadmanabhan234@okicici,1,ACC008304,1,34.28
sanevedhika922@okicici,1,ACC008305,1,13.65
aishani7721@okaxis,1,ACC008306,1,79.1
keerkeya449@oksbi,1,ACC008307,2,37.8
dinwilliam486@oksbi,1,ACC008308,2,22.71
wakeetabora457@oksbi,1,ACC008309,0,0.0
chanakya45945@okicici,1,ACC008310,1,15.75
rajagopalanvamakshi220@okhdfcbank,1,ACC008311,1,45.85
hdube774@okhdfcbank,1,ACC008312,1,105.0
harinakshidutta937@okhdfcbank,1,ACC008313,5,172.34
shahadweta995@ybl,1,ACC008314,1,14.16
dchahal111@ybl,1,ACC008315,5,191.21
qasim36856@oksbi,1,ACC008316,0,0.0
meghanaprashad848@okaxis,1,ACC008317,0,0.0
vrinda52102@okicici,1,ACC008318,1,37.78
qbutala366@okhdfcbank,1,ACC008319,0,0.0
fdey429@okhdfcbank,1,ACC008320,0,0.0
yashawinichoudhury815@ybl,1,ACC008321,0,0.0
aayush92790@ybl,1,ACC008322,3,117.4
nilimapillai796@okicici,1,ACC008323,1,10.15
znanda100@okaxis,1,ACC008324,0,0.0
yachanasampath377@paytm,1,ACC008325,3,70.68
tanvi95465@paytm,1,ACC008326,1,27.44
chatresh88753@oksbi,1,ACC008327,0,0.0
virkakshay793@oksbi,1,ACC008328,0,0.0
chhabranirja480@okicici,1,ACC008329,0,0.0
epau64@okaxis,1,ACC008330,1,45.83
charita60570@paytm,1,ACC008331,1,6.98
gopal18278@okhdfcbank,1,ACC008332,2,146.64
wtrivedi677@okhdfcbank,1,ACC008333,1,8.38
kevinthaker934@ybl,1,ACC008334,1,12.58
charles10190@paytm,1,ACC008335,4,234.48
reyansh0331@paytm,1,ACC008336,1,15.03
rachitagokhale456@paytm,1,ACC008337,2,70.0
ydewan423@okhdfcbank,1,ACC008338,0,0.0
johalupma675@okicici,1,ACC008339,3,62.24
battaabdul690@oksbi,1,ACC008340,6,165.18
saiahuja874@okhdfcbank,1,ACC008341,1,16.78
rajeshri76411@ybl,1,ACC008342,1,30.97
isha82840@okaxis,1,ACC008343,0,0.0
ccontractor56@okaxis,1,ACC008344,0,0.0
tanveerparekh608@paytm,1,ACC008345,0,0.0
bhatnagaraachal519@okaxis,1,ACC008346,0,0.0
saiparsa843@okicici,1,ACC008347,4,106.84
jkalla455@ybl,1,ACC008348,0,0.0
rajeshri46575@oksbi,1,ACC008349,1,74.55
sawhneyomaja668@okaxis,1,ACC008350,0,0.0
daksha09814@okhdfcbank,1,ACC008351,1,111.98
tanish84892@okhdfcbank,1,ACC008352,0,0.0
bariapatrick838@okhdfcbank,1,ACC008353,1,30.45
brinda16851@paytm,1,ACC008354,0,0.0
liamkothari722@oksbi,1,ACC008355,1,79.1
hemal94927@okaxis,1,ACC008356,1,37.78
abhamemon393@ybl,1,ACC008357,3,113.38
grewaldamini851@okhdfcbank,1,ACC008358,4,138.49
riya61149@paytm,1,ACC008359,0,0.0
garima83676@okaxis,1,ACC008360,1,10.15
vdey353@ybl,1,ACC008361,0,0.0
xkapadia589@okhdfcbank,1,ACC008362,1,20.63
kchad35@okicici,1,ACC008363,0,0.0
urvi95859@oksbi,1,ACC008364,1,136.5
talwarnetra564@ybl,1,ACC008365,2,55.28
lucky61544@paytm,1,ACC008366,2,43.4
ranbir63558@okicici,1,ACC008367,0,0.0
nrajan956@ybl,1,ACC008368,0,0.0
chauhansimon536@paytm,1,ACC008369,0,0.0
idikamahal156@okhdfcbank,1,ACC008370,5,203.13
wazirchander295@okaxis,1,ACC008371,1,13.65
aarush61884@okhdfcbank,1,ACC008372,3,157.13
chanakya40214@okicici,1,ACC008373,2,71.92
keya60526@okicici,1,ACC008374,1,35.0
jgupta847@okaxis,1,ACC008375,0,0.0
janakikhosla754@paytm,1,ACC008376,0,0.0
chakradharhora886@okaxis,1,ACC008377,0,0.0
samuel22722@okicici,1,ACC008378,0,0.0
naksh4924@ybl,1,ACC008379,1,109.18
bzacharia646@paytm,1,ACC008380,1,37.78
jananiramanathan748@oksbi,1,ACC008381,0,0.0
golemadhavi366@okicici,1,ACC008382,2,40.93
grewaljason196@oksbi,1,ACC008383,2,196.7
xaviermani187@paytm,1,ACC008384,2,86.8
kashish87916@okhdfcbank,1,ACC008385,1,46.55
prisha84694@okhdfcbank,1,ACC008386,1,70.35
gsavant506@okaxis,1,ACC008387,1,58.1
rishivyas212@okicici,1,ACC008388,0,0.0
twable374@okhdfcbank,1,ACC008389,1,20.65
isavant830@okicici,1,ACC008390,0,0.0
gauri42572@oksbi,1,ACC008391,1,46.44
zmangal90@oksbi,1,ACC008392,0,0.0
khalsafalguni325@okhdfcbank,1,ACC008393,0,0.0
ndas432@ybl,1,ACC008394,1,17.5
dkhurana740@okicici,1,ACC008395,0,0.0
psrinivasan202@oksbi,1,ACC008396,3,94.15
msarkar697@paytm,1,ACC008397,2,138.95
raotimothy717@paytm,1,ACC008398,1,4.57
loganroy236@okicici,1,ACC008399,1,3.5
shahwarinder341@paytm,1,ACC008400,3,124.93
wriddhishbuch326@paytm,1,ACC008401,1,37.78
qabil58114@okicici,1,ACC008402,1,73.48
asaran834@okicici,1,ACC008403,0,0.0
bishakha35817@okicici,1,ACC008404,0,0.0
faraj07644@okaxis,1,ACC008405,0,0.0
gmody891@okhdfcbank,1,ACC008406,1,20.65
falangandhi952@ybl,1,ACC008407,1,151.55
thomas81114@ybl,1,ACC008408,0,0.0
siya43793@okaxis,1,ACC008409,3,113.73
vaishnavidixit122@paytm,1,ACC008410,3,130.16
nisha75593@ybl,1,ACC008411,1,11.9
kapadiaradha37@okhdfcbank,1,ACC008412,1,35.0
mason80114@okaxis,1,ACC008413,2,99.75
viswanathanamara841@oksbi,1,ACC008414,0,0.0
wbalakrishnan362@paytm,1,ACC008415,2,109.2
harinakshideep612@paytm,1,ACC008416,0,0.0
gulatibalvan777@oksbi,1,ACC008417,0,0.0
aryamangal598@oksbi,1,ACC008418,3,98.68
abdul90188@ybl,1,ACC008419,2,32.53
ranbir70720@okaxis,1,ACC008420,1,70.0
vkonda282@okicici,1,ACC008421,0,0.0
michaelchand598@okicici,1,ACC008422,1,17.15
bbora376@oksbi,1,ACC008423,1,20.65
zayyanmall280@okicici,1,ACC008424,1,17.5
dayamai25836@ybl,1,ACC008425,0,0.0
pmenon728@okhdfcbank,1,ACC008426,1,121.85
nathanielchoudhary461@okicici,1,ACC008427,0,0.0
gayathri80655@okhdfcbank,1,ACC008428,0,0.0
kramachandran880@paytm,1,ACC008429,1,20.65
sanghasaumya231@ybl,1,ACC008430,1,18.89
indrajitchander925@okaxis,1,ACC008431,5,110.56
hsheth101@okaxis,1,ACC008432,0,0.0
kavya3868@okicici,1,ACC008433,0,0.0
faqid52138@ybl,1,ACC008434,1,59.85
rdugal324@oksbi,1,ACC008435,4,177.41
ekapad44809@oksbi,1,ACC008436,1,70.0
anthony04312@okhdfcbank,1,ACC008437,0,0.0
lnagarajan464@okhdfcbank,1,ACC008438,1,10.32
mistryvihaan513@okicici,1,ACC008439,2,108.48
rachit17386@okaxis,1,ACC008440,5,283.77
gagan04932@oksbi,1,ACC008441,1,17.5
ajaggi912@okhdfcbank,1,ACC008442,1,127.75
ckrishnamurthy143@ybl,1,ACC008443,0,0.0
lankadarsh567@oksbi,1,ACC008444,0,0.0
chatterjeelaban842@ybl,1,ACC008445,2,51.1
mitesh27767@okicici,1,ACC008446,0,0.0
oagate281@okhdfcbank,1,ACC008447,4,142.74
vivaan21573@oksbi,1,ACC008448,1,22.4
wahab68515@oksbi,1,ACC008449,2,75.56
amrutaloke941@okaxis,1,ACC008450,1,70.0
yanand857@oksbi,1,ACC008451,3,91.24
kamala2317@okicici,1,ACC008452,3,229.04
lokehamsini851@paytm,1,ACC008453,1,117.25
tanaydubey112@oksbi,1,ACC008454,2,308.68
daniel35706@okhdfcbank,1,ACC008455,2,68.56
fmisra52@okaxis,1,ACC008456,2,130.2
onisetty52@okicici,1,ACC008457,1,20.28
nchana621@ybl,1,ACC008458,0,0.0
ssha867@ybl,1,ACC008459,1,8.75
niharikamandal33@paytm,1,ACC008460,1,40.95
chamelikannan916@okhdfcbank,1,ACC008461,0,0.0
jagratisrivastava121@oksbi,1,ACC008462,1,79.1
krishnanzaid563@paytm,1,ACC008463,2,163.28
zprashad42@paytm,1,ACC008464,3,169.18
jasmit15233@okaxis,1,ACC008465,2,122.85
tdutta31@okaxis,1,ACC008466,1,52.48
hiral50144@ybl,1,ACC008467,0,0.0
yauvani3835@paytm,1,ACC008468,1,9.08
xguha104@ybl,1,ACC008469,0,0.0
turvi27319@paytm,1,ACC008470,2,80.48
bhatnagarumang851@okaxis,1,ACC008471,0,0.0
jagviramachandran830@okhdfcbank,1,ACC008472,2,93.62
niteshchaudhuri881@ybl,1,ACC008473,2,84.33
tcheema395@okaxis,1,ACC008474,1,7.0
azad83880@ybl,1,ACC008475,0,0.0
nsahota384@okicici,1,ACC008476,2,88.51
sachdevnidra88@okaxis,1,ACC008477,2,601.96
alkatiwari854@okaxis,1,ACC008478,3,208.07
kamya55335@paytm,1,ACC008479,1,79.1
arunimadugar308@oksbi,1,ACC008480,0,0.0
andraazad22@oksbi,1,ACC008481,3,152.6
dhillonchandran42@okaxis,1,ACC008482,1,37.78
dominicbuch829@okicici,1,ACC008483,0,0.0
kgour704@okhdfcbank,1,ACC008484,0,0.0
vidhi73561@okhdfcbank,1,ACC008485,1,0.31
nlanka560@okicici,1,ACC008486,0,0.0
gokhalereva944@okaxis,1,ACC008487,1,228.88
kamalasama775@okhdfcbank,1,ACC008488,0,0.0
tanish4757@okhdfcbank,1,ACC008489,1,15.4
dugarbimala220@paytm,1,ACC008490,2,51.78
maanavwalia499@okicici,1,ACC008491,1,37.45
tarachana579@okicici,1,ACC008492,1,30.78
balendrakaur422@paytm,1,ACC008493,5,262.17
jzachariah199@okhdfcbank,1,ACC008494,1,19.49
bajajbimala918@oksbi,1,ACC008495,0,0.0
shanethan67@okicici,1,ACC008496,0,0.0
vivaankrishnan390@okicici,1,ACC008497,2,58.74
tristanmahajan816@okhdfcbank,1,ACC008498,3,97.98
lwadhwa730@okhdfcbank,1,ACC008499,0,0.0
harish69100@okaxis,1,ACC008500,3,81.18
radha14670@oksbi,1,ACC008501,1,98.0
chatreshsahota742@ybl,1,ACC008502,1,79.1
ssama935@paytm,1,ACC008503,4,178.11
jatindugar128@ybl,1,ACC008504,1,113.05
srivastavaneha199@okaxis,1,ACC008505,5,157.11
agastya31989@okaxis,1,ACC008506,1,37.08
upkaarkhurana416@okaxis,1,ACC008507,2,58.78
biswasaishani153@okicici,1,ACC008508,1,49.35
deolpraneel643@ybl,1,ACC008509,2,13.72
thomasnair203@okicici,1,ACC008510,1,5.63
lvarkey844@oksbi,1,ACC008511,2,24.61
madhavibalasubramanian232@oksbi,1,ACC008512,0,0.0
zpadmanabhan466@oksbi,1,ACC008513,0,0.0
jhalak63926@okhdfcbank,1,ACC008514,1,95.32
ubahl118@ybl,1,ACC008515,2,16.58
fradhakrishnan82@paytm,1,ACC008516,1,10.15
victor88763@ybl,1,ACC008517,2,69.81
sai01439@okicici,1,ACC008518,1,35.0
gagan13211@okaxis,1,ACC008519,3,349.28
doraakshay946@ybl,1,ACC008520,1,39.55
anirudhrout596@okaxis,1,ACC008521,1,37.78
wbasak840@okaxis,1,ACC008522,3,79.06
geetika78332@okaxis,1,ACC008523,1,9.01
chatresh12173@okicici,1,ACC008524,0,0.0
kchandran276@oksbi,1,ACC008525,2,35.0
abumb747@okhdfcbank,1,ACC008526,0,0.0
chandran66900@ybl,1,ACC008527,5,251.61
watika13263@ybl,1,ACC008528,0,0.0
hiralsachdeva825@okaxis,1,ACC008529,0,0.0
timothybava186@ybl,1,ACC008530,2,102.18
harininarasimhan696@oksbi,1,ACC008531,0,0.0
singhmanan193@okaxis,1,ACC008532,2,30.1
gaurangi45929@oksbi,1,ACC008533,0,0.0
vincent90529@paytm,1,ACC008534,2,20.65
hkadakia870@okaxis,1,ACC008535,2,81.53
ktoor221@okhdfcbank,1,ACC008536,0,0.0
onarayanan67@ybl,1,ACC008537,3,59.14
korpalpooja96@oksbi,1,ACC008538,0,0.0
tmistry872@ybl,1,ACC008539,1,122.66
rachitseshadri975@ybl,1,ACC008540,0,0.0
ikshita46654@oksbi,1,ACC008541,1,88.18
xdave453@okhdfcbank,1,ACC008542,3,152.6
elijahkala159@okhdfcbank,1,ACC008543,1,18.53
zarna28654@okaxis,1,ACC008544,5,242.31
tanay79908@ybl,1,ACC008545,1,20.28
ranbirmurty937@oksbi,1,ACC008546,1,12.58
gabriel39363@okicici,1,ACC008547,2,83.27
zreddy467@okaxis,1,ACC008548,0,0.0
mugdha9012@ybl,1,ACC008549,0,0.0
lavanyamurthy345@okhdfcbank,1,ACC008550,0,0.0
gangulyvedika804@okicici,1,ACC008551,0,0.0
ekalingashere723@okhdfcbank,1,ACC008552,1,109.18
wbasu630@paytm,1,ACC008553,0,0.0
raghav6431@oksbi,1,ACC008554,0,0.0
handamohini426@okaxis,1,ACC008555,0,0.0
joshibalvan706@okaxis,1,ACC008556,1,57.03
nvarghese558@oksbi,1,ACC008557,1,49.0
chanakyaravel855@okicici,1,ACC008558,0,0.0
padmanabhanabdul219@paytm,1,ACC008559,4,97.45
vasalogan219@paytm,1,ACC008560,1,35.0
oyadav550@okhdfcbank,1,ACC008561,3,291.55
hritik35626@okaxis,1,ACC008562,0,0.0
nandinijha396@paytm,1,ACC008563,0,0.0
frege2@okicici,1,ACC008564,0,0.0
mukhopadhyaysudiksha901@ybl,1,ACC008565,1,37.78
naveenben915@okhdfcbank,1,ACC008566,0,0.0
shuklaharshil84@okhdfcbank,1,ACC008567,0,0.0
gardechaitanya721@ybl,1,ACC008568,0,0.0
zachariahjalsa514@ybl,1,ACC008569,1,157.5
bkonda983@okhdfcbank,1,ACC008570,0,0.0
anyaraju329@okaxis,1,ACC008571,1,98.0
ekalingakant896@okhdfcbank,1,ACC008572,0,0.0
bhavika05959@okhdfcbank,1,ACC008573,0,0.0
mohammed83120@paytm,1,ACC008574,2,21.18
chaudhurivamakshi25@paytm,1,ACC008575,5,255.82
raksha04803@paytm,1,ACC008576,3,217.0
sandalpeter389@okhdfcbank,1,ACC008577,3,93.1
sdevi49@oksbi,1,ACC008578,0,0.0
forumbiswas56@okaxis,1,ACC008579,2,45.83
samarthsahni327@oksbi,1,ACC008580,0,0.0
xhayre485@ybl,1,ACC008581,3,108.5
zehaansheth1@okhdfcbank,1,ACC008582,1,74.55
qadimkadakia536@okaxis,1,ACC008583,2,232.03
yahvirai924@paytm,1,ACC008584,0,0.0
yochanababu889@okaxis,1,ACC008585,3,61.72
epanchal127@ybl,1,ACC008586,1,10.83
naksh79861@okhdfcbank,1,ACC008587,0,0.0
gangasavant262@ybl,1,ACC008588,1,79.1
xsaraf812@ybl,1,ACC008589,0,0.0
azad72937@okhdfcbank,1,ACC008590,0,0.0
dadaneha897@okhdfcbank,1,ACC008591,2,193.53
khatriyoshita271@okaxis,1,ACC008592,1,20.65
sarrafgautami148@okicici,1,ACC008593,0,0.0
orinder0321@okaxis,1,ACC008594,1,73.48
isaiah92286@okhdfcbank,1,ACC008595,0,0.0
rudrachopra594@okhdfcbank,1,ACC008596,0,0.0
victor82855@ybl,1,ACC008597,4,51.74
sidhubahadurjit942@okicici,1,ACC008598,1,109.18
amarareddy837@ybl,1,ACC008599,0,0.0
chanchalpuri842@ybl,1,ACC008600,2,54.25
yashvi9820@okicici,1,ACC008601,0,0.0
bishakhamurty178@paytm,1,ACC008602,0,0.0
goelmegha8@paytm,1,ACC008603,2,55.65
agastya7619@ybl,1,ACC008604,1,17.5
michaelkhanna790@okhdfcbank,1,ACC008605,3,110.77
fdhaliwal776@okicici,1,ACC008606,1,70.0
ptara472@ybl,1,ACC008607,0,0.0
sridharadvaith515@okaxis,1,ACC008608,1,26.25
pandyasanaya132@oksbi,1,ACC008609,1,126.68
sarthakbawa266@okicici,1,ACC008610,2,91.68
acharyayagnesh587@oksbi,1,ACC008611,1,10.15
tripti80364@ybl,1,ACC008612,2,41.63
ekaraj98159@okhdfcbank,1,ACC008613,0,0.0
adada345@paytm,1,ACC008614,1,115.5
oissac544@paytm,1,ACC008615,0,0.0
sainitripti282@paytm,1,ACC008616,1,17.15
ugade529@okicici,1,ACC008617,1,908.23
hkannan778@paytm,1,ACC008618,0,0.0
timothybrahmbhatt493@oksbi,1,ACC008619,1,20.28
mukhopadhyaydominic339@okicici,1,ACC008620,2,48.63
chanderbhavna834@okaxis,1,ACC008621,1,10.5
bhavaniseth493@okhdfcbank,1,ACC008622,0,0.0
mitalfaras566@okhdfcbank,1,ACC008623,4,84.33
srao599@okaxis,1,ACC008624,1,20.28
dugalwazir327@ybl,1,ACC008625,1,4.31
haggarwal330@oksbi,1,ACC008626,1,52.5
xdugar793@ybl,1,ACC008627,0,0.0
dhritichaudry630@paytm,1,ACC008628,0,0.0
ayushman67884@ybl,1,ACC008629,3,51.73
patrickrana556@ybl,1,ACC008630,1,32.2
mohinisahota480@okhdfcbank,1,ACC008631,0,0.0
bhavika75842@ybl,1,ACC008632,1,17.5
badamidipta35@okicici,1,ACC008633,0,0.0
wmanda598@okicici,1,ACC008634,0,0.0
pandyayashawini781@oksbi,1,ACC008635,1,13.65
msharaf930@oksbi,1,ACC008636,1,20.63
yuvrajkata321@okhdfcbank,1,ACC008637,1,12.77
devika89125@okaxis,1,ACC008638,6,432.89
ubikapall448@okicici,1,ACC008639,1,74.88
bhargavalajita356@okaxis,1,ACC008640,1,382.2
dkalita115@ybl,1,ACC008641,0,0.0
rushilpillay53@okhdfcbank,1,ACC008642,1,15.75
hitesh84219@ybl,1,ACC008643,3,87.46
balajackson249@okicici,1,ACC008644,3,41.65
eesha51638@paytm,1,ACC008645,0,0.0
swamygaurangi782@oksbi,1,ACC008646,2,92.38
nakul48534@okhdfcbank,1,ACC008647,0,0.0
dorarajata348@okicici,1,ACC008648,1,37.78
hemangini15498@ybl,1,ACC008649,1,232.4
irya08477@oksbi,1,ACC008650,0,0.0
ibora349@okicici,1,ACC008651,3,39.88
tbaria295@oksbi,1,ACC008652,1,7.0
dakshhanda970@ybl,1,ACC008653,3,169.75
aarini46794@okicici,1,ACC008654,3,91.83
yashodharatandon124@okaxis,1,ACC008655,1,62.98
ysharaf435@okaxis,1,ACC008656,2,75.56
cchokshi392@oksbi,1,ACC008657,2,32.88
aarushpathak878@oksbi,1,ACC008658,2,43.19
ira76633@okicici,1,ACC008659,0,0.0
atalwar274@ybl,1,ACC008660,4,80.51
farasdutta802@okhdfcbank,1,ACC008661,2,140.7
wazir46690@paytm,1,ACC008662,1,37.78
udarsh49140@okaxis,1,ACC008663,0,0.0
lalavedhika976@oksbi,1,ACC008664,0,0.0
praja663@okicici,1,ACC008665,4,713.83
michaelsathe721@okaxis,1,ACC008666,1,16.78
zwable548@paytm,1,ACC008667,0,0.0
uprabhakar891@oksbi,1,ACC008668,1,8.37
swamydamyanti197@paytm,1,ACC008669,3,98.17
choudhuryalka751@ybl,1,ACC008670,0,0.0
muttiwaida552@okicici,1,ACC008671,2,111.26
amol95962@okicici,1,ACC008672,0,0.0
ishaan01625@oksbi,1,ACC008673,0,0.0
jalsamody754@okicici,1,ACC008674,0,0.0
cbala556@okhdfcbank,1,ACC008675,1,20.65
pushti59218@ybl,1,ACC008676,0,0.0
jagvi76844@paytm,1,ACC008677,1,37.78
bhavanikuruvilla614@oksbi,1,ACC008678,1,9.08
qasim03229@oksbi,1,ACC008679,1,9.08
maanav52959@oksbi,1,ACC008680,2,33.92
dugarzinal978@paytm,1,ACC008681,0,0.0
pranav82994@okicici,1,ACC008682,1,37.97
krisha15477@okhdfcbank,1,ACC008683,0,0.0
varsha74893@paytm,1,ACC008684,0,0.0
ramaeshana83@okhdfcbank,1,ACC008685,1,17.5
tbhardwaj102@okicici,1,ACC008686,1,39.53
ichakrabarti936@okicici,1,ACC008687,0,0.0
janakisama361@okaxis,1,ACC008688,1,22.92
aanne456@okaxis,1,ACC008689,1,59.85
ethanpuri770@okaxis,1,ACC008690,1,37.78
bainswyatt447@okicici,1,ACC008691,1,73.48
omaja31589@oksbi,1,ACC008692,0,0.0
aashi08531@paytm,1,ACC008693,2,89.24
nkarpe141@okaxis,1,ACC008694,2,78.73
opatla703@oksbi,1,ACC008695,0,0.0
ishanvi98128@okicici,1,ACC008696,2,158.96
bhanumati03353@okaxis,1,ACC008697,0,0.0
gsingh297@ybl,1,ACC008698,1,20.28
emody870@okicici,1,ACC008699,2,22.03
narayananjagat325@okaxis,1,ACC008700,0,0.0
sarinanjali804@okhdfcbank,1,ACC008701,3,126.33
pradhanchaitaly455@okhdfcbank,1,ACC008702,0,0.0
baralkrishna706@oksbi,1,ACC008703,2,114.1
nicholas3860@paytm,1,ACC008704,0,0.0
nirja45576@oksbi,1,ACC008705,1,31.89
ekant252@okhdfcbank,1,ACC008706,1,40.95
ssankar163@okhdfcbank,1,ACC008707,2,39.35
gauri06619@okaxis,1,ACC008708,1,35.0
balirachita505@okicici,1,ACC008709,2,75.23
ijaya7971@okicici,1,ACC008710,0,0.0
auroradhriti585@paytm,1,ACC008711,5,134.2
leela88560@paytm,1,ACC008712,0,0.0
upmapradhan245@oksbi,1,ACC008713,1,35.0
nakulmitter279@okaxis,1,ACC008714,0,0.0
xkhalsa686@okaxis,1,ACC008715,4,106.47
bpanchal626@okhdfcbank,1,ACC008716,0,0.0
hsaxena428@okicici,1,ACC008717,0,0.0
warhirandhawa334@okhdfcbank,1,ACC008718,0,0.0
rajaumang383@okicici,1,ACC008719,1,29.75
wdugar442@ybl,1,ACC008720,1,9.24
abdulcheema51@okicici,1,ACC008721,2,64.03
gabaanjali979@okaxis,1,ACC008722,1,52.48
ekta079@paytm,1,ACC008723,3,399.31
pdalia469@oksbi,1,ACC008724,1,105.0
umang97409@okaxis,1,ACC008725,1,9.1
bthaman330@okicici,1,ACC008726,5,459.31
xalaknayar610@ybl,1,ACC008727,1,40.95
goelorinder877@ybl,1,ACC008728,0,0.0
ayushmanbhatnagar10@paytm,1,ACC008729,0,0.0
bhatiachandresh990@ybl,1,ACC008730,1,98.0
dbehl194@paytm,1,ACC008731,1,17.5
warriormohini851@paytm,1,ACC008732,3,74.55
jagdishdash311@okhdfcbank,1,ACC008733,2,31.83
bakhshide467@oksbi,1,ACC008734,3,207.53
fariqdeshpande303@ybl,1,ACC008735,1,10.15
pallwahab485@ybl,1,ACC008736,3,42.83
prishakala15@oksbi,1,ACC008737,0,0.0
harivyanjana224@okicici,1,ACC008738,4,173.05
mbhakta977@ybl,1,ACC008739,2,20.53
anagy862@ybl,1,ACC008740,2,56.38
bhardwajyagnesh729@okhdfcbank,1,ACC008741,1,14.53
rohanbatta429@oksbi,1,ACC008742,0,0.0
shethaishani787@ybl,1,ACC008743,0,0.0
lopa16658@okaxis,1,ACC008744,4,168.52
ubansal473@oksbi,1,ACC008745,0,0.0
khoslabishakha524@okicici,1,ACC008746,1,38.13
bainsisaac461@okaxis,1,ACC008747,0,0.0
ayushman92764@okhdfcbank,1,ACC008748,2,26.58
ahujanicholas382@okicici,1,ACC008749,4,78.74
sarthaksabharwal481@ybl,1,ACC008750,4,73.96
bhavya06767@okicici,1,ACC008751,0,0.0
tkothari9@okaxis,1,ACC008752,2,93.95
banerjeetanveer126@oksbi,1,ACC008753,2,79.64
zayyan37269@okaxis,1,ACC008754,0,0.0
aryadaksha55@ybl,1,ACC008755,2,90.63
yshetty983@oksbi,1,ACC008756,1,37.78
kuruvillajack372@okaxis,1,ACC008757,1,11.63
aarush91632@paytm,1,ACC008758,0,0.0
girik12222@oksbi,1,ACC008759,1,7.32
lakshit20207@paytm,1,ACC008760,0,0.0
janyabhat633@oksbi,1,ACC008761,1,8.75
yashsabharwal544@oksbi,1,ACC008762,1,37.78
parikhomisha753@okaxis,1,ACC008763,2,57.73
arunima30397@oksbi,1,ACC008764,0,0.0
mbahri38@okicici,1,ACC008765,0,0.0
radhikanaidu661@paytm,1,ACC008766,0,0.0
deabdul676@okaxis,1,ACC008767,0,0.0
panini42955@ybl,1,ACC008768,0,0.0
sudikshabalay461@okaxis,1,ACC008769,0,0.0
vanya37967@okicici,1,ACC008770,2,20.06
ekantaprakash1@paytm,1,ACC008771,5,88.86
dlata959@oksbi,1,ACC008772,3,72.43
anika29808@okhdfcbank,1,ACC008773,0,0.0
qabil47176@ybl,1,ACC008774,1,2.37
lhayre348@oksbi,1,ACC008775,1,23.78
yochana25686@ybl,1,ACC008776,1,37.78
tmanne282@okaxis,1,ACC008777,1,7.0
wishi96821@okhdfcbank,1,ACC008778,0,0.0
triptichowdhury882@okaxis,1,ACC008779,0,0.0
raghavgokhale87@okicici,1,ACC008780,0,0.0
gardeharita858@okhdfcbank,1,ACC008781,0,0.0
qdutta882@ybl,1,ACC008782,2,80.13
daniadya718@okicici,1,ACC008783,4,208.21
harrisonaggarwal518@okhdfcbank,1,ACC008784,0,0.0
umitter56@ybl,1,ACC008785,1,11.9
chopraekavir882@paytm,1,ACC008786,0,0.0
farhan53175@ybl,1,ACC008787,1,20.65
ldayal276@okhdfcbank,1,ACC008788,0,0.0
talwarisaiah524@paytm,1,ACC008789,1,20.65
atwalwriddhish359@ybl,1,ACC008790,1,32.2
qvohra325@okhdfcbank,1,ACC008791,2,29.4
senbenjamin243@paytm,1,ACC008792,1,2.95
madanviraj436@paytm,1,ACC008793,1,44.1
desaimadhav43@oksbi,1,ACC008794,5,185.44
bchowdhury679@ybl,1,ACC008795,0,0.0
srinivasabhimanyu101@okaxis,1,ACC008796,2,189.33
pdutta367@okicici,1,ACC008797,1,28.06
upmapurohit580@okicici,1,ACC008798,0,0.0
buchdalaja189@okaxis,1,ACC008799,3,212.78
faras3450@okicici,1,ACC008800,0,0.0
ybadami57@oksbi,1,ACC008801,5,379.05
vyanjana89682@paytm,1,ACC008802,5,260.88
ekapadhora186@okaxis,1,ACC008803,3,64.4
aadhya83679@paytm,1,ACC008804,1,17.5
mannanadvika619@oksbi,1,ACC008805,0,0.0
bimala91443@okicici,1,ACC008806,0,0.0
wahabreddy498@okaxis,1,ACC008807,0,0.0
perifrado938@okicici,1,ACC008808,2,17.83
anusha06724@okhdfcbank,1,ACC008809,2,30.78
yghosh852@paytm,1,ACC008810,2,33.93
vyanjana65398@ybl,1,ACC008811,0,0.0
tanaykhalsa631@okaxis,1,ACC008812,0,0.0
lvirk554@paytm,1,ACC008813,2,48.61
sehgalurishilla940@okhdfcbank,1,ACC008814,2,57.73
prasadupma230@paytm,1,ACC008815,1,20.65
rudra55608@okicici,1,ACC008816,0,0.0
yahvisanghvi854@ybl,1,ACC008817,1,117.25
fmani399@oksbi,1,ACC008818,0,0.0
faris10943@okhdfcbank,1,ACC008819,0,0.0
shaurya95261@paytm,1,ACC008820,0,0.0
qasim61788@okaxis,1,ACC008821,3,342.63
megha38963@okaxis,1,ACC008822,1,15.57
nayaramruta769@paytm,1,ACC008823,4,107.41
iyermaanav267@paytm,1,ACC008824,0,0.0
jananichaudhuri204@okicici,1,ACC008825,0,0.0
tanvimody879@ybl,1,ACC008826,1,10.15
ubaria87@okhdfcbank,1,ACC008827,0,0.0
farasprakash266@okhdfcbank,1,ACC008828,1,17.5
gautam91916@okicici,1,ACC008829,1,70.68
rshankar229@okhdfcbank,1,ACC008830,0,0.0
abhimanyu34570@okhdfcbank,1,ACC008831,0,0.0
alkadhaliwal274@ybl,1,ACC008832,1,29.73
lkarnik959@oksbi,1,ACC008833,3,71.75
prasadakshay291@paytm,1,ACC008834,3,69.12
hdeep108@okicici,1,ACC008835,0,0.0
granganathan730@ybl,1,ACC008836,1,2.54
upkaariyengar737@okicici,1,ACC008837,5,148.47
wishi6931@okaxis,1,ACC008838,4,95.33
miteshkeer664@ybl,1,ACC008839,1,17.15
pbhattacharyya640@okhdfcbank,1,ACC008840,1,10.5
khannawarinder659@paytm,1,ACC008841,3,124.75
devanshshukla212@okicici,1,ACC008842,0,0.0
qissac639@okicici,1,ACC008843,2,26.8
bariaraksha353@okaxis,1,ACC008844,1,10.15
nakulkapoor661@okicici,1,ACC008845,0,0.0
pdhillon697@okicici,1,ACC008846,3,89.6
mahikabarman976@okaxis,1,ACC008847,0,0.0
anamikapuri448@paytm,1,ACC008848,0,0.0
khoslarachana406@ybl,1,ACC008849,0,0.0
lbarman747@oksbi,1,ACC008850,0,0.0
lallbina787@okhdfcbank,1,ACC008851,3,57.06
pkala550@paytm,1,ACC008852,2,108.83
farhan48727@oksbi,1,ACC008853,4,244.84
oni3144@okicici,1,ACC008854,0,0.0
parth57384@okhdfcbank,1,ACC008855,4,117.14
charita45307@ybl,1,ACC008856,1,62.26
ydeshpande534@okicici,1,ACC008857,4,65.36
raagini09806@okaxis,1,ACC008858,2,52.58
aahanasahota738@okaxis,1,ACC008859,0,0.0
ryadav164@okicici,1,ACC008860,1,20.65
kamdaredhitha501@okicici,1,ACC008861,1,51.1
omya28692@ybl,1,ACC008862,2,104.48
mittalaryan314@okicici,1,ACC008863,0,0.0
ygandhi716@okicici,1,ACC008864,1,17.5
chavvi10222@oksbi,1,ACC008865,2,46.9
karan18426@okhdfcbank,1,ACC008866,0,0.0
anikalala37@paytm,1,ACC008867,0,0.0
shauryagolla52@okicici,1,ACC008868,5,167.28
urmipillai339@okicici,1,ACC008869,1,37.78
nbhatia431@oksbi,1,ACC008870,2,37.78
jatin64524@paytm,1,ACC008871,1,40.95
adeo484@okhdfcbank,1,ACC008872,1,33.95
baradsai61@paytm,1,ACC008873,0,0.0
chaitanyajoshi297@okhdfcbank,1,ACC008874,1,16.45
madhavi59642@okhdfcbank,1,ACC008875,0,0.0
karnikarin592@oksbi,1,ACC008876,1,12.93
dwalla360@ybl,1,ACC008877,2,96.6
nakulhans684@okaxis,1,ACC008878,1,16.78
eta87149@oksbi,1,ACC008879,5,102.43
pillaigautami707@okicici,1,ACC008880,2,117.25
nicholasmann120@okicici,1,ACC008881,1,40.95
psrinivasan783@okaxis,1,ACC008882,4,101.81
xpalla750@oksbi,1,ACC008883,1,17.5
christopher45371@okhdfcbank,1,ACC008884,1,37.78
tmandal165@oksbi,1,ACC008885,0,0.0
dvala990@ybl,1,ACC008886,1,49.35
abdulsaini660@ybl,1,ACC008887,0,0.0
oviyamisra909@ybl,1,ACC008888,3,110.54
duttachaaya263@okhdfcbank,1,ACC008889,1,51.1
finngrover424@oksbi,1,ACC008890,0,0.0
jeevika87449@okhdfcbank,1,ACC008891,0,0.0
banjeetsidhu475@ybl,1,ACC008892,2,46.53
turvi57535@oksbi,1,ACC008893,1,70.0
mayaanand618@okicici,1,ACC008894,2,93.8
qluthra138@paytm,1,ACC008895,1,20.65
mkohli443@okhdfcbank,1,ACC008896,2,24.86
mpandit596@ybl,1,ACC008897,1,26.25
gopalsrinivasan526@paytm,1,ACC008898,2,97.3
ltella162@okicici,1,ACC008899,0,0.0
dmohan761@okaxis,1,ACC008900,0,0.0
dubelibni272@paytm,1,ACC008901,0,0.0
aarnav90700@okhdfcbank,1,ACC008902,1,8.08
rlal279@ybl,1,ACC008903,1,1.57
zinal77789@oksbi,1,ACC008904,2,949.88
isaac1927@ybl,1,ACC008905,2,37.43
tarajohal464@okicici,1,ACC008906,0,0.0
tchopra45@okicici,1,ACC008907,2,89.6
abdul5539@okicici,1,ACC008908,1,52.48
odikadalal891@paytm,1,ACC008909,2,32.53
balapratyush712@paytm,1,ACC008910,0,0.0
oviya44645@okicici,1,ACC008911,3,50.49
ekanshbhakta557@oksbi,1,ACC008912,2,77.35
nachiket98977@okhdfcbank,1,ACC008913,0,0.0
manneojasvi192@paytm,1,ACC008914,2,29.05
gaurangigoda995@ybl,1,ACC008915,3,86.76
ryanagrawal414@paytm,1,ACC008916,2,92.05
raaginipillai896@oksbi,1,ACC008917,3,138.38
ekarajmajumdar737@okicici,1,ACC008918,0,0.0
virkoni572@paytm,1,ACC008919,0,0.0
venkateshoscar469@paytm,1,ACC008920,1,2.33
mukhopadhyaychasmum354@paytm,1,ACC008921,5,218.71
adas198@okaxis,1,ACC008922,3,108.79
urvidubey440@okhdfcbank,1,ACC008923,0,0.0
ssarin159@ybl,1,ACC008924,2,58.78
haritaagarwal951@okicici,1,ACC008925,1,20.65
advik5150@paytm,1,ACC008926,5,184.37
nathanielbhagat908@okicici,1,ACC008927,1,20.28
lucky86832@okicici,1,ACC008928,2,90.98
rbarad588@oksbi,1,ACC008929,0,0.0
upmadeol168@okaxis,1,ACC008930,3,52.76
thomas94202@paytm,1,ACC008931,0,0.0
xavieryohannan230@okhdfcbank,1,ACC008932,0,0.0
girishdhar167@okaxis,1,ACC008933,1,23.97
jeevikagera277@okhdfcbank,1,ACC008934,0,0.0
wsoni225@okicici,1,ACC008935,2,108.11
omani325@ybl,1,ACC008936,1,27.28
aroramahika937@okicici,1,ACC008937,5,169.85
msekhon13@ybl,1,ACC008938,0,0.0
benjaminhegde555@okaxis,1,ACC008939,0,0.0
janaki11945@okicici,1,ACC008940,0,0.0
vermayashica462@okaxis,1,ACC008941,0,0.0
obarman600@ybl,1,ACC008942,2,65.06
akshay03172@okaxis,1,ACC008943,0,0.0
vbains92@okicici,1,ACC008944,4,286.39
wmani130@okicici,1,ACC008945,0,0.0
kbrahmbhatt474@okhdfcbank,1,ACC008946,0,0.0
kallaoliver369@okicici,1,ACC008947,0,0.0
tanveer36455@ybl,1,ACC008948,1,17.5
ladlivarghese205@okhdfcbank,1,ACC008949,0,0.0
udyati82312@okhdfcbank,1,ACC008950,2,40.91
henryboase195@oksbi,1,ACC008951,0,0.0
vidhi885@oksbi,1,ACC008952,0,0.0
ukuruvilla575@paytm,1,ACC008953,0,0.0
wallarachita683@okhdfcbank,1,ACC008954,0,0.0
osetty286@oksbi,1,ACC008955,3,47.31
gbora88@okicici,1,ACC008956,2,579.31
bachittarsuresh411@okaxis,1,ACC008957,5,164.78
hiralpatil784@oksbi,1,ACC008958,0,0.0
pratyushagarwal693@paytm,1,ACC008959,1,117.25
kashish60865@oksbi,1,ACC008960,0,0.0
tdhar484@okhdfcbank,1,ACC008961,2,63.09
oliverdugar419@ybl,1,ACC008962,0,0.0
sanghvigayathri323@oksbi,1,ACC008963,1,25.97
godaoeshi228@okaxis,1,ACC008964,0,0.0
ubhat782@okaxis,1,ACC008965,0,0.0
oshabhatnagar904@okhdfcbank,1,ACC008966,2,86.1
fiyazmann413@okaxis,1,ACC008967,5,147.1
hkapoor763@oksbi,1,ACC008968,1,26.25
bawajairaj390@paytm,1,ACC008969,2,43.4
omittal503@okaxis,1,ACC008970,2,147.35
varenyaandra2@okaxis,1,ACC008971,4,106.38
widishakata111@ybl,1,ACC008972,2,30.8
hansleena551@okaxis,1,ACC008973,0,0.0
fkhare656@paytm,1,ACC008974,0,0.0
basakunnati449@okaxis,1,ACC008975,1,40.95
ekala658@paytm,1,ACC008976,1,7.0
rsaran90@okicici,1,ACC008977,0,0.0
zbuch213@okaxis,1,ACC008978,1,70.0
mnatarajan781@okaxis,1,ACC008979,0,0.0
dalbirbir792@oksbi,1,ACC008980,2,245.0
chandanimisra527@okaxis,1,ACC008981,1,113.05
amara89736@okaxis,1,ACC008982,0,0.0
ojasvikadakia228@okhdfcbank,1,ACC008983,1,20.65
ramanyug190@oksbi,1,ACC008984,0,0.0
hacharya688@okhdfcbank,1,ACC008985,2,38.19
srinivasannetra983@oksbi,1,ACC008986,3,99.38
duajairaj647@oksbi,1,ACC008987,2,132.76
mbala528@oksbi,1,ACC008988,3,85.36
riasaran455@ybl,1,ACC008989,0,0.0
khari865@paytm,1,ACC008990,4,196.35
ttrivedi268@okhdfcbank,1,ACC008991,0,0.0
rajeshribehl783@okhdfcbank,1,ACC008992,2,45.13
chadhredhaan26@okhdfcbank,1,ACC008993,2,39.55
abeer5775@okaxis,1,ACC008994,3,129.12
bariasai370@oksbi,1,ACC008995,1,11.9
ekavir18785@ybl,1,ACC008996,1,12.07
yashodavirk662@ybl,1,ACC008997,1,16.78
omishashere287@oksbi,1,ACC008998,0,0.0
edevi595@okaxis,1,ACC008999,0,0.0
yashoda66678@paytm,1,ACC009000,1,8.75
gchahal96@okhdfcbank,1,ACC009001,3,127.92
jeremiahdate517@ybl,1,ACC009002,0,0.0
pranit44293@paytm,1,ACC009003,0,0.0
ssunder206@okaxis,1,ACC009004,2,65.25
andrew127@ybl,1,ACC009005,1,70.0
revaganguly954@ybl,1,ACC009006,2,35.0
harish75346@okaxis,1,ACC009007,0,0.0
quincybasu840@okhdfcbank,1,ACC009008,0,0.0
tdugar934@oksbi,1,ACC009009,2,107.43
amolhora624@okicici,1,ACC009010,0,0.0
manansuri829@paytm,1,ACC009011,0,0.0
fseshadri152@okicici,1,ACC009012,0,0.0
tellaoliver772@okicici,1,ACC009013,2,26.23
kamya23407@ybl,1,ACC009014,0,0.0
rsethi650@okhdfcbank,1,ACC009015,0,0.0
dbora85@okicici,1,ACC009016,1,52.5
faras46808@ybl,1,ACC009017,0,0.0
idalia402@okhdfcbank,1,ACC009018,0,0.0
chandani70770@oksbi,1,ACC009019,1,140.0
nitarawason50@paytm,1,ACC009020,2,43.75
nchoudhary4@okicici,1,ACC009021,0,0.0
petertank61@paytm,1,ACC009022,0,0.0
xvala547@ybl,1,ACC009023,2,114.41
jagdish45953@okicici,1,ACC009024,4,109.51
gaurikamurty46@okicici,1,ACC009025,1,40.95
umital848@okicici,1,ACC009026,0,0.0
qdeo805@paytm,1,ACC009027,1,24.98
zaurora14@paytm,1,ACC009028,1,40.95
ygill577@okhdfcbank,1,ACC009029,1,10.83
idika4633@paytm,1,ACC009030,0,0.0
sehgalsarthak455@okhdfcbank,1,ACC009031,0,0.0
contractoraarnav756@oksbi,1,ACC009032,0,0.0
manan56738@oksbi,1,ACC009033,1,98.0
max48928@ybl,1,ACC009034,1,73.15
qkurian397@okhdfcbank,1,ACC009035,0,0.0
qabilsankaran606@okhdfcbank,1,ACC009036,0,0.0
agrawalekantika862@paytm,1,ACC009037,0,0.0
tanmayi49640@okicici,1,ACC009038,0,0.0
girindra62862@oksbi,1,ACC009039,0,0.0
ozacharia670@ybl,1,ACC009040,2,58.1
tanvibera773@paytm,1,ACC009041,1,3.56
hariazad811@oksbi,1,ACC009042,5,293.28
gaurang54967@okhdfcbank,1,ACC009043,0,0.0
anay2285@okhdfcbank,1,ACC009044,4,129.65
kashish87936@okaxis,1,ACC009045,0,0.0
farhanbal732@okaxis,1,ACC009046,0,0.0
janakiganesan142@ybl,1,ACC009047,1,13.65
prabhakarcharvi123@okhdfcbank,1,ACC009048,0,0.0
ybumb486@paytm,1,ACC009049,0,0.0
parikhurvi268@oksbi,1,ACC009050,2,644.33
isaac38628@ybl,1,ACC009051,1,37.1
rambhavna544@paytm,1,ACC009052,0,0.0
zayyanshroff184@okhdfcbank,1,ACC009053,0,0.0
soniamruta479@okicici,1,ACC009054,0,0.0
asharaf683@okhdfcbank,1,ACC009055,0,0.0
zloyal884@ybl,1,ACC009056,1,55.98
dakshesh59277@okaxis,1,ACC009057,1,11.18
ksetty630@paytm,1,ACC009058,1,29.03
acharyasaanvi934@okaxis,1,ACC009059,0,0.0
ramaswamypeter392@okaxis,1,ACC009060,1,55.98
jmorar52@okhdfcbank,1,ACC009061,1,145.23
fbath424@ybl,1,ACC009062,0,0.0
waliaoeshi791@paytm,1,ACC009063,3,96.23
patlapooja507@okicici,1,ACC009064,2,72.97
yoshitajain425@ybl,1,ACC009065,0,0.0
lrau815@okaxis,1,ACC009066,0,0.0
fbuch83@okaxis,1,ACC009067,0,0.0
samuel95789@okhdfcbank,1,ACC009068,1,76.98
timothychakrabarti905@ybl,1,ACC009069,1,14.68
gparmar139@oksbi,1,ACC009070,1,11.9
shauryasabharwal407@okaxis,1,ACC009071,1,20.65
omgoyal200@okicici,1,ACC009072,1,74.55
chandranmani79@paytm,1,ACC009073,2,290.48
yashasvi73946@oksbi,1,ACC009074,2,67.99
teerth88461@okaxis,1,ACC009075,0,0.0
aggarwalchandani280@okaxis,1,ACC009076,1,20.65
arajan536@okicici,1,ACC009077,0,0.0
lavanya35347@oksbi,1,ACC009078,2,61.23
nraghavan676@okicici,1,ACC009079,0,0.0
rushilchacko520@oksbi,1,ACC009080,0,0.0
udantdube819@okaxis,1,ACC009081,2,30.8
qdara894@okicici,1,ACC009082,1,109.18
vidhi81425@paytm,1,ACC009083,1,42.33
gulatianamika35@okaxis,1,ACC009084,2,49.35
ishaan44146@oksbi,1,ACC009085,0,0.0
virajbandi826@oksbi,1,ACC009086,4,126.13
charvirandhawa740@okhdfcbank,1,ACC009087,3,59.09
muttiumang318@ybl,1,ACC009088,0,0.0
goyaleshana700@okaxis,1,ACC009089,1,20.28
qasim01818@oksbi,1,ACC009090,2,47.29
tarak99489@okaxis,1,ACC009091,3,85.08
oni84655@paytm,1,ACC009092,2,138.95
dhruvkumer251@okaxis,1,ACC009093,0,0.0
shravyadutt783@oksbi,1,ACC009094,2,132.63
kuruvillayutika600@ybl,1,ACC009095,0,0.0
netrasaran422@okicici,1,ACC009096,0,0.0
utkarsh39878@okaxis,1,ACC009097,2,165.18
pratyushmand118@okhdfcbank,1,ACC009098,0,0.0
lrajan153@paytm,1,ACC009099,0,0.0
bakhshi13242@paytm,1,ACC009100,0,0.0
menonyatin731@okaxis,1,ACC009101,1,96.25
farhansridhar322@okicici,1,ACC009102,0,0.0
modybalveer29@okicici,1,ACC009103,0,0.0
agategavin209@ybl,1,ACC009104,0,0.0
tbose725@oksbi,1,ACC009105,0,0.0
samraijaya103@okaxis,1,ACC009106,4,100.6
yamini55470@okicici,1,ACC009107,0,0.0
sshroff757@oksbi,1,ACC009108,3,78.03
qkapadia410@ybl,1,ACC009109,1,37.78
dyaljatin17@okhdfcbank,1,ACC009110,2,33.16
anthonyvarma935@okaxis,1,ACC009111,1,11.9
isaini78@ybl,1,ACC009112,0,0.0
fradodubey823@paytm,1,ACC009113,0,0.0
qdani639@ybl,1,ACC009114,3,344.05
mukherjeemugdha546@paytm,1,ACC009115,3,130.9
chameli40518@okaxis,1,ACC009116,1,37.78
divanmatthew382@okhdfcbank,1,ACC009117,1,4.18
groveramara72@okaxis,1,ACC009118,5,129.11
uuppal360@oksbi,1,ACC009119,0,0.0
amararamaswamy561@okhdfcbank,1,ACC009120,4,118.28
samarth56144@okicici,1,ACC009121,1,18.53
omyadewan135@okaxis,1,ACC009122,1,40.95
vedikadugal788@oksbi,1,ACC009123,1,16.78
gbir245@ybl,1,ACC009124,1,20.65
nakul17651@ybl,1,ACC009125,0,0.0
osha2130@okicici,1,ACC009126,0,0.0
kamalarai175@okicici,1,ACC009127,1,52.5
falankadakia115@okaxis,1,ACC009128,5,123.33
sulepriya399@ybl,1,ACC009129,0,0.0
jrana546@paytm,1,ACC009130,2,120.05
chakradevshan99@ybl,1,ACC009131,0,0.0
vritti80703@paytm,1,ACC009132,3,159.25
zaitramittal868@ybl,1,ACC009133,1,73.48
ibasu460@oksbi,1,ACC009134,2,75.95
qsen643@oksbi,1,ACC009135,2,32.9
abha29407@okhdfcbank,1,ACC009136,2,66.48
sathvikmishra776@paytm,1,ACC009137,1,10.5
mallyashasvi88@paytm,1,ACC009138,0,0.0
jyotisingh791@okaxis,1,ACC009139,1,10.15
jagvinaidu64@paytm,1,ACC009140,0,0.0
bmane302@ybl,1,ACC009141,3,73.15
tgoel802@oksbi,1,ACC009142,0,0.0
ksami988@oksbi,1,ACC009143,2,44.08
vsen77@okaxis,1,ACC009144,0,0.0
vsekhon348@okaxis,1,ACC009145,0,0.0
ukari493@oksbi,1,ACC009146,3,355.21
keervaishnavi787@ybl,1,ACC009147,1,17.91
ucchal04901@ybl,1,ACC009148,0,0.0
kundaodika730@paytm,1,ACC009149,1,40.95
zehaannarayanan288@okicici,1,ACC009150,1,52.5
ishita12874@okhdfcbank,1,ACC009151,1,162.72
karniktripti17@ybl,1,ACC009152,3,599.02
danibanjeet625@okicici,1,ACC009153,0,0.0
badamiradhika482@ybl,1,ACC009154,0,0.0
yatin13357@oksbi,1,ACC009155,2,100.8
malhotradayamai245@ybl,1,ACC009156,0,0.0
gangakhosla783@ybl,1,ACC009157,0,0.0
baljiwan31693@oksbi,1,ACC009158,1,19.07
reva74991@okaxis,1,ACC009159,3,70.64
samarth83299@okaxis,1,ACC009160,0,0.0
karniksai893@okaxis,1,ACC009161,1,8.4
ekantaagarwal60@ybl,1,ACC009162,5,198.41
wakeetasura843@ybl,1,ACC009163,0,0.0
sai48573@okaxis,1,ACC009164,4,145.91
christopherdani996@okicici,1,ACC009165,0,0.0
purohitekta933@ybl,1,ACC009166,1,26.95
vkhanna295@oksbi,1,ACC009167,6,248.6
triveni44668@paytm,1,ACC009168,0,0.0
chakradev48145@ybl,1,ACC009169,2,131.58
desaihredhaan289@okaxis,1,ACC009170,0,0.0
wmutti167@paytm,1,ACC009171,2,45.87
chowdhuryekantika842@okhdfcbank,1,ACC009172,1,35.0
adityabuch910@okicici,1,ACC009173,0,0.0
ghayer441@oksbi,1,ACC009174,2,114.1
ysinha428@okicici,1,ACC009175,0,0.0
mananmadan499@okicici,1,ACC009176,0,0.0
harinakshi77414@okicici,1,ACC009177,4,99.27
chokshinetra277@paytm,1,ACC009178,2,86.1
qchar83@ybl,1,ACC009179,2,92.05
minhastanmayi518@paytm,1,ACC009180,2,21.0
osastry648@oksbi,1,ACC009181,1,20.65
george24512@paytm,1,ACC009182,1,10.83
kaurvasana917@okicici,1,ACC009183,1,40.95
tristangala844@okicici,1,ACC009184,0,0.0
owen20560@oksbi,1,ACC009185,1,8.75
sai13803@oksbi,1,ACC009186,2,33.24
grajan17@okhdfcbank,1,ACC009187,1,4.16
revawarrior189@ybl,1,ACC009188,1,33.95
jagdishminhas100@okhdfcbank,1,ACC009189,1,8.75
ucchalsundaram913@ybl,1,ACC009190,1,17.5
mitalyamini590@okaxis,1,ACC009191,2,86.62
narainsarthak757@okhdfcbank,1,ACC009192,1,59.85
kallaadvik765@oksbi,1,ACC009193,3,88.55
rkale422@okicici,1,ACC009194,2,99.75
saumyabala83@ybl,1,ACC009195,0,0.0
ekajabobal77@okhdfcbank,1,ACC009196,0,0.0
parikhdarsh513@okaxis,1,ACC009197,0,0.0
balvan38853@paytm,1,ACC009198,1,20.28
wmadan979@okhdfcbank,1,ACC009199,1,8.75
krishnadua82@okicici,1,ACC009200,2,32.86
ayushman38368@okicici,1,ACC009201,1,225.73
vedakar382@okhdfcbank,1,ACC009202,0,0.0
onibadami466@ybl,1,ACC009203,2,150.85
hemangthakur755@okicici,1,ACC009204,0,0.0
xcomar771@oksbi,1,ACC009205,0,0.0
batrachanchal649@okicici,1,ACC009206,0,0.0
yadavi03150@okicici,1,ACC009207,3,45.29
krish3973@okaxis,1,ACC009208,4,80.5
ashanker915@ybl,1,ACC009209,0,0.0
niharikapadmanabhan441@ybl,1,ACC009210,1,43.75
zayyansetty609@okhdfcbank,1,ACC009211,1,11.9
sankardevika858@okhdfcbank,1,ACC009212,1,9.08
vsabharwal680@okaxis,1,ACC009213,0,0.0
girishmann548@okaxis,1,ACC009214,0,0.0
bjohal231@okicici,1,ACC009215,1,40.95
vartynirja561@okicici,1,ACC009216,0,0.0
qbajwa771@oksbi,1,ACC009217,0,0.0
baghyawati67755@ybl,1,ACC009218,1,9.79
baralpeter289@okaxis,1,ACC009219,0,0.0
tseshadri974@ybl,1,ACC009220,1,143.71
pallachanakya153@okicici,1,ACC009221,5,72.58
sanyamorar893@paytm,1,ACC009222,0,0.0
periharini269@paytm,1,ACC009223,1,40.95
forum07435@ybl,1,ACC009224,0,0.0
kshankar872@okhdfcbank,1,ACC009225,0,0.0
daniel53727@oksbi,1,ACC009226,1,27.58
jasmit74617@okaxis,1,ACC009227,1,26.95
lokeqarin773@okaxis,1,ACC009228,3,142.62
shannathaniel290@okhdfcbank,1,ACC009229,0,0.0
yastisalvi10@ybl,1,ACC009230,1,40.25
tanejamadhav868@ybl,1,ACC009231,2,54.16
mahikanigam78@paytm,1,ACC009232,1,7.0
maya47914@okaxis,1,ACC009233,1,105.0
kala90900@okhdfcbank,1,ACC009234,0,0.0
krisha21684@okaxis,1,ACC009235,1,17.15
haritasawhney421@okhdfcbank,1,ACC009236,2,22.38
adityakumer53@oksbi,1,ACC009237,2,32.9
arunimamaster601@oksbi,1,ACC009238,2,46.9
jairajbhavsar137@okaxis,1,ACC009239,0,0.0
upkaarsami976@okicici,1,ACC009240,0,0.0
amara63162@ybl,1,ACC009241,1,79.1
gbanerjee958@ybl,1,ACC009242,1,109.53
sagarwal409@ybl,1,ACC009243,0,0.0
upma06250@okhdfcbank,1,ACC009244,0,0.0
gadeaarna761@oksbi,1,ACC009245,1,40.95
vihaansarna91@paytm,1,ACC009246,0,0.0
bimalasaraf776@paytm,1,ACC009247,0,0.0
dubelakshmi651@okaxis,1,ACC009248,1,37.97
jraghavan587@oksbi,1,ACC009249,0,0.0
yoak837@okhdfcbank,1,ACC009250,1,40.95
quincywagle329@ybl,1,ACC009251,1,17.13
vivaanmagar741@oksbi,1,ACC009252,1,10.83
badamiyuvraj74@okicici,1,ACC009253,0,0.0
abdul97153@okicici,1,ACC009254,1,35.0
orinderchada188@okaxis,1,ACC009255,5,153.61
aram330@okaxis,1,ACC009256,1,35.0
sibalqasim499@oksbi,1,ACC009257,3,56.75
sinhahenry589@okicici,1,ACC009258,0,0.0
manihemani419@okhdfcbank,1,ACC009259,0,0.0
vargheseanjali751@oksbi,1,ACC009260,1,91.0
cmitra166@okhdfcbank,1,ACC009261,0,0.0
kapadiaturvi633@oksbi,1,ACC009262,3,54.22
sandalaadi468@paytm,1,ACC009263,4,94.81
chanakyathakkar848@okaxis,1,ACC009264,0,0.0
lohitghosh121@okhdfcbank,1,ACC009265,1,26.95
goladarika517@paytm,1,ACC009266,3,354.77
umutti104@okicici,1,ACC009267,1,40.95
hemal92522@okhdfcbank,1,ACC009268,0,0.0
jhaveriekta632@paytm,1,ACC009269,0,0.0
kalapatla30@okaxis,1,ACC009270,0,0.0
raagini55232@oksbi,1,ACC009271,1,27.3
wsinha825@okaxis,1,ACC009272,1,40.95
ypandya725@okaxis,1,ACC009273,4,56.89
ishwarsaraf558@paytm,1,ACC009274,2,55.28
rishi91752@okhdfcbank,1,ACC009275,0,0.0
hamsinioak491@oksbi,1,ACC009276,0,0.0
ekaraj29340@paytm,1,ACC009277,1,79.1
ynarang669@ybl,1,ACC009278,0,0.0
virajsachdeva643@oksbi,1,ACC009279,0,0.0
walizayyan124@oksbi,1,ACC009280,1,12.93
balasubramanianjagvi317@okicici,1,ACC009281,1,17.15
zbajwa825@ybl,1,ACC009282,1,40.95
sathviknatarajan908@okhdfcbank,1,ACC009283,2,31.85
jeevikaperi609@ybl,1,ACC009284,0,0.0
golaaradhana793@okicici,1,ACC009285,2,55.2
madhav23278@okicici,1,ACC009286,0,0.0
patlatristan275@ybl,1,ACC009287,0,0.0
jonathansathe426@okicici,1,ACC009288,2,57.03
ridhisant447@paytm,1,ACC009289,0,0.0
johalfalguni761@paytm,1,ACC009290,4,394.6
adeshmukh729@okhdfcbank,1,ACC009291,1,12.07
pallavigour492@okicici,1,ACC009292,3,193.51
ladlakshmi272@okicici,1,ACC009293,0,0.0
viswanathanbalhaar984@paytm,1,ACC009294,0,0.0
solankisamesh716@paytm,1,ACC009295,0,0.0
jmagar526@paytm,1,ACC009296,1,18.9
akshay09430@okaxis,1,ACC009297,1,20.65
ektachaudhary63@paytm,1,ACC009298,0,0.0
anaykeer708@okicici,1,ACC009299,1,14.0
ojas77864@ybl,1,ACC009300,1,5.25
ibajaj629@okaxis,1,ACC009301,2,117.66
taravenkataraman727@okhdfcbank,1,ACC009302,0,0.0
fsahni301@oksbi,1,ACC009303,1,40.95
vaidyayochana250@okicici,1,ACC009304,1,17.5
revakeer84@ybl,1,ACC009305,3,165.9
qghose600@ybl,1,ACC009306,2,20.96
nadkarnijyoti821@ybl,1,ACC009307,1,26.95
harshilthaman476@oksbi,1,ACC009308,2,105.35
shenoyrobert12@okaxis,1,ACC009309,2,37.43
vaishnavi31121@okhdfcbank,1,ACC009310,1,7.0
murtyekta739@okhdfcbank,1,ACC009311,2,25.53
pillayjackson4@oksbi,1,ACC009312,1,73.48
joshikrishna135@ybl,1,ACC009313,1,79.1
karankrisha95@ybl,1,ACC009314,0,0.0
msampath367@paytm,1,ACC009315,2,52.5
arin10563@okhdfcbank,1,ACC009316,4,604.37
ncomar675@okicici,1,ACC009317,0,0.0
leenakapoor271@okicici,1,ACC009318,5,68.04
fzachariah99@oksbi,1,ACC009319,0,0.0
pmunshi517@ybl,1,ACC009320,2,57.38
vedantchhabra756@oksbi,1,ACC009321,1,11.18
aarav28746@paytm,1,ACC009322,1,37.78
sacharya940@okicici,1,ACC009323,1,32.2
osandhu878@ybl,1,ACC009324,1,34.47
unayak754@okicici,1,ACC009325,2,45.9
vasudhamangal612@okicici,1,ACC009326,0,0.0
varmanidra670@ybl,1,ACC009327,0,0.0
ozapatrick866@okhdfcbank,1,ACC009328,2,448.68
boseaashi383@ybl,1,ACC009329,0,0.0
reyanshdave934@okicici,1,ACC009330,0,0.0
yugwadhwa249@paytm,1,ACC009331,0,0.0
xswaminathan16@okaxis,1,ACC009332,1,10.15
fluthra802@okicici,1,ACC009333,0,0.0
dubeyjack59@paytm,1,ACC009334,5,542.85
szachariah932@okhdfcbank,1,ACC009335,1,20.28
paninibansal883@okhdfcbank,1,ACC009336,1,10.9
deepsamarth973@paytm,1,ACC009337,0,0.0
modiurvashi588@ybl,1,ACC009338,0,0.0
pbumb136@okhdfcbank,1,ACC009339,1,11.39
datemohammed766@okicici,1,ACC009340,0,0.0
lekha99509@paytm,1,ACC009341,2,91.33
chatresh13498@paytm,1,ACC009342,0,0.0
unnatianne156@okaxis,1,ACC009343,5,486.47
gaurika69373@okaxis,1,ACC009344,1,152.7
mkrishna399@oksbi,1,ACC009345,2,81.9
ctank635@okicici,1,ACC009346,2,38.15
aaravviswanathan662@ybl,1,ACC009347,3,59.48
wyatt11593@okicici,1,ACC009348,1,20.28
vedika79956@oksbi,1,ACC009349,0,0.0
borahlila301@okicici,1,ACC009350,0,0.0
vinayasrinivas550@oksbi,1,ACC009351,1,35.0
yashvibatta271@oksbi,1,ACC009352,1,15.39
anandmohini384@okhdfcbank,1,ACC009353,0,0.0
bhattacharyyahemal821@paytm,1,ACC009354,0,0.0
madanneelima916@okhdfcbank,1,ACC009355,1,17.5
jackdube908@ybl,1,ACC009356,1,18.02
rehaan03946@okhdfcbank,1,ACC009357,2,75.39
vincentpurohit857@ybl,1,ACC009358,3,193.33
wahabshankar118@ybl,1,ACC009359,0,0.0
oeshi10784@okhdfcbank,1,ACC009360,0,0.0
yashodabalay526@okaxis,1,ACC009361,1,70.0
amaraborah190@paytm,1,ACC009362,0,0.0
bimalathaman672@okhdfcbank,1,ACC009363,2,45.02
hredhaandass30@okhdfcbank,1,ACC009364,1,35.0
chanaisaac600@oksbi,1,ACC009365,0,0.0
zayangour652@okhdfcbank,1,ACC009366,1,8.57
lajita53477@okhdfcbank,1,ACC009367,0,0.0
calebborra542@ybl,1,ACC009368,3,58.06
saumyamani336@okaxis,1,ACC009369,0,0.0
vdhillon174@okhdfcbank,1,ACC009370,1,17.5
dassnidhi522@okhdfcbank,1,ACC009371,0,0.0
rajeshrinatt55@okicici,1,ACC009372,0,0.0
urvashiagate158@oksbi,1,ACC009373,2,501.55
zrandhawa524@paytm,1,ACC009374,1,20.83
vbhatt120@okicici,1,ACC009375,0,0.0
sinhagirindra64@okicici,1,ACC009376,3,139.65
dayamai45569@okhdfcbank,1,ACC009377,0,0.0
samuelnagarajan257@okicici,1,ACC009378,1,35.0
niharika74125@paytm,1,ACC009379,2,26.95
arin19685@ybl,1,ACC009380,0,0.0
henryreddy7@paytm,1,ACC009381,0,0.0
pallrajata290@okaxis,1,ACC009382,0,0.0
labansaraf532@okicici,1,ACC009383,1,87.5
arin42673@okhdfcbank,1,ACC009384,1,17.15
vamakshi51408@paytm,1,ACC009385,0,0.0
pallchakrika595@okaxis,1,ACC009386,0,0.0
igupta616@okhdfcbank,1,ACC009387,0,0.0
ranbirsharma724@paytm,1,ACC009388,0,0.0
rachanamall468@oksbi,1,ACC009389,1,40.95
dbhatti547@okicici,1,ACC009390,0,0.0
advikcontractor336@okaxis,1,ACC009391,0,0.0
omgeorge872@oksbi,1,ACC009392,1,20.28
bariapeter883@okicici,1,ACC009393,0,0.0
karansachi898@okhdfcbank,1,ACC009394,0,0.0
urvashi34341@okhdfcbank,1,ACC009395,0,0.0
ucchalsaxena684@okicici,1,ACC009396,2,637.16
advaith75925@paytm,1,ACC009397,0,0.0
lohitsuri301@paytm,1,ACC009398,3,79.08
akshaypandya77@paytm,1,ACC009399,1,25.53
alexandernarain747@oksbi,1,ACC009400,1,37.78
omaja87436@okhdfcbank,1,ACC009401,1,7.66
kadedayita854@ybl,1,ACC009402,0,0.0
yarora217@okhdfcbank,1,ACC009403,2,78.92
madhavithakur351@ybl,1,ACC009404,1,37.45
lajitaseth5@ybl,1,ACC009405,1,17.15
vivaanshroff382@okicici,1,ACC009406,2,45.83
sachdevlakshit560@ybl,1,ACC009407,0,0.0
ekta8561@okicici,1,ACC009408,2,64.73
csalvi790@oksbi,1,ACC009409,2,19.77
fboase709@ybl,1,ACC009410,0,0.0
bailunni710@okaxis,1,ACC009411,4,174.06
viraj51716@paytm,1,ACC009412,3,234.86
wkade957@okhdfcbank,1,ACC009413,0,0.0
qjain803@okhdfcbank,1,ACC009414,2,59.83
vedhikanair756@okhdfcbank,1,ACC009415,0,0.0
turviseth743@paytm,1,ACC009416,1,8.04
leenachacko291@okhdfcbank,1,ACC009417,1,52.5
hritikdugal871@okhdfcbank,1,ACC009418,0,0.0
jeevika09279@ybl,1,ACC009419,0,0.0
wbains420@paytm,1,ACC009420,1,52.48
bakhshidubey291@oksbi,1,ACC009421,3,1106.88
kevin89748@okaxis,1,ACC009422,1,10.15
guptafitan696@okicici,1,ACC009423,0,0.0
eshanagolla353@okicici,1,ACC009424,4,123.39
manbirbanik71@okhdfcbank,1,ACC009425,1,8.57
ikbal42305@oksbi,1,ACC009426,1,79.1
bendaksha159@paytm,1,ACC009427,1,17.13
yasti45778@ybl,1,ACC009428,0,0.0
watikabadami232@okicici,1,ACC009429,2,124.58
chakrikagera912@oksbi,1,ACC009430,2,32.86
salviazad420@okhdfcbank,1,ACC009431,1,210.0
tpradhan310@ybl,1,ACC009432,0,0.0
vivaan06107@okhdfcbank,1,ACC009433,2,29.71
tnagar51@ybl,1,ACC009434,2,61.95
wakeeta59468@okhdfcbank,1,ACC009435,1,76.3
rachita10792@okhdfcbank,1,ACC009436,0,0.0
xsubramanian517@oksbi,1,ACC009437,0,0.0
ramakrishnanhema897@oksbi,1,ACC009438,0,0.0
lopa61299@okicici,1,ACC009439,1,20.63
kakaraarush895@okicici,1,ACC009440,0,0.0
ridhi87428@ybl,1,ACC009441,0,0.0
neelsen844@ybl,1,ACC009442,1,109.18
clad762@okicici,1,ACC009443,3,85.67
omukhopadhyay914@oksbi,1,ACC009444,1,19.95
darshdash286@oksbi,1,ACC009445,0,0.0
gbhargava471@okicici,1,ACC009446,0,0.0
vnarula815@okaxis,1,ACC009447,0,0.0
saumya31954@ybl,1,ACC009448,0,0.0
rbassi506@paytm,1,ACC009449,0,0.0
battaanay219@paytm,1,ACC009450,4,55.96
soodvedant612@okicici,1,ACC009451,0,0.0
memonharsh490@paytm,1,ACC009452,0,0.0
tejassinghal200@okhdfcbank,1,ACC009453,4,749.68
wbutala715@oksbi,1,ACC009454,2,794.8
ogaba307@okhdfcbank,1,ACC009455,1,4.19
ishanvikhurana618@okhdfcbank,1,ACC009456,0,0.0
qkamdar237@okhdfcbank,1,ACC009457,1,52.67
jalsamane763@paytm,1,ACC009458,4,140.99
sshah502@ybl,1,ACC009459,2,54.93
hsetty675@ybl,1,ACC009460,0,0.0
ranbir08355@ybl,1,ACC009461,1,17.5
mvenkatesh522@ybl,1,ACC009462,0,0.0
nvirk753@ybl,1,ACC009463,0,0.0
nimratwalia587@oksbi,1,ACC009464,0,0.0
hamsini99936@paytm,1,ACC009465,1,40.95
dayamai17279@okicici,1,ACC009466,0,0.0
reyanshbassi976@oksbi,1,ACC009467,1,32.82
tdas713@okaxis,1,ACC009468,0,0.0
bordearjun131@okhdfcbank,1,ACC009469,1,35.0
drajagopalan441@oksbi,1,ACC009470,3,85.69
apteurvashi236@paytm,1,ACC009471,2,100.8
dsolanki464@oksbi,1,ACC009472,1,17.15
jlal565@paytm,1,ACC009473,4,82.01
chora26@paytm,1,ACC009474,1,17.5
aashibala924@ybl,1,ACC009475,0,0.0
pauleela479@okhdfcbank,1,ACC009476,1,35.0
myohannan559@okhdfcbank,1,ACC009477,0,0.0
baljiwan59424@okaxis,1,ACC009478,0,0.0
hemangsuri649@okicici,1,ACC009479,0,0.0
lavanya60652@okicici,1,ACC009480,0,0.0
tanishjhaveri505@ybl,1,ACC009481,1,9.9
bhaktaabdul551@ybl,1,ACC009482,2,106.39
devikabail249@oksbi,1,ACC009483,0,0.0
arin41912@okaxis,1,ACC009484,0,0.0
ekiyaamble431@oksbi,1,ACC009485,0,0.0
abarad233@okhdfcbank,1,ACC009486,2,34.28
jatinsheth304@paytm,1,ACC009487,0,0.0
gautamibatra824@oksbi,1,ACC009488,0,0.0
upma94647@ybl,1,ACC009489,0,0.0
chadrayaan811@ybl,1,ACC009490,0,0.0
dayamaivenkataraman876@ybl,1,ACC009491,1,25.53
alexandermukherjee653@okaxis,1,ACC009492,2,56.97
patricklad877@okhdfcbank,1,ACC009493,0,0.0
lchada516@paytm,1,ACC009494,1,16.78
aarush91675@okaxis,1,ACC009495,1,49.35
ryanbhatti872@ybl,1,ACC009496,0,0.0
nraghavan62@okhdfcbank,1,ACC009497,1,52.48
abhapatil446@okhdfcbank,1,ACC009498,1,20.65
idey668@okhdfcbank,1,ACC009499,0,0.0
upadhritiramesh591@paytm,1,ACC009500,3,656.21
ssaha326@oksbi,1,ACC009501,2,20.98
samraaarnav435@oksbi,1,ACC009502,0,0.0
sagrawal961@ybl,1,ACC009503,0,0.0
sridharekiya240@okhdfcbank,1,ACC009504,1,7.17
daminikarpe335@oksbi,1,ACC009505,1,26.95
pairia950@oksbi,1,ACC009506,0,0.0
upkaarchoudhary958@paytm,1,ACC009507,0,0.0
rajanqabil552@paytm,1,ACC009508,0,0.0
bhavanisur873@paytm,1,ACC009509,0,0.0
fparmar731@paytm,1,ACC009510,4,71.01
ipanchal843@okaxis,1,ACC009511,1,17.5
zkalita68@okaxis,1,ACC009512,2,43.75
wgulati553@okhdfcbank,1,ACC009513,1,4.0
dhriti0933@okhdfcbank,1,ACC009514,4,176.24
krishna4865@okhdfcbank,1,ACC009515,1,9.08
esingh583@okaxis,1,ACC009516,0,0.0
edass335@ybl,1,ACC009517,1,25.88
tpandey593@okicici,1,ACC009518,0,0.0
okumer805@oksbi,1,ACC009519,1,12.58
kabirgrover149@okhdfcbank,1,ACC009520,4,194.56
sahniamaira710@paytm,1,ACC009521,1,34.63
divyaboase997@ybl,1,ACC009522,0,0.0
lohit83699@okaxis,1,ACC009523,1,18.9
hritikkarpe396@okicici,1,ACC009524,0,0.0
hayrejackson532@paytm,1,ACC009525,0,0.0
zvohra291@okicici,1,ACC009526,0,0.0
qdutta583@oksbi,1,ACC009527,1,21.0
pushtianand62@oksbi,1,ACC009528,3,66.72
somanarin178@ybl,1,ACC009529,0,0.0
qghosh843@ybl,1,ACC009530,2,30.78
ibains815@okicici,1,ACC009531,4,113.87
sainineha266@ybl,1,ACC009532,2,91.68
uparekh724@paytm,1,ACC009533,0,0.0
netra00383@paytm,1,ACC009534,1,20.28
singharunima217@ybl,1,ACC009535,5,195.06
ishita23635@okicici,1,ACC009536,1,3.17
harinikamdar666@ybl,1,ACC009537,1,305.53
yatinnanda719@okaxis,1,ACC009538,0,0.0
fganguly920@okaxis,1,ACC009539,3,71.73
jairajmadan399@paytm,1,ACC009540,0,0.0
vyanjanachoudhary322@okicici,1,ACC009541,0,0.0
vritti82450@okhdfcbank,1,ACC009542,1,20.28
lacharya532@oksbi,1,ACC009543,4,201.32
radhika01345@okaxis,1,ACC009544,5,433.23
itandon75@paytm,1,ACC009545,3,69.96
gauri51569@okaxis,1,ACC009546,0,0.0
parthsinha660@oksbi,1,ACC009547,3,54.41
rnarula513@okaxis,1,ACC009548,2,71.03
raocharles364@oksbi,1,ACC009549,0,0.0
zehaanpandey792@paytm,1,ACC009550,0,0.0
gagantoor129@ybl,1,ACC009551,5,175.0
tratta65@okhdfcbank,1,ACC009552,3,76.68
lavanyakothari593@okaxis,1,ACC009553,1,36.39
wahab03379@paytm,1,ACC009554,0,0.0
yastivig667@okicici,1,ACC009555,1,17.15
thamangabriel162@ybl,1,ACC009556,2,226.1
iedwin918@oksbi,1,ACC009557,0,0.0
panininarayanan137@okaxis,1,ACC009558,0,0.0
sampathyashawini370@oksbi,1,ACC009559,1,19.93
joshuabrar574@okaxis,1,ACC009560,0,0.0
omisha97991@okaxis,1,ACC009561,0,0.0
harrisonvora725@ybl,1,ACC009562,0,0.0
hritikkala699@paytm,1,ACC009563,1,81.53
mvarughese738@okaxis,1,ACC009564,0,0.0
pkrishna836@oksbi,1,ACC009565,1,5.72
reva52473@oksbi,1,ACC009566,3,92.03
teerthkhare4@paytm,1,ACC009567,2,97.63
ramangabriel219@paytm,1,ACC009568,1,36.05
farhanbarman26@okicici,1,ACC009569,1,7.35
comardipta429@oksbi,1,ACC009570,1,58.1
wchandra159@okhdfcbank,1,ACC009571,0,0.0
neel05719@paytm,1,ACC009572,0,0.0
paninibarad886@ybl,1,ACC009573,1,20.63
harini56911@okicici,1,ACC009574,2,123.67
rajeshri7742@okaxis,1,ACC009575,0,0.0
neelimadin405@okaxis,1,ACC009576,3,108.81
adyal826@oksbi,1,ACC009577,3,80.82
prasadfrederick396@oksbi,1,ACC009578,0,0.0
krishnamurthyganga62@paytm,1,ACC009579,0,0.0
leelaamble706@ybl,1,ACC009580,2,67.09
gaurang88950@okicici,1,ACC009581,1,152.11
kurianrudra750@okhdfcbank,1,ACC009582,1,11.9
agarwaljeet675@okhdfcbank,1,ACC009583,1,20.65
goswamicaleb737@okicici,1,ACC009584,3,40.95
pallavi36240@okicici,1,ACC009585,1,27.28
rkarpe152@ybl,1,ACC009586,3,100.02
amrutakade519@oksbi,1,ACC009587,4,42.56
lakshmi25191@okicici,1,ACC009588,1,37.78
pram675@okaxis,1,ACC009589,0,0.0
urege634@paytm,1,ACC009590,1,13.65
yashodharalal296@ybl,1,ACC009591,2,55.28
mammenjagvi116@ybl,1,ACC009592,0,0.0
aahanaroy880@okhdfcbank,1,ACC009593,0,0.0
nimrat26148@okhdfcbank,1,ACC009594,1,28.0
balanlohit141@okicici,1,ACC009595,3,152.23
hema0370@ybl,1,ACC009596,2,43.05
chaudharinilima497@paytm,1,ACC009597,1,23.97
upasnamitra923@okicici,1,ACC009598,3,123.53
venkateshkamala851@okicici,1,ACC009599,0,0.0
uram784@okicici,1,ACC009600,1,20.65
thomaschaudhuri261@paytm,1,ACC009601,0,0.0
gulatigavin244@okaxis,1,ACC009602,0,0.0
eiravatitara622@paytm,1,ACC009603,2,57.57
fariq36636@ybl,1,ACC009604,1,5.25
zbarad233@oksbi,1,ACC009605,0,0.0
oanand419@oksbi,1,ACC009606,1,40.95
jsankaran626@okaxis,1,ACC009607,3,31.65
nidramemon831@okaxis,1,ACC009608,0,0.0
balhaar72763@okaxis,1,ACC009609,2,56.82
sridharhitesh79@okhdfcbank,1,ACC009610,0,0.0
kbava5@okaxis,1,ACC009611,0,0.0
sehgalaarnav476@okhdfcbank,1,ACC009612,0,0.0
xbassi780@okaxis,1,ACC009613,1,40.95
garima79833@okhdfcbank,1,ACC009614,1,37.78
ahujagautami912@oksbi,1,ACC009615,1,10.83
qasimsingh191@paytm,1,ACC009616,0,0.0
biryamini924@paytm,1,ACC009617,1,17.5
nimratmandal558@okaxis,1,ACC009618,0,0.0
fitan97319@oksbi,1,ACC009619,2,91.33
valamaanav642@ybl,1,ACC009620,0,0.0
aarush883@ybl,1,ACC009621,2,33.07
zayyanparekh415@okaxis,1,ACC009622,1,23.24
chokshijairaj138@paytm,1,ACC009623,2,67.24
emadan825@oksbi,1,ACC009624,1,18.0
atoor175@okhdfcbank,1,ACC009625,0,0.0
indira30834@okhdfcbank,1,ACC009626,0,0.0
lalajairaj113@paytm,1,ACC009627,1,10.83
yashasvikurian752@oksbi,1,ACC009628,2,29.05
yugkata130@okicici,1,ACC009629,0,0.0
mannpranit667@oksbi,1,ACC009630,1,11.2
triveni31253@okhdfcbank,1,ACC009631,1,20.28
dratti874@paytm,1,ACC009632,0,0.0
parsaishita225@oksbi,1,ACC009633,1,33.95
sehgalchanakya634@paytm,1,ACC009634,0,0.0
dominic16244@oksbi,1,ACC009635,1,10.21
maxchana125@ybl,1,ACC009636,0,0.0
senguptazansi15@oksbi,1,ACC009637,0,0.0
aborde158@okaxis,1,ACC009638,0,0.0
xdugal786@paytm,1,ACC009639,1,3.02
farhansharaf47@okhdfcbank,1,ACC009640,1,117.25
chavvi82639@oksbi,1,ACC009641,2,138.58
gopal18950@paytm,1,ACC009642,4,105.33
falgunihalder322@ybl,1,ACC009643,1,20.65
nprasad336@okhdfcbank,1,ACC009644,1,9.45
neha03900@paytm,1,ACC009645,4,974.73
asalvi443@okhdfcbank,1,ACC009646,0,0.0
dardhriti2@oksbi,1,ACC009647,0,0.0
opillay430@okicici,1,ACC009648,1,20.65
lkibe305@oksbi,1,ACC009649,1,36.56
fsahota411@ybl,1,ACC009650,1,20.63
eganesan175@okhdfcbank,1,ACC009651,0,0.0
ojasvi91552@paytm,1,ACC009652,1,35.0
pavani44837@paytm,1,ACC009653,0,0.0
hnori852@oksbi,1,ACC009654,0,0.0
grewalliam123@ybl,1,ACC009655,1,38.13
widisha25887@ybl,1,ACC009656,3,62.61
bhavsaramaira531@ybl,1,ACC009657,0,0.0
semsamaksh210@okhdfcbank,1,ACC009658,1,103.02
oniborah241@okhdfcbank,1,ACC009659,2,32.53
pillayjasmit821@oksbi,1,ACC009660,1,59.85
chakradhar23815@ybl,1,ACC009661,0,0.0
balabaghyawati379@okhdfcbank,1,ACC009662,3,42.32
chandergarima957@ybl,1,ACC009663,0,0.0
dominic84423@paytm,1,ACC009664,2,20.15
zshanker593@okhdfcbank,1,ACC009665,1,20.28
kumerazaan455@ybl,1,ACC009666,0,0.0
rachana13214@ybl,1,ACC009667,0,0.0
sudiksha81292@ybl,1,ACC009668,1,30.45
michael80417@oksbi,1,ACC009669,0,0.0
sarmadev562@okhdfcbank,1,ACC009670,1,423.48
anjalisubramaniam985@ybl,1,ACC009671,0,0.0
naidusamuel674@okicici,1,ACC009672,0,0.0
zaidkannan624@okhdfcbank,1,ACC009673,1,40.95
subramaniamjanuja270@oksbi,1,ACC009674,4,190.37
tgandhi921@ybl,1,ACC009675,4,317.04
jasmitmohanty679@oksbi,1,ACC009676,4,71.38
agrewal340@okhdfcbank,1,ACC009677,1,37.78
sankargaurika966@paytm,1,ACC009678,2,17.6
varsha97446@ybl,1,ACC009679,0,0.0
vritti75799@okhdfcbank,1,ACC009680,0,0.0
fsrinivasan848@paytm,1,ACC009681,0,0.0
fkanda896@paytm,1,ACC009682,2,186.64
kamyagulati453@okaxis,1,ACC009683,5,189.35
berazaitra583@okaxis,1,ACC009684,0,0.0
uprabhakar535@okhdfcbank,1,ACC009685,0,0.0
dmand25@oksbi,1,ACC009686,1,260.73
zmukherjee238@okaxis,1,ACC009687,2,57.64
edevi341@oksbi,1,ACC009688,1,10.15
hjha954@okaxis,1,ACC009689,0,0.0
jagratiguha877@paytm,1,ACC009690,0,0.0
akshaydutt128@okicici,1,ACC009691,0,0.0
jkurian472@okhdfcbank,1,ACC009692,2,137.9
sai68666@okaxis,1,ACC009693,1,59.85
borahanay412@ybl,1,ACC009694,0,0.0
udant40193@okicici,1,ACC009695,0,0.0
krishrege849@ybl,1,ACC009696,2,44.8
rajaurvashi396@okicici,1,ACC009697,0,0.0
pkanda954@okicici,1,ACC009698,5,90.78
dashfarhan6@paytm,1,ACC009699,1,13.65
garadevansh134@okicici,1,ACC009700,1,121.8
agatezansi672@okaxis,1,ACC009701,0,0.0
arunima99662@paytm,1,ACC009702,1,37.78
lakshmighosh329@oksbi,1,ACC009703,1,40.95
eta90627@okicici,1,ACC009704,4,146.22
raghavanlajita685@ybl,1,ACC009705,0,0.0
vinaya30967@okicici,1,ACC009706,1,30.78
alexander02478@ybl,1,ACC009707,1,28.0
uvala77@okicici,1,ACC009708,2,58.41
sinhaudyati328@okicici,1,ACC009709,3,87.62
nakshbasu28@ybl,1,ACC009710,5,270.18
advikamanda260@paytm,1,ACC009711,1,17.5
nagarupkaar185@okhdfcbank,1,ACC009712,3,47.93
prisha73121@okaxis,1,ACC009713,0,0.0
hemal5710@ybl,1,ACC009714,0,0.0
wableadvay828@paytm,1,ACC009715,1,14.24
harinakshi19884@ybl,1,ACC009716,1,20.28
gopalchand447@okaxis,1,ACC009717,1,17.5
nkumar15@okicici,1,ACC009718,2,61.23
amrutasampath905@okicici,1,ACC009719,1,38.13
eagarwal496@paytm,1,ACC009720,1,17.5
raagini4041@ybl,1,ACC009721,0,0.0
darapeter306@oksbi,1,ACC009722,1,52.67
sgokhale750@paytm,1,ACC009723,1,11.12
azaandhillon847@oksbi,1,ACC009724,0,0.0
gkuruvilla976@oksbi,1,ACC009725,0,0.0
kadakiadevansh281@ybl,1,ACC009726,1,9.88
uvig371@okicici,1,ACC009727,3,113.38
yboase199@ybl,1,ACC009728,3,73.65
ramgirik355@oksbi,1,ACC009729,0,0.0
ikbalbumb720@ybl,1,ACC009730,0,0.0
sudikshakurian93@paytm,1,ACC009731,0,0.0
vbakshi226@okaxis,1,ACC009732,1,33.95
abdulkapadia213@okhdfcbank,1,ACC009733,1,37.78
aadibala442@oksbi,1,ACC009734,5,170.23
wahabbhatti721@ybl,1,ACC009735,2,63.7
farasvig346@okicici,1,ACC009736,1,4.95
charitayohannan351@ybl,1,ACC009737,3,45.18
yashawinipingle551@paytm,1,ACC009738,1,20.63
nayaksaanvi239@okhdfcbank,1,ACC009739,2,40.6
victorzachariah70@okaxis,1,ACC009740,5,275.06
waidaahuja633@okhdfcbank,1,ACC009741,2,61.23
aachalcomar42@oksbi,1,ACC009742,0,0.0
qtalwar759@paytm,1,ACC009743,0,0.0
isami469@oksbi,1,ACC009744,1,16.78
sraja808@okicici,1,ACC009745,1,10.32
daninoah107@oksbi,1,ACC009746,1,7.0
hram400@okaxis,1,ACC009747,0,0.0
amutti758@okicici,1,ACC009748,2,25.61
hmorar645@okhdfcbank,1,ACC009749,3,319.57
pdeshmukh393@okicici,1,ACC009750,1,8.75
anmolshankar938@okhdfcbank,1,ACC009751,0,0.0
yjohal433@okhdfcbank,1,ACC009752,0,0.0
warhi36794@paytm,1,ACC009753,1,16.78
nagarajanchandran370@oksbi,1,ACC009754,1,20.65
leenajaggi186@ybl,1,ACC009755,0,0.0
handaaarini480@okaxis,1,ACC009756,1,70.0
paninihans432@okaxis,1,ACC009757,0,0.0
darsh53309@ybl,1,ACC009758,0,0.0
regeanvi3@paytm,1,ACC009759,0,0.0
ekapaddhar80@okhdfcbank,1,ACC009760,2,87.13
ptank420@ybl,1,ACC009761,1,713.99
tzachariah931@okicici,1,ACC009762,4,114.08
karpranav7@oksbi,1,ACC009763,0,0.0
meerabutala615@okhdfcbank,1,ACC009764,0,0.0
ucchalpingle223@oksbi,1,ACC009765,0,0.0
chanakyasahni514@okhdfcbank,1,ACC009766,1,11.9
ckapadia318@okaxis,1,ACC009767,1,11.88
guneet60542@paytm,1,ACC009768,1,11.88
yashvisingh637@ybl,1,ACC009769,4,213.38
ksodhi202@ybl,1,ACC009770,0,0.0
ekansh93322@okicici,1,ACC009771,1,26.95
nmodi549@okaxis,1,ACC009772,4,153.38
manbirkaran967@okicici,1,ACC009773,0,0.0
adyabutala448@ybl,1,ACC009774,4,128.42
dhingraurmi115@okicici,1,ACC009775,4,81.16
isaacmital273@paytm,1,ACC009776,0,0.0
bariaelijah12@okicici,1,ACC009777,1,12.58
ramsaanvi290@okhdfcbank,1,ACC009778,2,34.28
maanav42669@oksbi,1,ACC009779,4,358.01
gauranginayak832@okaxis,1,ACC009780,2,72.06
smitra204@ybl,1,ACC009781,4,294.67
ranaindali58@okicici,1,ACC009782,1,79.1
sarrafbhavya286@paytm,1,ACC009783,1,18.9
paniniverma769@oksbi,1,ACC009784,0,0.0
neelima88970@okicici,1,ACC009785,1,12.81
shaurya82160@ybl,1,ACC009786,0,0.0
shethazad789@oksbi,1,ACC009787,1,18.4
santdakshesh148@paytm,1,ACC009788,2,67.9
raineel770@okicici,1,ACC009789,0,0.0
nandiniiyengar230@okaxis,1,ACC009790,0,0.0
utkarshbhardwaj420@okaxis,1,ACC009791,1,8.03
tdutta455@oksbi,1,ACC009792,2,264.95
nchaudry813@okicici,1,ACC009793,2,135.08
ksanghvi187@okicici,1,ACC009794,2,56.7
sekhonavi50@ybl,1,ACC009795,2,17.64
kamyasamra543@okhdfcbank,1,ACC009796,0,0.0
nirja30564@okaxis,1,ACC009797,0,0.0
karya844@paytm,1,ACC009798,2,90.28
csarin417@okhdfcbank,1,ACC009799,1,9.41
jsem999@paytm,1,ACC009800,1,20.28
rsaini423@okaxis,1,ACC009801,1,47.23
akohli987@ybl,1,ACC009802,1,109.18
yadavilala938@oksbi,1,ACC009803,0,0.0
manya36924@paytm,1,ACC009804,0,0.0
natarajanaradhana423@okicici,1,ACC009805,2,65.25
yashicakakar927@ybl,1,ACC009806,0,0.0
mekhalaben810@okicici,1,ACC009807,0,0.0
sanya75718@okaxis,1,ACC009808,4,193.51
omrajeshri172@paytm,1,ACC009809,4,140.68
bhargavachanakya505@okaxis,1,ACC009810,2,105.34
santvedhika240@ybl,1,ACC009811,2,68.23
ayushshetty120@okicici,1,ACC009812,0,0.0
wkuruvilla1@okhdfcbank,1,ACC009813,2,37.45
wmani334@paytm,1,ACC009814,0,0.0
kaurgauri16@ybl,1,ACC009815,1,7.0
pantupma830@okicici,1,ACC009816,3,72.06
dhingraaarna311@okaxis,1,ACC009817,1,37.78
sarnadiya207@okhdfcbank,1,ACC009818,0,0.0
champak59643@okicici,1,ACC009819,0,0.0
dugaransh172@ybl,1,ACC009820,2,57.75
saanvi43196@ybl,1,ACC009821,0,0.0
keeroni865@paytm,1,ACC009822,4,238.47
harshilvenkatesh268@ybl,1,ACC009823,0,0.0
okuruvilla407@ybl,1,ACC009824,1,105.0
sarkarnicholas506@okaxis,1,ACC009825,2,90.63
dayita98876@oksbi,1,ACC009826,0,0.0
tejasdutt188@okhdfcbank,1,ACC009827,0,0.0
oeshi47209@okhdfcbank,1,ACC009828,0,0.0
yuvraj25525@okaxis,1,ACC009829,0,0.0
birsanya576@okhdfcbank,1,ACC009830,0,0.0
biswasriya948@okhdfcbank,1,ACC009831,2,70.17
dipta15792@ybl,1,ACC009832,0,0.0
solankicharita323@okhdfcbank,1,ACC009833,0,0.0
uom232@paytm,1,ACC009834,4,98.07
anirudh41170@okaxis,1,ACC009835,2,105.68
osekhon555@okicici,1,ACC009836,5,234.37
bhavanichar284@ybl,1,ACC009837,3,73.85
darikabakshi504@okhdfcbank,1,ACC009838,0,0.0
samesh48945@ybl,1,ACC009839,0,0.0
zkanda784@oksbi,1,ACC009840,0,0.0
gabriel29922@okhdfcbank,1,ACC009841,2,99.03
sanya10908@oksbi,1,ACC009842,2,87.6
pandeyekansh987@ybl,1,ACC009843,1,20.28
om38982@okhdfcbank,1,ACC009844,1,12.58
nigamchakradhar25@okhdfcbank,1,ACC009845,1,36.39
bhandarilaksh389@okaxis,1,ACC009846,2,70.68
teerthprabhu213@paytm,1,ACC009847,2,63.26
bhavini95293@oksbi,1,ACC009848,1,17.5
gourekalinga700@oksbi,1,ACC009849,2,48.98
halderishanvi105@okhdfcbank,1,ACC009850,0,0.0
waidarao168@ybl,1,ACC009851,5,476.31
isrinivasan972@okicici,1,ACC009852,1,22.56
nathan20549@ybl,1,ACC009853,1,12.93
aryavarsha146@okaxis,1,ACC009854,1,179.18
eparmar887@okhdfcbank,1,ACC009855,1,14.68
kalapranit482@paytm,1,ACC009856,0,0.0
dmaharaj257@ybl,1,ACC009857,1,5.25
nadkarnianya246@paytm,1,ACC009858,0,0.0
lilanazareth249@oksbi,1,ACC009859,0,0.0
dhruv76637@ybl,1,ACC009860,1,127.75
umangbandi529@oksbi,1,ACC009861,1,30.78
anya5047@okaxis,1,ACC009862,2,70.33
pallaaarush255@okicici,1,ACC009863,1,29.03
kamala19847@okhdfcbank,1,ACC009864,0,0.0
bina37251@okaxis,1,ACC009865,1,8.75
ikshita87856@ybl,1,ACC009866,0,0.0
sharafhritik52@paytm,1,ACC009867,1,8.57
naveen7620@okaxis,1,ACC009868,1,59.85
oeshimutti415@paytm,1,ACC009869,0,0.0
bahadurjitdesai409@paytm,1,ACC009870,1,20.28
valaabdul464@ybl,1,ACC009871,1,79.1
patelanvi608@paytm,1,ACC009872,2,46.04
ojasdave133@okhdfcbank,1,ACC009873,0,0.0
bumbfalguni504@okhdfcbank,1,ACC009874,1,47.23
vamakshikhosla720@okaxis,1,ACC009875,1,43.75
settyyashodhara785@okaxis,1,ACC009876,1,40.95
anitakaran541@paytm,1,ACC009877,2,58.45
manthansagar376@paytm,1,ACC009878,2,27.12
haldervasudha592@paytm,1,ACC009879,0,0.0
kapurbakhshi57@oksbi,1,ACC009880,1,12.58
kritikachanda276@ybl,1,ACC009881,0,0.0
zayyan73500@paytm,1,ACC009882,0,0.0
nikita9096@okhdfcbank,1,ACC009883,1,26.95
gdevan434@oksbi,1,ACC009884,1,12.93
rgupta690@okhdfcbank,1,ACC009885,1,54.42
sahnivedhika539@okhdfcbank,1,ACC009886,0,0.0
quincybhagat733@oksbi,1,ACC009887,0,0.0
qkunda135@okhdfcbank,1,ACC009888,0,0.0
keerlila991@okicici,1,ACC009889,1,13.65
kotasathvik721@ybl,1,ACC009890,1,16.78
dalajabhavsar807@paytm,1,ACC009891,1,12.25
cgole395@paytm,1,ACC009892,0,0.0
arin09521@oksbi,1,ACC009893,1,40.95
ozayashawini515@oksbi,1,ACC009894,2,166.47
hbahl145@oksbi,1,ACC009895,3,178.46
bailgunbir957@oksbi,1,ACC009896,0,0.0
onkarmalhotra713@okhdfcbank,1,ACC009897,2,58.06
cvyas856@okaxis,1,ACC009898,1,70.0
aoak380@okicici,1,ACC009899,4,120.35
divangautam771@ybl,1,ACC009900,0,0.0
qborah73@oksbi,1,ACC009901,2,37.38
sarrafmitesh907@paytm,1,ACC009902,2,43.03
bosechaman486@ybl,1,ACC009903,1,20.65
lopaiyengar753@okhdfcbank,1,ACC009904,0,0.0
andrewramachandran824@okaxis,1,ACC009905,0,0.0
npau146@ybl,1,ACC009906,2,310.45
choudharytristan129@okhdfcbank,1,ACC009907,5,179.51
gaurisahota567@paytm,1,ACC009908,1,754.93
modyabha616@ybl,1,ACC009909,1,20.65
amblegeetika983@okhdfcbank,1,ACC009910,2,87.32
sarthakkhosla964@oksbi,1,ACC009911,0,0.0
chandersachi801@oksbi,1,ACC009912,1,4.69
daksheshsachar681@okaxis,1,ACC009913,1,79.1
ydeshmukh975@oksbi,1,ACC009914,1,20.63
jananiamble652@okicici,1,ACC009915,1,40.95
hkamdar919@paytm,1,ACC009916,1,8.78
warhichada740@paytm,1,ACC009917,1,40.95
skeer496@oksbi,1,ACC009918,1,49.35
pvala273@oksbi,1,ACC009919,1,38.13
anitagara166@okaxis,1,ACC009920,0,0.0
veersodhi785@ybl,1,ACC009921,0,0.0
harrisonmukhopadhyay458@paytm,1,ACC009922,1,20.65
krishnaprashad842@oksbi,1,ACC009923,2,130.29
farispatil265@ybl,1,ACC009924,0,0.0
siddharth55468@okicici,1,ACC009925,0,0.0
aadhyaborah839@okaxis,1,ACC009926,5,153.96
bathneelima107@okhdfcbank,1,ACC009927,0,0.0
vasanashetty953@okhdfcbank,1,ACC009928,0,0.0
bakhshi43343@okaxis,1,ACC009929,2,26.23
badamiwazir512@okaxis,1,ACC009930,0,0.0
isha87818@paytm,1,ACC009931,1,1.59
ijayaprasad476@paytm,1,ACC009932,0,0.0
mshankar51@paytm,1,ACC009933,1,11.9
ucheema122@okaxis,1,ACC009934,2,136.13
balendra68973@okicici,1,ACC009935,2,58.78
shethamol649@oksbi,1,ACC009936,0,0.0
utkarsh46654@ybl,1,ACC009937,0,0.0
odesai77@oksbi,1,ACC009938,1,35.0
phalder110@okhdfcbank,1,ACC009939,1,105.0
anirudh87774@okhdfcbank,1,ACC009940,1,15.38
vincent06300@okicici,1,ACC009941,1,8.75
oraju677@ybl,1,ACC009942,0,0.0
loyalamrita735@oksbi,1,ACC009943,1,26.25
gchaudry965@paytm,1,ACC009944,1,18.89
ishwarchokshi169@oksbi,1,ACC009945,1,16.61
gaurang46481@ybl,1,ACC009946,1,457.26
pranavshenoy695@okaxis,1,ACC009947,3,104.98
davidsampath123@okhdfcbank,1,ACC009948,0,0.0
ahujakabir590@okicici,1,ACC009949,3,132.98
dkunda747@paytm,1,ACC009950,3,58.79
harrison57268@okaxis,1,ACC009951,5,200.33
tshroff374@oksbi,1,ACC009952,0,0.0
kantdakshesh295@oksbi,1,ACC009953,1,10.83
cdass974@ybl,1,ACC009954,1,35.0
goyalarunima324@okhdfcbank,1,ACC009955,0,0.0
logan57995@okaxis,1,ACC009956,3,48.3
dbhattacharyya132@okhdfcbank,1,ACC009957,0,0.0
palchanakya52@okaxis,1,ACC009958,2,151.18
kramesh663@paytm,1,ACC009959,1,15.4
wmitter581@okaxis,1,ACC009960,2,25.74
ekapadbadami902@paytm,1,ACC009961,3,166.58
dalajawagle137@okaxis,1,ACC009962,2,38.46
balveermukherjee130@okaxis,1,ACC009963,0,0.0
ranveer74656@okaxis,1,ACC009964,3,227.48
sarabedi364@ybl,1,ACC009965,0,0.0
damyantilanka903@ybl,1,ACC009966,0,0.0
jeevika3188@oksbi,1,ACC009967,1,7.0
ganand973@okicici,1,ACC009968,2,178.13
dashwahab774@oksbi,1,ACC009969,1,40.95
masterhamsini940@ybl,1,ACC009970,1,17.15
isachdeva80@okicici,1,ACC009971,2,42.7
sarakari926@oksbi,1,ACC009972,2,30.27
chandresh86827@ybl,1,ACC009973,1,8.61
ydash912@okhdfcbank,1,ACC009974,0,0.0
psoni681@okicici,1,ACC009975,3,54.51
gillnilima678@paytm,1,ACC009976,0,0.0
zarnakuruvilla304@paytm,1,ACC009977,2,29.4
teerth72350@okaxis,1,ACC009978,2,15.88
ekiyarajagopal914@oksbi,1,ACC009979,2,30.8
anay93374@okhdfcbank,1,ACC009980,3,37.52
kiaan81353@okaxis,1,ACC009981,1,27.28
pratyush80397@oksbi,1,ACC009982,0,0.0
qabil20987@paytm,1,ACC009983,2,60.2
kaultripti721@okaxis,1,ACC009984,0,0.0
ltank879@oksbi,1,ACC009985,4,80.7
lcheema527@oksbi,1,ACC009986,3,32.31
balarishi635@ybl,1,ACC009987,2,57.38
egoda820@oksbi,1,ACC009988,4,338.33
lakshmi83813@okicici,1,ACC009989,0,0.0
yashasvisarma819@okicici,1,ACC009990,0,0.0
abeerkamdar359@oksbi,1,ACC009991,1,25.12
mannanjason814@okaxis,1,ACC009992,0,0.0
hdalia174@ybl,1,ACC009993,1,20.28
manya1720@oksbi,1,ACC009994,3,85.73
yviswanathan829@okhdfcbank,1,ACC009995,2,96.21
kariyatin550@okhdfcbank,1,ACC009996,2,82.56
jvarkey586@okhdfcbank,1,ACC009997,3,93.06
deydivya242@okaxis,1,ACC009998,1,13.65
umammen656@okicici,1,ACC009999,1,40.25
balayharsh572@okaxis,1,ACC010000,1,98.0
ishanvi96591@ybl,1,ACC010001,1,17.15
georgemuni368@okicici,1,ACC010002,1,20.63
qabil1766@ybl,1,ACC010003,0,0.0
charleshegde807@ybl,1,ACC010004,0,0.0
tristanpingle637@ybl,1,ACC010005,1,10.24
nairlaksh792@paytm,1,ACC010006,1,70.0
sharmalekha538@oksbi,1,ACC010007,0,0.0
nihal31778@paytm,1,ACC010008,2,45.11
shivanshiyer338@okaxis,1,ACC010009,1,29.38
danivedant614@okhdfcbank,1,ACC010010,0,0.0
vartyjanani27@okaxis,1,ACC010011,1,27.47
vasatika63404@okhdfcbank,1,ACC010012,1,16.78
amolbhargava334@ybl,1,ACC010013,0,0.0
faras08673@okicici,1,ACC010014,5,160.25
finntoor204@okhdfcbank,1,ACC010015,2,92.05
mallgeetika103@okicici,1,ACC010016,0,0.0
patlaabha884@okhdfcbank,1,ACC010017,2,83.3
iram365@okicici,1,ACC010018,1,10.32
anay38373@oksbi,1,ACC010019,5,341.23
calebbhakta307@oksbi,1,ACC010020,1,59.85
hmandal563@oksbi,1,ACC010021,5,92.87
chahaldakshesh5@okaxis,1,ACC010022,0,0.0
omkaar6922@okaxis,1,ACC010023,0,0.0
jagdish16732@paytm,1,ACC010024,1,6.05
cpingle678@okicici,1,ACC010025,0,0.0
aggarwalpavani68@paytm,1,ACC010026,0,0.0
ladchandani396@okicici,1,ACC010027,1,7.1
jhalaktiwari242@oksbi,1,ACC010028,5,147.7
inayachaudhry614@ybl,1,ACC010029,0,0.0
yachana41291@oksbi,1,ACC010030,1,52.5
warriorayushman514@okaxis,1,ACC010031,1,12.58
manthanbath971@paytm,1,ACC010032,1,26.25
sehgalhema846@oksbi,1,ACC010033,2,134.4
edhitha25557@ybl,1,ACC010034,1,13.65
tbail893@paytm,1,ACC010035,0,0.0
lucky01115@paytm,1,ACC010036,0,0.0
pkorpal326@ybl,1,ACC010037,1,19.07
duttkashish517@ybl,1,ACC010038,1,35.0
baghyawativala611@paytm,1,ACC010039,1,70.0
elijah50609@ybl,1,ACC010040,1,15.03
ishwarbatta859@ybl,1,ACC010041,0,0.0
zayan26671@ybl,1,ACC010042,1,26.25
etasarna951@ybl,1,ACC010043,1,79.1
bhattacharyyasanaya590@paytm,1,ACC010044,0,0.0
ekapadia158@okhdfcbank,1,ACC010045,4,48.27
patrick62580@oksbi,1,ACC010046,3,119.68
ssaini254@paytm,1,ACC010047,2,320.46
sachi56253@okaxis,1,ACC010048,0,0.0
adutt302@ybl,1,ACC010049,1,9.08
wriddhish04204@oksbi,1,ACC010050,1,37.97
mangatmatthew322@okhdfcbank,1,ACC010051,0,0.0
qushi10871@paytm,1,ACC010052,0,0.0
utara604@okicici,1,ACC010053,0,0.0
viswanathanzinal55@paytm,1,ACC010054,3,102.2
ndeshmukh330@okaxis,1,ACC010055,1,3.83
oiyengar467@okaxis,1,ACC010056,1,20.28
zayyan64606@okaxis,1,ACC010057,1,73.83
vaishnavinaidu225@okhdfcbank,1,ACC010058,2,83.26
dalbirmahal447@okhdfcbank,1,ACC010059,0,0.0
qben452@okaxis,1,ACC010060,3,85.4
anika31426@okicici,1,ACC010061,1,17.5
xavier21241@paytm,1,ACC010062,1,11.18
divanrajeshri69@paytm,1,ACC010063,3,83.3
gbasu517@okaxis,1,ACC010064,0,0.0
rparekh110@okicici,1,ACC010065,2,295.03
devikatata510@okaxis,1,ACC010066,1,17.5
hemangini03784@okicici,1,ACC010067,1,109.18
nayakridhi830@paytm,1,ACC010068,3,155.03
pinglejonathan453@okhdfcbank,1,ACC010069,1,56.35
wasonhemal430@okhdfcbank,1,ACC010070,2,18.27
atidora568@okicici,1,ACC010071,1,5.55
orinder19151@ybl,1,ACC010072,1,35.0
ramaswamyekiya531@okaxis,1,ACC010073,5,104.26
vanshawason760@okhdfcbank,1,ACC010074,2,96.05
bgarg772@ybl,1,ACC010075,0,0.0
kapurladli918@okicici,1,ACC010076,1,47.23
chandcharvi138@okaxis,1,ACC010077,2,23.08
vsunder333@okaxis,1,ACC010078,3,155.88
varmaranveer535@ybl,1,ACC010079,2,147.35
cnatt962@paytm,1,ACC010080,1,5.25
kariamol661@paytm,1,ACC010081,0,0.0
golaanmol514@okhdfcbank,1,ACC010082,1,8.75
oliver06383@okaxis,1,ACC010083,0,0.0
chaayakota528@ybl,1,ACC010084,1,155.75
qkhosla85@paytm,1,ACC010085,1,87.5
yatan39161@oksbi,1,ACC010086,1,18.4
ubhattacharyya648@oksbi,1,ACC010087,0,0.0
randhawaupma840@oksbi,1,ACC010088,1,35.0
xbehl526@paytm,1,ACC010089,1,11.9
abhimanyu0556@okaxis,1,ACC010090,0,0.0
girindra19441@oksbi,1,ACC010091,1,10.83
semtanish49@paytm,1,ACC010092,2,27.3
tanvisaraf370@okhdfcbank,1,ACC010093,1,35.0
girik6072@okicici,1,ACC010094,1,37.78
iyersimon818@okicici,1,ACC010095,0,0.0
eeshapandya397@okaxis,1,ACC010096,1,20.65
vedant81623@okicici,1,ACC010097,0,0.0
sachdevchatresh915@okhdfcbank,1,ACC010098,0,0.0
balakrishnanekani451@oksbi,1,ACC010099,1,74.55
birsarthak121@ybl,1,ACC010100,1,17.5
rohanbatra576@okicici,1,ACC010101,2,18.54
anjalidasgupta680@ybl,1,ACC010102,1,26.25
nishasant126@ybl,1,ACC010103,1,10.5
qbobal763@okaxis,1,ACC010104,0,0.0
udyati78370@paytm,1,ACC010105,0,0.0
daliaijaya957@okaxis,1,ACC010106,5,255.46
arinsur258@ybl,1,ACC010107,1,52.5
lohitdara13@paytm,1,ACC010108,3,110.56
omajawali438@okaxis,1,ACC010109,1,59.85
zashil00881@okicici,1,ACC010110,1,20.65
ovasa887@paytm,1,ACC010111,0,0.0
mallzarna945@paytm,1,ACC010112,0,0.0
chaman5524@paytm,1,ACC010113,1,35.0
vmanne973@okicici,1,ACC010114,0,0.0
ryanbaria317@okaxis,1,ACC010115,0,0.0
revasood706@okaxis,1,ACC010116,1,9.08
vihaankakar811@ybl,1,ACC010117,0,0.0
advaybora950@okaxis,1,ACC010118,1,109.18
ojas69680@paytm,1,ACC010119,3,75.93
xitigoel515@oksbi,1,ACC010120,3,103.8
abhimanyudoshi641@paytm,1,ACC010121,2,109.86
bhattacharyyaanamika696@paytm,1,ACC010122,4,137.16
indrajitrajagopal147@okaxis,1,ACC010123,1,10.5
tsoni297@okaxis,1,ACC010124,2,75.95
jayaramandavid833@okhdfcbank,1,ACC010125,0,0.0
tankladli685@ybl,1,ACC010126,4,196.32
edyal354@okhdfcbank,1,ACC010127,0,0.0
guptajeet524@ybl,1,ACC010128,0,0.0
gavindhillon716@paytm,1,ACC010129,0,0.0
sarmachampak202@okhdfcbank,1,ACC010130,2,96.25
noahkumer5@paytm,1,ACC010131,0,0.0
radhikabhandari760@oksbi,1,ACC010132,3,104.9
lavanyagala741@ybl,1,ACC010133,0,0.0
aptegautami331@okhdfcbank,1,ACC010134,0,0.0
madhav43343@okaxis,1,ACC010135,1,25.53
zbhagat122@ybl,1,ACC010136,2,49.31
gaurilad521@okicici,1,ACC010137,1,52.5
sakshamom194@ybl,1,ACC010138,0,0.0
pallavi1474@okhdfcbank,1,ACC010139,1,20.65
pallagautam617@ybl,1,ACC010140,0,0.0
edhitha36377@paytm,1,ACC010141,1,56.17
madhaviacharya866@ybl,1,ACC010142,2,24.19
berathomas713@paytm,1,ACC010143,1,40.95
vedhikadalia129@ybl,1,ACC010144,2,619.46
theodore70576@okhdfcbank,1,ACC010145,2,52.23
jhalakmurty3@oksbi,1,ACC010146,0,0.0
gdas148@paytm,1,ACC010147,1,98.0
tborde406@okhdfcbank,1,ACC010148,1,8.75
chartriveni186@paytm,1,ACC010149,0,0.0
lgola868@okaxis,1,ACC010150,3,77.23
jdugar662@ybl,1,ACC010151,2,54.23
kdugal906@paytm,1,ACC010152,0,0.0
ymukhopadhyay549@okhdfcbank,1,ACC010153,1,23.24
ishaanpillay31@paytm,1,ACC010154,0,0.0
cwason850@paytm,1,ACC010155,4,117.89
gabriel78313@ybl,1,ACC010156,1,43.75
dbatta257@okicici,1,ACC010157,0,0.0
xavierdara213@oksbi,1,ACC010158,1,20.65
darrobert321@paytm,1,ACC010159,4,114.87
kavya08131@okaxis,1,ACC010160,1,73.48
xsha734@okaxis,1,ACC010161,1,40.95
cchakraborty750@okhdfcbank,1,ACC010162,2,155.38
hegdeyamini186@okaxis,1,ACC010163,1,12.93
karantristan822@okicici,1,ACC010164,1,35.0
valadarsh98@okaxis,1,ACC010165,3,139.18
lpalla96@ybl,1,ACC010166,2,58.7
geetika35890@paytm,1,ACC010167,0,0.0
rjhaveri251@okhdfcbank,1,ACC010168,1,40.95
daksh55238@okhdfcbank,1,ACC010169,1,40.95
chaitaly4896@paytm,1,ACC010170,0,0.0
boraikbal755@paytm,1,ACC010171,0,0.0
jacksondasgupta74@okhdfcbank,1,ACC010172,1,3.84
khannaradha658@okaxis,1,ACC010173,2,57.73
advika19434@oksbi,1,ACC010174,3,149.18
dchad296@okaxis,1,ACC010175,0,0.0
lkhanna902@okicici,1,ACC010176,2,72.43
pathakaachal489@ybl,1,ACC010177,5,110.17
chavvibhargava995@okaxis,1,ACC010178,1,49.35
juppal542@okhdfcbank,1,ACC010179,5,74.14
bhavani26971@okicici,1,ACC010180,2,31.37
ngopal143@oksbi,1,ACC010181,4,230.26
janani05585@ybl,1,ACC010182,1,37.78
girik33503@okaxis,1,ACC010183,1,12.25
ikbaldugar365@oksbi,1,ACC010184,1,184.45
gayathrikashyap255@ybl,1,ACC010185,0,0.0
udevi543@okhdfcbank,1,ACC010186,1,34.3
jayaramaneesha978@oksbi,1,ACC010187,0,0.0
warhitara874@okhdfcbank,1,ACC010188,1,546.18
aarini63431@okaxis,1,ACC010189,3,108.5
ishita46577@okicici,1,ACC010190,3,66.99
omyaramaswamy820@okaxis,1,ACC010191,3,53.16
ekansh10543@okhdfcbank,1,ACC010192,1,20.98
tanveerwalla56@okicici,1,ACC010193,2,26.25
zarnarao871@okhdfcbank,1,ACC010194,0,0.0
jnair382@oksbi,1,ACC010195,0,0.0
jalsa38487@okicici,1,ACC010196,1,285.74
shereekta97@okaxis,1,ACC010197,0,0.0
hamsini61368@oksbi,1,ACC010198,1,45.49
mahika50746@okhdfcbank,1,ACC010199,1,26.95
osinghal48@okicici,1,ACC010200,1,10.15
rajagopalanneha520@ybl,1,ACC010201,1,30.45
falangera926@ybl,1,ACC010202,3,43.88
wchacko988@okaxis,1,ACC010203,2,43.75
ekalinga52742@okicici,1,ACC010204,0,0.0
nitesh21264@okaxis,1,ACC010205,0,0.0
csundaram629@okicici,1,ACC010206,0,0.0
ojasviwali537@oksbi,1,ACC010207,0,0.0
chaudharivritti598@oksbi,1,ACC010208,0,0.0
isahni200@ybl,1,ACC010209,1,16.78
hiral90994@oksbi,1,ACC010210,1,20.28
ikshita45435@oksbi,1,ACC010211,3,46.35
bmadan950@okaxis,1,ACC010212,0,0.0
sachdevdarika518@paytm,1,ACC010213,1,35.0
dattamanya673@okhdfcbank,1,ACC010214,2,39.35
issacaayush496@ybl,1,ACC010215,1,73.48
hmadan182@paytm,1,ACC010216,3,123.86
forumtoor202@paytm,1,ACC010217,5,109.0
faras29178@okicici,1,ACC010218,2,25.9
masterwilliam252@ybl,1,ACC010219,1,20.65
kai55818@okaxis,1,ACC010220,0,0.0
jalsarout940@paytm,1,ACC010221,1,17.5
rachit24143@ybl,1,ACC010222,5,249.33
jthaker111@okhdfcbank,1,ACC010223,1,40.95
vedika51425@okaxis,1,ACC010224,2,29.91
kakaryashoda376@okaxis,1,ACC010225,2,46.17
kalenirja544@okhdfcbank,1,ACC010226,0,0.0
xwalia705@okhdfcbank,1,ACC010227,2,25.9
shivanshkhare276@paytm,1,ACC010228,2,50.4
manthannagi177@paytm,1,ACC010229,1,9.43
sbanik911@okicici,1,ACC010230,5,186.51
utkarshpuri526@paytm,1,ACC010231,1,8.75
chakrika678@oksbi,1,ACC010232,2,40.93
raaginibath532@okaxis,1,ACC010233,1,20.28
hkothari648@ybl,1,ACC010234,1,12.58
simonandra851@ybl,1,ACC010235,2,33.93
devika84438@ybl,1,ACC010236,3,291.2
tanveerkulkarni781@oksbi,1,ACC010237,1,7.17
vedantnair740@oksbi,1,ACC010238,1,17.5
waliansh541@paytm,1,ACC010239,1,2.43
sdani861@oksbi,1,ACC010240,0,0.0
usachdev202@ybl,1,ACC010241,1,37.78
pagrawal864@paytm,1,ACC010242,3,52.83
trivedijanani756@okaxis,1,ACC010243,0,0.0
kiaankarnik699@paytm,1,ACC010244,1,17.5
ichandran420@okhdfcbank,1,ACC010245,1,4.73
nwagle939@ybl,1,ACC010246,1,17.5
rdayal189@okicici,1,ACC010247,1,70.0
kben452@okicici,1,ACC010248,2,50.36
wahabsodhi757@okicici,1,ACC010249,3,59.79
zsarkar330@okaxis,1,ACC010250,1,27.63
sarnabanjeet255@ybl,1,ACC010251,2,46.9
isaran258@okhdfcbank,1,ACC010252,1,17.5
varenyamadan821@oksbi,1,ACC010253,2,132.28
patlachavvi163@okaxis,1,ACC010254,1,12.25
unnati67313@okaxis,1,ACC010255,0,0.0
anmol77940@ybl,1,ACC010256,1,20.65
qabil34981@paytm,1,ACC010257,0,0.0
singhyatin22@ybl,1,ACC010258,2,12.95
karoni290@okicici,1,ACC010259,1,9.94
rudra84290@oksbi,1,ACC010260,1,20.28
prashadnoah802@paytm,1,ACC010261,0,0.0
hemalbarad911@okhdfcbank,1,ACC010262,0,0.0
george89739@okicici,1,ACC010263,0,0.0
rushil34891@ybl,1,ACC010264,1,17.13
dubesachi567@oksbi,1,ACC010265,1,34.28
narangxiti408@okaxis,1,ACC010266,0,0.0
sarthakseth538@paytm,1,ACC010267,1,20.28
anarayanan678@okicici,1,ACC010268,3,94.46
gratta31@oksbi,1,ACC010269,2,75.29
fdin427@okhdfcbank,1,ACC010270,1,39.88
sahasamuel136@ybl,1,ACC010271,2,168.53
routmegha152@ybl,1,ACC010272,0,0.0
fvarghese52@okicici,1,ACC010273,0,0.0
lallidika673@ybl,1,ACC010274,0,0.0
raubenjamin670@okaxis,1,ACC010275,0,0.0
chadmanan63@okicici,1,ACC010276,3,355.91
wasonpraneel111@ybl,1,ACC010277,0,0.0
garaurvi868@okhdfcbank,1,ACC010278,2,58.45
hitesh07304@paytm,1,ACC010279,1,4.84
ppalla744@okicici,1,ACC010280,2,57.91
naikjackson946@okicici,1,ACC010281,0,0.0
lbhasin322@paytm,1,ACC010282,1,171.48
panditurvashi648@okicici,1,ACC010283,0,0.0
semyashica209@oksbi,1,ACC010284,1,35.0
emukhopadhyay648@okicici,1,ACC010285,1,98.0
upadhyayonkar172@okhdfcbank,1,ACC010286,1,37.97
majumdarchavvi709@okhdfcbank,1,ACC010287,0,0.0
mohinidoctor108@okhdfcbank,1,ACC010288,1,8.0
xsani180@okaxis,1,ACC010289,3,107.41
boraisaiah976@okicici,1,ACC010290,1,10.15
hrama493@okicici,1,ACC010291,0,0.0
bhattifaqid379@paytm,1,ACC010292,0,0.0
tarakmurthy828@ybl,1,ACC010293,1,7.0
hemangsundaram513@paytm,1,ACC010294,1,8.5
gunbirbhatia310@oksbi,1,ACC010295,0,0.0
zinalmann641@ybl,1,ACC010296,0,0.0
sailala609@okhdfcbank,1,ACC010297,1,11.9
inaik831@oksbi,1,ACC010298,0,0.0
ndivan163@oksbi,1,ACC010299,3,61.22
tuppal140@okaxis,1,ACC010300,1,111.12
advaithkrish55@ybl,1,ACC010301,4,103.6
suleekantika455@ybl,1,ACC010302,5,131.35
savantjagvi354@ybl,1,ACC010303,2,87.13
prasadayaan218@ybl,1,ACC010304,0,0.0
samiyadavi372@okaxis,1,ACC010305,2,54.6
nachiketvarma245@ybl,1,ACC010306,1,16.25
rattipooja486@paytm,1,ACC010307,3,305.97
achoudhry902@ybl,1,ACC010308,1,37.97
pallavi52466@paytm,1,ACC010309,0,0.0
aarushkhare175@okaxis,1,ACC010310,1,6.15
kritika98747@paytm,1,ACC010311,0,0.0
miteshvarty403@okhdfcbank,1,ACC010312,1,38.13
panchaljagvi988@paytm,1,ACC010313,3,69.98
yoshitadhar965@okhdfcbank,1,ACC010314,2,74.36
mbaria239@okhdfcbank,1,ACC010315,3,40.58
rajagopaljalsa539@okhdfcbank,1,ACC010316,2,50.07
dhriti0144@paytm,1,ACC010317,1,20.28
rajeshrisibal120@okaxis,1,ACC010318,0,0.0
hanshiral694@paytm,1,ACC010319,2,84.7
rajagopalraksha180@paytm,1,ACC010320,1,79.1
hansekta775@ybl,1,ACC010321,4,91.33
advikachand105@okhdfcbank,1,ACC010322,4,1015.82
chavvimurty283@okicici,1,ACC010323,5,106.17
maharajnilima358@ybl,1,ACC010324,2,64.03
modivasatika837@paytm,1,ACC010325,1,35.0
ravalwyatt100@okicici,1,ACC010326,2,60.53
ramanrajata542@okhdfcbank,1,ACC010327,0,0.0
bhavanipurohit820@oksbi,1,ACC010328,0,0.0
hiralde599@okicici,1,ACC010329,0,0.0
falakraval325@okaxis,1,ACC010330,0,0.0
nakshgala693@ybl,1,ACC010331,1,72.78
isaiah37424@okicici,1,ACC010332,0,0.0
krishshah617@okhdfcbank,1,ACC010333,2,42.35
nsunder934@okaxis,1,ACC010334,0,0.0
fratti454@okaxis,1,ACC010335,1,40.95
dyogi924@ybl,1,ACC010336,2,90.63
sonizilmil567@paytm,1,ACC010337,4,151.55
ridhi16769@okicici,1,ACC010338,0,0.0
hredhaan59362@ybl,1,ACC010339,0,0.0
alexander78521@oksbi,1,ACC010340,3,235.36
anirudhsibal960@okaxis,1,ACC010341,0,0.0
lbhatia919@okaxis,1,ACC010342,1,20.28
abhiram29260@okaxis,1,ACC010343,4,125.65
dominic43403@paytm,1,ACC010344,1,570.48
om80412@okicici,1,ACC010345,1,10.15
asingh80@okaxis,1,ACC010346,2,32.86
wdeep666@oksbi,1,ACC010347,0,0.0
tdalal884@oksbi,1,ACC010348,0,0.0
charan1525@okaxis,1,ACC010349,2,56.33
darpanbandi377@okicici,1,ACC010350,0,0.0
yatankaur855@okicici,1,ACC010351,0,0.0
ldora340@okaxis,1,ACC010352,1,151.72
zsarna442@oksbi,1,ACC010353,2,139.28
yutika77283@okicici,1,ACC010354,0,0.0
ynigam350@okicici,1,ACC010355,2,37.78
ethakur842@okhdfcbank,1,ACC010356,2,42.0
saraben273@okicici,1,ACC010357,4,133.87
laksh02342@okicici,1,ACC010358,0,0.0
sagarsamarth866@okaxis,1,ACC010359,1,35.0
ronith38338@okaxis,1,ACC010360,0,0.0
chanaonkar826@okaxis,1,ACC010361,0,0.0
xyogi206@oksbi,1,ACC010362,2,22.01
ravaltanish467@ybl,1,ACC010363,4,269.85
pallavibobal618@oksbi,1,ACC010364,2,72.78
doctoragastya274@paytm,1,ACC010365,3,112.68
aarnajayaraman995@okicici,1,ACC010366,1,37.97
masonyadav178@okhdfcbank,1,ACC010367,3,204.73
gauravsingh322@paytm,1,ACC010368,0,0.0
devantimothy262@paytm,1,ACC010369,1,73.48
lbhakta663@ybl,1,ACC010370,2,22.36
henryandra351@okaxis,1,ACC010371,4,75.91
gagan07470@okicici,1,ACC010372,2,58.1
zachariahbachittar975@okhdfcbank,1,ACC010373,1,74.55
orindersagar483@okhdfcbank,1,ACC010374,0,0.0
krishnamitra553@okicici,1,ACC010375,2,38.14
balveernarasimhan6@oksbi,1,ACC010376,1,29.03
aarnaloyal901@okaxis,1,ACC010377,0,0.0
daraqushi904@okhdfcbank,1,ACC010378,0,0.0
tsanghvi29@okhdfcbank,1,ACC010379,0,0.0
urishilladas737@paytm,1,ACC010380,0,0.0
choudhurymugdha164@ybl,1,ACC010381,2,80.13
yadavikale353@okaxis,1,ACC010382,2,90.12
anshgoyal157@oksbi,1,ACC010383,3,57.03
cheemamadhav370@okhdfcbank,1,ACC010384,0,0.0
eta00998@paytm,1,ACC010385,1,40.23
danipavani879@paytm,1,ACC010386,3,42.0
gayathriwadhwa971@paytm,1,ACC010387,0,0.0
chavvikhare881@okhdfcbank,1,ACC010388,1,104.43
vnatarajan437@okaxis,1,ACC010389,0,0.0
upasna58358@paytm,1,ACC010390,1,19.58
samuel5824@okaxis,1,ACC010391,0,0.0
otak458@ybl,1,ACC010392,0,0.0
smangat33@paytm,1,ACC010393,5,344.32
saanvibrahmbhatt82@okhdfcbank,1,ACC010394,1,20.28
rkeer227@okaxis,1,ACC010395,1,64.73
modymaya872@okicici,1,ACC010396,0,0.0
tanay82865@okhdfcbank,1,ACC010397,1,12.58
simon25202@paytm,1,ACC010398,1,37.97
guneet64998@oksbi,1,ACC010399,0,0.0
ppandey34@okhdfcbank,1,ACC010400,2,35.83
sunderayushman462@oksbi,1,ACC010401,1,10.15
banerjeehemangini302@okaxis,1,ACC010402,2,151.53
warinderbhatt320@paytm,1,ACC010403,5,735.74
bachittarshroff533@ybl,1,ACC010404,0,0.0
kdhawan861@oksbi,1,ACC010405,1,35.0
sdhaliwal388@okhdfcbank,1,ACC010406,1,11.9
muniishanvi181@okicici,1,ACC010407,1,869.03
pallavithakur825@ybl,1,ACC010408,2,82.95
forum91764@okicici,1,ACC010409,0,0.0
daksha79556@okaxis,1,ACC010410,0,0.0
karpebalhaar147@oksbi,1,ACC010411,1,12.58
bborde340@ybl,1,ACC010412,0,0.0
pushtichadha204@okhdfcbank,1,ACC010413,2,47.6
aiyengar251@okicici,1,ACC010414,1,37.78
rbala520@okaxis,1,ACC010415,2,72.1
nkannan161@okaxis,1,ACC010416,0,0.0
ndevan303@okicici,1,ACC010417,1,22.39
charles6633@oksbi,1,ACC010418,2,122.83
piyer293@oksbi,1,ACC010419,1,20.28
fzacharia878@okhdfcbank,1,ACC010420,4,63.35
bajwaforum970@okhdfcbank,1,ACC010421,1,86.43
dshetty635@oksbi,1,ACC010422,1,49.0
gavin29242@okaxis,1,ACC010423,1,14.65
oliver07137@paytm,1,ACC010424,3,97.61
amairabhavsar514@paytm,1,ACC010425,0,0.0
neha21877@paytm,1,ACC010426,1,10.83
udant01389@okhdfcbank,1,ACC010427,1,17.5
wgupta260@ybl,1,ACC010428,1,15.57
ekiya89315@ybl,1,ACC010429,2,61.23
jason10885@okicici,1,ACC010430,1,19.25
chanakyadani114@paytm,1,ACC010431,0,0.0
edwingabriel380@okaxis,1,ACC010432,2,55.28
vmadan289@paytm,1,ACC010433,1,11.2
faqidpandit101@ybl,1,ACC010434,2,76.98
libniprashad534@oksbi,1,ACC010435,0,0.0
aishanisunder274@ybl,1,ACC010436,0,0.0
tminhas870@okicici,1,ACC010437,1,5.25
nilimabera254@ybl,1,ACC010438,0,0.0
palanzarna703@paytm,1,ACC010439,1,193.9
vaidyavasatika412@okaxis,1,ACC010440,0,0.0
lwalia106@okaxis,1,ACC010441,0,0.0
finnbath174@paytm,1,ACC010442,1,52.5
wvohra215@okhdfcbank,1,ACC010443,2,277.9
ychad786@paytm,1,ACC010444,1,14.25
indirahayre609@okhdfcbank,1,ACC010445,1,7.0
zachariahyochana187@okaxis,1,ACC010446,1,49.17
lipika76651@oksbi,1,ACC010447,2,114.1
ebath901@oksbi,1,ACC010448,1,13.65
nsharma310@oksbi,1,ACC010449,0,0.0
sridhardev133@paytm,1,ACC010450,5,445.1
azaan33756@okhdfcbank,1,ACC010451,2,78.75
siddharth09918@paytm,1,ACC010452,0,0.0
charles10163@okhdfcbank,1,ACC010453,0,0.0
diyashanker343@oksbi,1,ACC010454,0,0.0
golenihal816@paytm,1,ACC010455,5,217.68
yogiriya161@okhdfcbank,1,ACC010456,2,339.3
ykhurana362@ybl,1,ACC010457,0,0.0
wriddhishseshadri31@paytm,1,ACC010458,1,2.28
kaultristan926@oksbi,1,ACC010459,1,26.95
soodsamuel85@okicici,1,ACC010460,1,20.28
ekaja18750@okhdfcbank,1,ACC010461,0,0.0
atharvbadal318@okhdfcbank,1,ACC010462,0,0.0
gprashad652@okhdfcbank,1,ACC010463,0,0.0
ubal305@oksbi,1,ACC010464,1,11.9
ychana139@oksbi,1,ACC010465,3,144.54
subramaniamwishi850@paytm,1,ACC010466,1,35.0
aadhya61287@okicici,1,ACC010467,3,78.36
mitesh61224@okaxis,1,ACC010468,2,46.53
saranvarenya661@okhdfcbank,1,ACC010469,1,19.77
idika30309@ybl,1,ACC010470,2,24.93
upasnabir619@okaxis,1,ACC010471,2,71.73
bsetty565@oksbi,1,ACC010472,1,35.0
bimala08769@ybl,1,ACC010473,2,74.53
farajbuch504@okaxis,1,ACC010474,2,61.29
harinakshibutala677@paytm,1,ACC010475,1,5.58
rayaan06956@okaxis,1,ACC010476,0,0.0
dpatla595@okicici,1,ACC010477,2,199.5
krishnakhanna746@okicici,1,ACC010478,1,37.97
sudiksha10513@okicici,1,ACC010479,3,74.87
rajatahayre865@okicici,1,ACC010480,0,0.0
prasadchandani929@oksbi,1,ACC010481,4,84.22
mayakrish18@paytm,1,ACC010482,0,0.0
bvasa633@okicici,1,ACC010483,1,13.65
oshabora916@ybl,1,ACC010484,0,0.0
finnvarughese175@okhdfcbank,1,ACC010485,3,57.03
zrana612@okaxis,1,ACC010486,0,0.0
aradhana33512@okhdfcbank,1,ACC010487,2,37.43
ladgavin916@okicici,1,ACC010488,0,0.0
manan33522@okicici,1,ACC010489,4,91.03
seshadrivedika514@okaxis,1,ACC010490,0,0.0
boraraagini438@paytm,1,ACC010491,0,0.0
urvashi59988@okhdfcbank,1,ACC010492,1,10.83
contractortriya378@okaxis,1,ACC010493,3,93.95
vsaraf79@oksbi,1,ACC010494,2,227.48
arya81986@okaxis,1,ACC010495,0,0.0
gagansura11@okaxis,1,ACC010496,2,76.63
zinal19416@okaxis,1,ACC010497,0,0.0
warriorvanya517@paytm,1,ACC010498,2,108.48
radhika887@paytm,1,ACC010499,2,214.55
vasudha06345@okhdfcbank,1,ACC010500,0,0.0
aryanratti424@okhdfcbank,1,ACC010501,1,37.78
nicholasbains652@paytm,1,ACC010502,0,0.0
abhimanyukunda770@ybl,1,ACC010503,2,94.85
bbhagat622@paytm,1,ACC010504,0,0.0
devandivya343@paytm,1,ACC010505,0,0.0
rajatarajagopalan50@paytm,1,ACC010506,0,0.0
chaudhryladli544@okaxis,1,ACC010507,1,6.82
biswasamrita196@okhdfcbank,1,ACC010508,0,0.0
fsetty751@okaxis,1,ACC010509,1,10.15
mannjatin945@okicici,1,ACC010510,1,10.15
auroraarin158@okhdfcbank,1,ACC010511,4,96.93
xbajwa725@paytm,1,ACC010512,1,79.1
ikshita49804@paytm,1,ACC010513,1,37.45
jeremiahdeshpande724@okicici,1,ACC010514,0,0.0
hitesh18379@okicici,1,ACC010515,1,41.98
rajanbanjeet667@ybl,1,ACC010516,0,0.0
frado65210@oksbi,1,ACC010517,0,0.0
janani75321@ybl,1,ACC010518,0,0.0
megha26511@ybl,1,ACC010519,2,127.03
indrajit27128@okicici,1,ACC010520,2,22.9
ldate616@okaxis,1,ACC010521,3,96.55
ogrover646@paytm,1,ACC010522,0,0.0
korpalupkaar177@paytm,1,ACC010523,0,0.0
sneha78564@oksbi,1,ACC010524,1,55.98
bakhshidash927@okaxis,1,ACC010525,1,55.98
osha28208@ybl,1,ACC010526,1,64.73
gokhalelakshmi465@okhdfcbank,1,ACC010527,1,19.12
kapurganga13@oksbi,1,ACC010528,1,15.38
kraju743@okaxis,1,ACC010529,0,0.0
chanabachittar938@okaxis,1,ACC010530,5,142.43
xavierbahl735@okicici,1,ACC010531,2,39.72
uganesan392@okaxis,1,ACC010532,1,20.65
harinakshi38637@okaxis,1,ACC010533,2,75.95
halderchakrika426@ybl,1,ACC010534,1,73.49
pranavamble38@ybl,1,ACC010535,1,19.07
lankarajeshri398@okicici,1,ACC010536,1,189.7
behlyatin698@okhdfcbank,1,ACC010537,1,24.15
chananeel647@paytm,1,ACC010538,1,16.78
veerzachariah905@okhdfcbank,1,ACC010539,1,40.95
yagneshpillay560@ybl,1,ACC010540,0,0.0
gopal3253@okaxis,1,ACC010541,2,14.32
gangarai444@okicici,1,ACC010542,5,97.65
sathvik56507@okhdfcbank,1,ACC010543,1,20.28
parthnayar663@okaxis,1,ACC010544,3,77.68
christopher95467@paytm,1,ACC010545,0,0.0
pcomar38@okaxis,1,ACC010546,1,20.28
anandishanvi185@ybl,1,ACC010547,2,101.13
janyadara338@ybl,1,ACC010548,0,0.0
rvohra36@ybl,1,ACC010549,1,40.95
kbakshi963@okaxis,1,ACC010550,2,410.18
maanav93610@okicici,1,ACC010551,2,175.66
wridesh67503@oksbi,1,ACC010552,5,154.48
oparsa356@okaxis,1,ACC010553,1,18.88
vbhandari361@okhdfcbank,1,ACC010554,1,17.15
balaydhruv982@okaxis,1,ACC010555,0,0.0
ydey722@okhdfcbank,1,ACC010556,1,35.0
banjeet32128@okhdfcbank,1,ACC010557,0,0.0
ksani995@okaxis,1,ACC010558,1,20.65
sbhalla981@paytm,1,ACC010559,1,10.44
tramesh663@okicici,1,ACC010560,0,0.0
ndubey494@ybl,1,ACC010561,0,0.0
hgara393@okaxis,1,ACC010562,1,12.58
sabharwalridhi527@paytm,1,ACC010563,2,193.53
chatresh33629@okaxis,1,ACC010564,1,17.15
pillaybimala182@okicici,1,ACC010565,1,20.28
wbarad639@paytm,1,ACC010566,1,336.28
bdatta13@okhdfcbank,1,ACC010567,1,2.82
aarinimagar214@okaxis,1,ACC010568,4,251.09
upasnakurian881@paytm,1,ACC010569,1,82.93
dev94410@paytm,1,ACC010570,1,40.95
ekanta5350@paytm,1,ACC010571,1,17.5
jyoti1964@paytm,1,ACC010572,0,0.0
wadhwaanamika728@oksbi,1,ACC010573,2,53.55
naveen0169@oksbi,1,ACC010574,2,61.42
sawhneyrachita195@okaxis,1,ACC010575,0,0.0
zaid10188@paytm,1,ACC010576,0,0.0
utkarsh64145@ybl,1,ACC010577,2,55.28
rakshawali553@okicici,1,ACC010578,1,8.75
kabir39549@okhdfcbank,1,ACC010579,0,0.0
neel81887@okhdfcbank,1,ACC010580,1,7.0
nazarethati517@paytm,1,ACC010581,3,79.81
isaac75250@ybl,1,ACC010582,1,23.78
noah72176@ybl,1,ACC010583,1,13.82
yagnesh91187@okaxis,1,ACC010584,1,18.0
swamytriya952@okicici,1,ACC010585,0,0.0
choudharybishakha161@ybl,1,ACC010586,1,111.98
brijeshbrahmbhatt590@ybl,1,ACC010587,1,37.97
ravigaurika96@oksbi,1,ACC010588,2,58.97
kulkarniwazir3@oksbi,1,ACC010589,0,0.0
pushti18554@oksbi,1,ACC010590,0,0.0
bassiaadi610@okhdfcbank,1,ACC010591,0,0.0
aarnaswaminathan55@oksbi,1,ACC010592,1,11.9
bumbsanya586@ybl,1,ACC010593,2,23.77
advay32639@okhdfcbank,1,ACC010594,1,71.4
deepjackson481@ybl,1,ACC010595,0,0.0
darachasmum649@paytm,1,ACC010596,0,0.0
mistryisha279@okhdfcbank,1,ACC010597,0,0.0
tanish32187@okaxis,1,ACC010598,1,51.1
jasmitsuri563@okaxis,1,ACC010599,0,0.0
agara595@paytm,1,ACC010600,0,0.0
bhavanisolanki301@okhdfcbank,1,ACC010601,1,189.7
kmander248@okicici,1,ACC010602,0,0.0
reyansh12210@oksbi,1,ACC010603,0,0.0
hiral72764@oksbi,1,ACC010604,3,67.53
keerfariq481@okhdfcbank,1,ACC010605,0,0.0
trana492@okaxis,1,ACC010606,1,10.97
andrewjani707@ybl,1,ACC010607,1,10.5
wbhatia281@okicici,1,ACC010608,2,21.11
magarqushi658@okaxis,1,ACC010609,1,20.63
oscar28455@okaxis,1,ACC010610,1,12.77
dugalpatrick915@okhdfcbank,1,ACC010611,1,20.65
wswaminathan431@paytm,1,ACC010612,2,29.36
haritabhattacharyya904@oksbi,1,ACC010613,0,0.0
aashi42642@paytm,1,ACC010614,0,0.0
ryan81485@ybl,1,ACC010615,1,18.17
mitali59951@oksbi,1,ACC010616,1,30.45
mistryunni232@okaxis,1,ACC010617,0,0.0
zehaanshere215@ybl,1,ACC010618,2,64.38
bhagatmekhala989@okaxis,1,ACC010619,1,10.32
sharafchandani450@okaxis,1,ACC010620,1,20.65
jainliam475@okaxis,1,ACC010621,2,46.53
divya09757@paytm,1,ACC010622,1,155.32
sanghvifalan134@okicici,1,ACC010623,0,0.0
mannetriveni59@okicici,1,ACC010624,2,36.71
hbassi751@okaxis,1,ACC010625,2,93.76
mitrawishi781@ybl,1,ACC010626,1,14.0
agastya37299@okhdfcbank,1,ACC010627,1,1.75
anjali56994@okaxis,1,ACC010628,0,0.0
shenoyhemal669@okicici,1,ACC010629,1,135.8
kavyarattan872@okhdfcbank,1,ACC010630,2,266.0
warhi37801@okaxis,1,ACC010631,0,0.0
saumyachauhan66@okhdfcbank,1,ACC010632,2,50.57
ojasviwarrior144@ybl,1,ACC010633,0,0.0
dinchatura767@ybl,1,ACC010634,2,42.61
ektakannan180@okhdfcbank,1,ACC010635,0,0.0
isingh937@ybl,1,ACC010636,2,47.05
pillayquincy717@okhdfcbank,1,ACC010637,3,118.76
brindakala601@paytm,1,ACC010638,1,55.98
sacharvasana205@oksbi,1,ACC010639,1,37.95
shauryasolanki463@okaxis,1,ACC010640,0,0.0
wtella347@okhdfcbank,1,ACC010641,0,0.0
veer4428@okaxis,1,ACC010642,0,0.0
rkara258@okicici,1,ACC010643,0,0.0
zmall917@okhdfcbank,1,ACC010644,0,0.0
sinhabachittar802@paytm,1,ACC010645,1,17.15
balakrishnanyashica668@oksbi,1,ACC010646,1,35.0
ptandon452@paytm,1,ACC010647,2,43.86
yraghavan710@okaxis,1,ACC010648,0,0.0
anandorinder741@oksbi,1,ACC010649,3,91.33
patrickswaminathan789@okaxis,1,ACC010650,0,0.0
rattaxiti789@okaxis,1,ACC010651,2,40.93
samakshreddy774@okhdfcbank,1,ACC010652,0,0.0
bimalatank97@okaxis,1,ACC010653,1,20.28
sarmafrado793@ybl,1,ACC010654,3,61.21
adya74514@okhdfcbank,1,ACC010655,1,17.15
ishwarbasu872@okaxis,1,ACC010656,0,0.0
yashawini16974@okhdfcbank,1,ACC010657,1,40.95
rishichahal667@okaxis,1,ACC010658,0,0.0
gavinkamdar439@ybl,1,ACC010659,2,35.68
brijesh26392@ybl,1,ACC010660,1,2.8
whayer931@okaxis,1,ACC010661,3,104.65
bhatiairya67@ybl,1,ACC010662,1,37.78
chaudhurilila62@oksbi,1,ACC010663,0,0.0
singhalmichael160@okicici,1,ACC010664,1,544.06
paiabeer284@ybl,1,ACC010665,2,30.8
iverma441@paytm,1,ACC010666,2,68.56
janya67904@okaxis,1,ACC010667,2,23.54
nzacharia998@okicici,1,ACC010668,1,20.28
sastryrudra745@ybl,1,ACC010669,1,17.15
vivaankhare267@paytm,1,ACC010670,2,37.41
cherianekaraj412@ybl,1,ACC010671,1,34.28
nathanieldua920@ybl,1,ACC010672,0,0.0
ohayer613@ybl,1,ACC010673,1,55.98
ramanaditya178@oksbi,1,ACC010674,2,28.0
harita02539@okhdfcbank,1,ACC010675,3,39.55
bordetanveer139@okhdfcbank,1,ACC010676,1,309.4
hemang04347@paytm,1,ACC010677,1,8.75
balhaargandhi55@oksbi,1,ACC010678,5,423.5
ychaudhuri897@okaxis,1,ACC010679,1,79.1
daksha7512@okicici,1,ACC010680,1,32.2
bhandarijalsa842@okicici,1,ACC010681,0,0.0
jchada141@okaxis,1,ACC010682,0,0.0
iryabhandari303@oksbi,1,ACC010683,0,0.0
zsundaram932@oksbi,1,ACC010684,0,0.0
orindervarty844@ybl,1,ACC010685,2,39.18
chatresh48834@ybl,1,ACC010686,0,0.0
madanjatin831@okaxis,1,ACC010687,1,17.5
oscar20364@paytm,1,ACC010688,0,0.0
cdin340@ybl,1,ACC010689,0,0.0
bprabhu98@paytm,1,ACC010690,3,116.51
jaipalan915@ybl,1,ACC010691,0,0.0
rajukrisha507@okicici,1,ACC010692,1,37.78
bmorar681@okhdfcbank,1,ACC010693,0,0.0
schad650@okhdfcbank,1,ACC010694,0,0.0
banikmitali755@paytm,1,ACC010695,1,20.28
pdalal306@okicici,1,ACC010696,3,65.09
nisha00504@okaxis,1,ACC010697,2,44.41
vrajagopal533@okhdfcbank,1,ACC010698,0,0.0
nakul29377@okhdfcbank,1,ACC010699,0,0.0
darshvasa792@okhdfcbank,1,ACC010700,2,43.12
qganesh46@okaxis,1,ACC010701,1,96.25
ghosepanini97@ybl,1,ACC010702,2,149.08
keeryatin655@paytm,1,ACC010703,1,35.0
varenya08519@okhdfcbank,1,ACC010704,1,52.5
ravalkaran865@ybl,1,ACC010705,1,37.78
panchalkrisha218@okicici,1,ACC010706,0,0.0
kumernicholas63@okhdfcbank,1,ACC010707,0,0.0
jacksonlall375@okhdfcbank,1,ACC010708,4,98.53
narainguneet647@okicici,1,ACC010709,0,0.0
venkateshsamar279@okhdfcbank,1,ACC010710,0,0.0
ladsai279@okaxis,1,ACC010711,0,0.0
bhaktajalsa680@oksbi,1,ACC010712,1,20.65
zayyansood771@okicici,1,ACC010713,0,0.0
mgrewal990@oksbi,1,ACC010714,1,6.11
dubeyamaira299@ybl,1,ACC010715,2,78.38
bbakshi944@paytm,1,ACC010716,0,0.0
jeetsandal917@okaxis,1,ACC010717,2,50.03
hiral55467@okhdfcbank,1,ACC010718,0,0.0
omishajha431@okhdfcbank,1,ACC010719,0,0.0
abhiram46767@paytm,1,ACC010720,0,0.0
xde219@okicici,1,ACC010721,1,11.2
amblekaran438@paytm,1,ACC010722,0,0.0
harrison43761@ybl,1,ACC010723,4,190.92
tanvisaraf906@ybl,1,ACC010724,1,29.03
sameshdoctor973@ybl,1,ACC010725,0,0.0
senojasvi972@okhdfcbank,1,ACC010726,2,9.52
falguniyohannan507@oksbi,1,ACC010727,0,0.0
lakshghose741@okhdfcbank,1,ACC010728,1,14.0
suleishaan368@okhdfcbank,1,ACC010729,0,0.0
michaelsawhney41@okicici,1,ACC010730,3,53.68
ybajwa471@paytm,1,ACC010731,1,23.78
pdash795@oksbi,1,ACC010732,1,19.58
xtaneja131@okhdfcbank,1,ACC010733,1,8.4
norironith112@paytm,1,ACC010734,1,35.0
eshanamital526@paytm,1,ACC010735,1,40.95
abhamohanty851@okaxis,1,ACC010736,3,125.3
asani985@ybl,1,ACC010737,3,87.48
boaseqabil595@okicici,1,ACC010738,1,52.5
bahljanya870@ybl,1,ACC010739,1,37.78
kalitajanya839@okicici,1,ACC010740,0,0.0
sarafgeetika442@okicici,1,ACC010741,0,0.0
aarinibabu448@oksbi,1,ACC010742,1,113.05
kalalekha584@okhdfcbank,1,ACC010743,0,0.0
forumnori193@okhdfcbank,1,ACC010744,3,89.93
qabil42545@paytm,1,ACC010745,0,0.0
lkeer917@okhdfcbank,1,ACC010746,0,0.0
pushtichand476@okicici,1,ACC010747,1,26.95
hkadakia258@okicici,1,ACC010748,1,40.95
nagarajangaurika615@okicici,1,ACC010749,2,53.82
kadakiapraneel143@okhdfcbank,1,ACC010750,0,0.0
bahlharsh508@oksbi,1,ACC010751,2,58.06
nagisai803@ybl,1,ACC010752,5,330.01
ydani912@okhdfcbank,1,ACC010753,4,108.48
sandhulogan445@oksbi,1,ACC010754,5,312.18
trivenichawla407@oksbi,1,ACC010755,1,52.5
hemanibera389@paytm,1,ACC010756,0,0.0
gaurang79875@okicici,1,ACC010757,0,0.0
amemon595@ybl,1,ACC010758,0,0.0
deneha375@okicici,1,ACC010759,1,59.85
mitterfaris59@okicici,1,ACC010760,0,0.0
ravijacob376@okhdfcbank,1,ACC010761,0,0.0
chandharinakshi85@paytm,1,ACC010762,0,0.0
morarcharita710@okaxis,1,ACC010763,0,0.0
pmahal872@oksbi,1,ACC010764,0,0.0
narainati513@okaxis,1,ACC010765,3,129.83
bbobal785@okaxis,1,ACC010766,0,0.0
varkeysachi558@oksbi,1,ACC010767,0,0.0
datemitesh744@ybl,1,ACC010768,3,88.53
oviya70913@paytm,1,ACC010769,1,40.95
swaminathanchaitanya911@okicici,1,ACC010770,1,10.15
mallickvidhi417@okhdfcbank,1,ACC010771,2,127.73
walifiyaz768@okhdfcbank,1,ACC010772,0,0.0
idikagoswami888@paytm,1,ACC010773,0,0.0
oviya42362@paytm,1,ACC010774,0,0.0
vigisaac192@okhdfcbank,1,ACC010775,0,0.0
pjani589@okaxis,1,ACC010776,2,82.91
varsha84839@okicici,1,ACC010777,1,23.78
aarnasood499@okicici,1,ACC010778,3,68.42
qdeshmukh661@oksbi,1,ACC010779,3,181.97
krishnamaya86@paytm,1,ACC010780,2,298.9
nwali895@okicici,1,ACC010781,2,56.67
ksamra8@paytm,1,ACC010782,0,0.0
henrydyal994@oksbi,1,ACC010783,0,0.0
yashasvi39932@okaxis,1,ACC010784,2,18.44
jacksonbajaj168@oksbi,1,ACC010785,2,46.2
timothybhat594@okaxis,1,ACC010786,2,35.68
lekha3010@paytm,1,ACC010787,2,39.91
vasatika01265@okicici,1,ACC010788,1,14.0
lwable774@okaxis,1,ACC010789,1,47.42
chakrika64577@oksbi,1,ACC010790,0,0.0
pallyatin177@paytm,1,ACC010791,2,191.35
kabir39352@oksbi,1,ACC010792,0,0.0
deojeremiah415@oksbi,1,ACC010793,3,114.56
dixitnidhi483@okicici,1,ACC010794,1,59.85
sarthaksethi392@okaxis,1,ACC010795,0,0.0
teerthbains564@okhdfcbank,1,ACC010796,2,30.67
goyaljason406@paytm,1,ACC010797,0,0.0
netraraju74@okicici,1,ACC010798,0,0.0
memonlogan192@okhdfcbank,1,ACC010799,0,0.0
badalreyansh344@oksbi,1,ACC010800,0,0.0
shanharrison428@ybl,1,ACC010801,1,20.28
vrinda35777@okaxis,1,ACC010802,0,0.0
oeshikhanna622@okhdfcbank,1,ACC010803,5,295.69
rachitgupta416@paytm,1,ACC010804,1,26.95
hkorpal339@okaxis,1,ACC010805,0,0.0
ibajaj502@oksbi,1,ACC010806,0,0.0
xkonda969@okhdfcbank,1,ACC010807,1,17.5
jonathanparikh117@okicici,1,ACC010808,1,37.97
suhanirandhawa645@okhdfcbank,1,ACC010809,0,0.0
eborra378@ybl,1,ACC010810,0,0.0
varmagauri791@okicici,1,ACC010811,1,76.98
cheemavasana627@ybl,1,ACC010812,1,20.28
bassiekavir56@okicici,1,ACC010813,2,136.13
qraju81@ybl,1,ACC010814,3,162.71
madhavanand569@oksbi,1,ACC010815,0,0.0
triyavenkataraman558@okicici,1,ACC010816,0,0.0
yashvimurty160@paytm,1,ACC010817,1,12.25
wmishra983@okhdfcbank,1,ACC010818,0,0.0
varenya46723@okicici,1,ACC010819,0,0.0
chamansrinivasan257@okicici,1,ACC010820,0,0.0
uchoudhary398@okhdfcbank,1,ACC010821,0,0.0
shahyashvi938@ybl,1,ACC010822,2,138.25
jagvi80283@ybl,1,ACC010823,0,0.0
wridesh65153@okaxis,1,ACC010824,0,0.0
kuruvillaamol436@okhdfcbank,1,ACC010825,1,35.0
pushti0037@oksbi,1,ACC010826,1,7.0
yugganesan611@oksbi,1,ACC010827,3,147.0
vasatika51293@ybl,1,ACC010828,2,42.48
maharajdaksh96@okhdfcbank,1,ACC010829,1,9.08
vaishnavi13667@ybl,1,ACC010830,2,55.63
urishillabhatnagar868@ybl,1,ACC010831,0,0.0
arjun6644@oksbi,1,ACC010832,1,40.95
matthew06494@paytm,1,ACC010833,2,52.14
zaidthakkar618@okicici,1,ACC010834,0,0.0
majumdarekansh32@oksbi,1,ACC010835,0,0.0
rajata92777@oksbi,1,ACC010836,0,0.0
mandalisaiah540@okicici,1,ACC010837,5,184.17
kalamitali535@okhdfcbank,1,ACC010838,0,0.0
maharajwarinder172@paytm,1,ACC010839,0,0.0
krishhemangini422@ybl,1,ACC010840,0,0.0
sarinreyansh714@oksbi,1,ACC010841,0,0.0
tsule291@okhdfcbank,1,ACC010842,2,82.6
kpathak519@okicici,1,ACC010843,1,28.25
abeermuni486@oksbi,1,ACC010844,2,36.22
jkhatri400@okicici,1,ACC010845,0,0.0
xrastogi391@okaxis,1,ACC010846,2,41.3
ramanathanjagrati53@oksbi,1,ACC010847,1,30.78
qasimnath718@oksbi,1,ACC010848,0,0.0
ngala83@ybl,1,ACC010849,1,37.78
hsoni324@ybl,1,ACC010850,0,0.0
yashasviyadav582@oksbi,1,ACC010851,3,40.64
tbuch988@okhdfcbank,1,ACC010852,2,37.78
devikaupadhyay167@ybl,1,ACC010853,0,0.0
miteshamble338@okicici,1,ACC010854,0,0.0
choudhurychaitanya841@okhdfcbank,1,ACC010855,2,73.48
niharikakalla170@okaxis,1,ACC010856,2,11.68
fitan21541@okhdfcbank,1,ACC010857,1,11.32
akohli255@okicici,1,ACC010858,0,0.0
pkurian397@okhdfcbank,1,ACC010859,1,20.65
zashil94201@okhdfcbank,1,ACC010860,2,27.28
tanvi63384@ybl,1,ACC010861,2,37.43
sachdevabha114@okicici,1,ACC010862,0,0.0
triptidubey292@paytm,1,ACC010863,1,82.93
dassqabil567@oksbi,1,ACC010864,0,0.0
garimamerchant616@okhdfcbank,1,ACC010865,2,22.73
gargkritika418@okicici,1,ACC010866,0,0.0
xdutt563@paytm,1,ACC010867,0,0.0
finn63102@okicici,1,ACC010868,1,4.48
msharma425@oksbi,1,ACC010869,0,0.0
patelnilima506@okhdfcbank,1,ACC010870,2,52.81
ynadig982@oksbi,1,ACC010871,0,0.0
daveati743@okaxis,1,ACC010872,2,69.98
obail885@okicici,1,ACC010873,3,54.16
pmajumdar286@okaxis,1,ACC010874,2,44.34
psawhney363@okicici,1,ACC010875,3,109.9
talwarkeya633@okaxis,1,ACC010876,5,466.18
fiyaz84311@ybl,1,ACC010877,0,0.0
aadhyabassi475@oksbi,1,ACC010878,0,0.0
dbera716@ybl,1,ACC010879,1,37.78
brahmbhattsamuel217@paytm,1,ACC010880,0,0.0
qarinwable757@okhdfcbank,1,ACC010881,0,0.0
royaayush501@oksbi,1,ACC010882,0,0.0
dinishanvi126@oksbi,1,ACC010883,0,0.0
aradhakrishnan251@ybl,1,ACC010884,3,127.36
manbir15969@okhdfcbank,1,ACC010885,2,153.65
samadeepa198@ybl,1,ACC010886,3,59.83
jagdish10529@ybl,1,ACC010887,2,189.1
tanejachaman486@okhdfcbank,1,ACC010888,1,5.25
ojani294@paytm,1,ACC010889,1,10.5
yochana50294@okaxis,1,ACC010890,1,17.5
loganjha325@okicici,1,ACC010891,1,17.32
fariq6533@oksbi,1,ACC010892,2,135.95
balvan11847@okaxis,1,ACC010893,1,117.25
janiyochana409@okhdfcbank,1,ACC010894,2,214.55
zsaraf476@paytm,1,ACC010895,3,85.73
benjamindatta467@oksbi,1,ACC010896,2,80.5
gaganben460@okhdfcbank,1,ACC010897,1,10.15
singhalkalpit889@okhdfcbank,1,ACC010898,2,47.08
gaurang95759@okicici,1,ACC010899,1,20.65
ayushdutta72@okaxis,1,ACC010900,0,0.0
chatresh29580@ybl,1,ACC010901,0,0.0
yashoda8946@okhdfcbank,1,ACC010902,1,45.48
fsekhon863@paytm,1,ACC010903,1,20.65
barmanoscar842@paytm,1,ACC010904,0,0.0
vidhisarraf356@paytm,1,ACC010905,4,218.0
palfarhan821@okicici,1,ACC010906,1,19.25
xnatt619@paytm,1,ACC010907,0,0.0
chasmumraja290@paytm,1,ACC010908,1,20.28
badalgaurav106@ybl,1,ACC010909,1,12.07
settybhanumati512@paytm,1,ACC010910,3,125.58
yashawini24280@okhdfcbank,1,ACC010911,3,46.35
karhitesh309@okicici,1,ACC010912,0,0.0
ayushrai238@okhdfcbank,1,ACC010913,1,20.28
johalaahana799@okaxis,1,ACC010914,2,32.86
ravikritika817@ybl,1,ACC010915,0,0.0
niteshdugar823@paytm,1,ACC010916,1,17.15
ysoman417@okaxis,1,ACC010917,2,42.53
devanlajita614@okicici,1,ACC010918,0,0.0
adya61436@oksbi,1,ACC010919,1,49.35
kohlinaksh356@okhdfcbank,1,ACC010920,1,11.54
frado28968@okaxis,1,ACC010921,2,100.8
warhi42848@paytm,1,ACC010922,1,19.58
bhavini43188@oksbi,1,ACC010923,1,35.0
gvenkatesh975@oksbi,1,ACC010924,1,79.1
damyantisagar800@okicici,1,ACC010925,0,0.0
darshmittal361@okhdfcbank,1,ACC010926,2,90.28
aurorakritika490@okicici,1,ACC010927,0,0.0
obhatnagar549@okhdfcbank,1,ACC010928,2,40.58
sai73159@okicici,1,ACC010929,0,0.0
keya36462@okicici,1,ACC010930,1,13.65
henrysrivastava596@okhdfcbank,1,ACC010931,2,58.1
irya80892@ybl,1,ACC010932,0,0.0
radhika25109@ybl,1,ACC010933,5,248.45
zacharya268@okicici,1,ACC010934,0,0.0
gkrish100@okaxis,1,ACC010935,2,49.52
kiaan69199@okaxis,1,ACC010936,2,162.38
saksham44218@okhdfcbank,1,ACC010937,1,17.15
zachariahfalak847@okicici,1,ACC010938,0,0.0
aahana74491@paytm,1,ACC010939,1,37.78
savantjeet731@okaxis,1,ACC010940,2,49.68
nisha18775@ybl,1,ACC010941,0,0.0
mghose212@okaxis,1,ACC010942,3,61.25
pbehl246@paytm,1,ACC010943,0,0.0
gandhithomas612@paytm,1,ACC010944,1,22.34
koshywishi253@okicici,1,ACC010945,2,211.05
chauhanedhitha225@okicici,1,ACC010946,0,0.0
divanvyanjana194@okicici,1,ACC010947,1,1.75
nehaprasad161@oksbi,1,ACC010948,0,0.0
rajatasarraf999@paytm,1,ACC010949,2,272.79
saanvihegde733@okicici,1,ACC010950,0,0.0
ridhi48731@oksbi,1,ACC010951,0,0.0
tamannavala74@okaxis,1,ACC010952,1,8.33
gayathri05188@okaxis,1,ACC010953,0,0.0
yashvi5631@okaxis,1,ACC010954,3,23.31
bavalavanya157@okicici,1,ACC010955,4,58.76
aarini55449@okicici,1,ACC010956,0,0.0
turvi27492@okaxis,1,ACC010957,0,0.0
usaran407@ybl,1,ACC010958,1,20.65
jagvi17739@paytm,1,ACC010959,1,19.85
sodhibishakha306@paytm,1,ACC010960,1,9.08
hvasa903@okhdfcbank,1,ACC010961,2,54.56
rajagopalanpranav207@okicici,1,ACC010962,1,26.95
basakonveer925@ybl,1,ACC010963,0,0.0
fgola439@paytm,1,ACC010964,1,19.07
pmodi45@okhdfcbank,1,ACC010965,1,239.73
mayakannan586@okhdfcbank,1,ACC010966,0,0.0
modyvincent882@okicici,1,ACC010967,0,0.0
atiradhakrishnan133@okaxis,1,ACC010968,1,10.61
rbalan82@paytm,1,ACC010969,0,0.0
ambleunni737@oksbi,1,ACC010970,2,57.73
magarriya518@oksbi,1,ACC010971,1,40.95
haritachandran727@paytm,1,ACC010972,1,59.85
shravya04871@oksbi,1,ACC010973,0,0.0
dakshasaxena862@okhdfcbank,1,ACC010974,2,32.9
kuruvillaeesha393@okaxis,1,ACC010975,4,355.4
megha79990@paytm,1,ACC010976,0,0.0
dominicmody327@okicici,1,ACC010977,1,13.65
pradhananmol376@okaxis,1,ACC010978,4,242.55
sibalharita782@oksbi,1,ACC010979,1,79.1
pallnaksh598@okaxis,1,ACC010980,0,0.0
harshwagle958@oksbi,1,ACC010981,0,0.0
modyluke150@okhdfcbank,1,ACC010982,1,17.5
henrysharaf681@okicici,1,ACC010983,1,232.4
thakurekbal914@okicici,1,ACC010984,0,0.0
anshchauhan880@okicici,1,ACC010985,2,121.08
fitan80137@oksbi,1,ACC010986,4,131.75
jmurthy203@okhdfcbank,1,ACC010987,1,49.35
gopalyoshita348@oksbi,1,ACC010988,4,46.88
pairadhika430@okicici,1,ACC010989,3,178.5
adya35552@ybl,1,ACC010990,1,155.75
kapooranjali377@okaxis,1,ACC010991,3,188.87
imore692@okaxis,1,ACC010992,2,115.5
panchaljanuja578@okicici,1,ACC010993,0,0.0
chadhadarsh11@paytm,1,ACC010994,5,92.47
jdeshpande41@okhdfcbank,1,ACC010995,4,187.94
gdua225@paytm,1,ACC010996,0,0.0
sibaldivya979@paytm,1,ACC010997,0,0.0
ibhargava815@paytm,1,ACC010998,1,40.95
victor55611@oksbi,1,ACC010999,0,0.0
avasa671@paytm,1,ACC011000,0,0.0
vyanjana0278@ybl,1,ACC011001,1,11.9
ikothari171@okhdfcbank,1,ACC011002,1,72.1
aarnavpatel141@okhdfcbank,1,ACC011003,1,52.48
npradhan716@okicici,1,ACC011004,0,0.0
ngopal139@okicici,1,ACC011005,1,37.78
maanav73225@okhdfcbank,1,ACC011006,1,12.93
chauhansamaksh1@okicici,1,ACC011007,1,37.78
ydara285@oksbi,1,ACC011008,1,144.18
nswaminathan128@okaxis,1,ACC011009,0,0.0
wdin356@okaxis,1,ACC011010,4,564.26
yauvaniborah422@oksbi,1,ACC011011,2,80.13
baradyadavi768@okaxis,1,ACC011012,0,0.0
jackson46976@ybl,1,ACC011013,0,0.0
omarya169@ybl,1,ACC011014,1,12.58
caurora180@ybl,1,ACC011015,1,40.95
sai91232@okicici,1,ACC011016,1,20.65
vvirk967@oksbi,1,ACC011017,0,0.0
banerjeetriya470@paytm,1,ACC011018,1,8.75
falguni59892@okhdfcbank,1,ACC011019,3,80.67
goyalbhanumati786@okhdfcbank,1,ACC011020,1,12.58
ekavir43869@okicici,1,ACC011021,1,37.78
latalila816@ybl,1,ACC011022,1,193.9
adyapant617@ybl,1,ACC011023,0,0.0
vidhiluthra408@okicici,1,ACC011024,2,81.53
davidchadha49@paytm,1,ACC011025,1,20.28
varenya3049@paytm,1,ACC011026,1,35.0
bhandarijeevika690@ybl,1,ACC011027,1,138.95
dchanda95@paytm,1,ACC011028,1,40.95
vcheema76@okicici,1,ACC011029,1,55.98
ranganathangagan74@paytm,1,ACC011030,0,0.0
sanetripti756@okhdfcbank,1,ACC011031,0,0.0
kaurquincy735@okhdfcbank,1,ACC011032,0,0.0
vritti59267@okhdfcbank,1,ACC011033,1,12.58
aarushwali644@paytm,1,ACC011034,1,15.03
jdhar173@ybl,1,ACC011035,4,468.1
jlal469@okaxis,1,ACC011036,0,0.0
chatresh33594@ybl,1,ACC011037,2,37.23
gunbirbora540@okaxis,1,ACC011038,1,14.7
bhavinisuresh13@okhdfcbank,1,ACC011039,4,558.95
wchatterjee537@paytm,1,ACC011040,5,104.4
nbhagat857@ybl,1,ACC011041,4,50.67
rbhagat870@ybl,1,ACC011042,1,20.65
nakul82516@okhdfcbank,1,ACC011043,0,0.0
oni50521@paytm,1,ACC011044,1,5.25
ekani59773@okhdfcbank,1,ACC011045,1,10.83
rajeshrisarraf93@okicici,1,ACC011046,1,10.83
daniel44329@ybl,1,ACC011047,1,12.58
nagarishita334@okaxis,1,ACC011048,0,0.0
hdatta923@oksbi,1,ACC011049,1,20.65
ethan25351@paytm,1,ACC011050,1,12.58
dasguptahiral2@okhdfcbank,1,ACC011051,2,38.55
purilekha10@ybl,1,ACC011052,0,0.0
wnarayan395@ybl,1,ACC011053,1,21.0
aashichoudhary94@okhdfcbank,1,ACC011054,1,9.79
shravyadeol767@paytm,1,ACC011055,0,0.0
kundabhanumati338@okaxis,1,ACC011056,1,14.0
purixiti919@oksbi,1,ACC011057,3,84.5
danielpandya647@okaxis,1,ACC011058,5,371.88
aarnav50506@okaxis,1,ACC011059,0,0.0
uwalia179@okaxis,1,ACC011060,0,0.0
bhavini57377@paytm,1,ACC011061,0,0.0
unnati19125@ybl,1,ACC011062,1,25.72
cherianurmi374@okicici,1,ACC011063,2,443.24
raagini30242@okaxis,1,ACC011064,3,97.6
chanderjeet67@okaxis,1,ACC011065,2,43.4
suhanisaraf649@paytm,1,ACC011066,1,10.15
wganesan251@okaxis,1,ACC011067,5,335.97
tnarayan398@okhdfcbank,1,ACC011068,4,79.0
ilanka631@okicici,1,ACC011069,0,0.0
forum33291@okhdfcbank,1,ACC011070,1,28.7
suhaniprabhu841@ybl,1,ACC011071,0,0.0
gerabhavya901@okhdfcbank,1,ACC011072,0,0.0
abhimanyugoel895@ybl,1,ACC011073,1,20.65
etalwar878@oksbi,1,ACC011074,0,0.0
gokhaleomisha967@okaxis,1,ACC011075,0,0.0
sdugal79@oksbi,1,ACC011076,0,0.0
jchoudhary74@oksbi,1,ACC011077,2,51.36
mannananya935@oksbi,1,ACC011078,3,75.95
urajagopal204@okhdfcbank,1,ACC011079,4,136.81
vben794@okaxis,1,ACC011080,1,59.85
sarnaxalak577@oksbi,1,ACC011081,2,125.28
wgandhi91@okaxis,1,ACC011082,0,0.0
upadhritimalhotra973@okicici,1,ACC011083,4,134.34
wakeeta04685@oksbi,1,ACC011084,2,38.15
vasana25376@okaxis,1,ACC011085,0,0.0
anikamangal621@okaxis,1,ACC011086,0,0.0
bahlabhimanyu837@okaxis,1,ACC011087,1,48.28
vansha0333@okhdfcbank,1,ACC011088,1,32.2
froy104@okaxis,1,ACC011089,0,0.0
aarushthaker164@okaxis,1,ACC011090,0,0.0
usachdev979@okaxis,1,ACC011091,1,35.0
geetika67591@okaxis,1,ACC011092,1,117.25
anjalithaman17@okhdfcbank,1,ACC011093,1,15.4
okapur240@okhdfcbank,1,ACC011094,0,0.0
kashishsridhar743@okicici,1,ACC011095,1,8.04
kamyarattan818@okicici,1,ACC011096,2,46.39
kashyapnihal421@okaxis,1,ACC011097,2,90.3
zjani4@oksbi,1,ACC011098,1,79.1
duakamya121@okaxis,1,ACC011099,0,0.0
nswaminathan863@oksbi,1,ACC011100,0,0.0
gparmer512@ybl,1,ACC011101,0,0.0
aditya69419@okicici,1,ACC011102,2,16.33
gramanathan247@okaxis,1,ACC011103,4,108.81
venkataramananvi274@paytm,1,ACC011104,0,0.0
behledhitha359@okicici,1,ACC011105,3,298.43
esathe891@okhdfcbank,1,ACC011106,4,313.6
rborah471@okicici,1,ACC011107,1,15.57
sharmapooja876@okaxis,1,ACC011108,1,19.95
wchhabra882@oksbi,1,ACC011109,2,34.63
kalahredhaan474@oksbi,1,ACC011110,0,0.0
mandhemangini644@paytm,1,ACC011111,1,147.88
kalathomas207@okhdfcbank,1,ACC011112,3,93.43
bajwachavvi740@oksbi,1,ACC011113,0,0.0
dugalojas636@oksbi,1,ACC011114,0,0.0
gayathri89685@paytm,1,ACC011115,0,0.0
ogarde32@ybl,1,ACC011116,0,0.0
lilakapadia693@okhdfcbank,1,ACC011117,0,0.0
aroralavanya62@paytm,1,ACC011118,0,0.0
wadhwawriddhish406@okaxis,1,ACC011119,1,20.65
umani54@okhdfcbank,1,ACC011120,1,86.1
kamyanarayanan234@paytm,1,ACC011121,1,55.98
mandaucchal282@okhdfcbank,1,ACC011122,0,0.0
indalicomar552@okhdfcbank,1,ACC011123,1,54.24
gpingle192@paytm,1,ACC011124,1,8.75
ozaridhi399@okicici,1,ACC011125,1,26.25
waziranne867@oksbi,1,ACC011126,1,37.78
noah88167@paytm,1,ACC011127,2,67.2
agoda580@okhdfcbank,1,ACC011128,3,341.18
baradmatthew681@oksbi,1,ACC011129,1,17.5
jbahl658@okhdfcbank,1,ACC011130,0,0.0
pranitmane646@okhdfcbank,1,ACC011131,0,0.0
uarora189@okhdfcbank,1,ACC011132,3,69.98
nhayre566@okicici,1,ACC011133,2,38.85
banjeetedwin703@paytm,1,ACC011134,0,0.0
cnarayan908@ybl,1,ACC011135,2,257.6
logangolla73@okhdfcbank,1,ACC011136,1,30.78
gauritak862@ybl,1,ACC011137,1,1.44
dixitvedika543@okicici,1,ACC011138,1,10.15
zpanchal683@okaxis,1,ACC011139,1,37.78
dhruvbuch668@oksbi,1,ACC011140,0,0.0
guneet33921@okicici,1,ACC011141,1,109.18
nagyliam943@okicici,1,ACC011142,3,77.73
dewantamanna30@ybl,1,ACC011143,0,0.0
contractorkabir140@ybl,1,ACC011144,1,27.63
cpatla858@paytm,1,ACC011145,5,197.92
anayrajagopalan957@paytm,1,ACC011146,1,20.65
zbuch155@oksbi,1,ACC011147,1,17.5
isaac60589@okicici,1,ACC011148,1,37.78
isha864@ybl,1,ACC011149,0,0.0
chaman05971@ybl,1,ACC011150,1,155.75
lohit02587@okicici,1,ACC011151,1,17.5
xsaxena897@oksbi,1,ACC011152,1,59.85
balatarak7@okaxis,1,ACC011153,1,8.4
anirudhkrishnan546@okaxis,1,ACC011154,0,0.0
dhawanfalguni738@paytm,1,ACC011155,0,0.0
chaaya1891@okaxis,1,ACC011156,1,52.5
anay24193@okicici,1,ACC011157,2,143.83
yadavishukla295@okhdfcbank,1,ACC011158,0,0.0
aarini07963@okaxis,1,ACC011159,0,0.0
jupadhyay776@okaxis,1,ACC011160,1,37.78
orinder30733@oksbi,1,ACC011161,0,0.0
fpanchal282@okaxis,1,ACC011162,5,148.71
charviwarrior628@okicici,1,ACC011163,0,0.0
yogirohan668@okicici,1,ACC011164,2,447.98
chatura89390@okicici,1,ACC011165,2,116.88
panini21688@okhdfcbank,1,ACC011166,1,12.58
bhatnagaryatan782@okaxis,1,ACC011167,1,25.53
amruta5065@oksbi,1,ACC011168,0,0.0
pahal27965@okicici,1,ACC011169,0,0.0
thakkarhenry93@paytm,1,ACC011170,5,212.78
forumshah511@okaxis,1,ACC011171,3,62.28
agarwalazaan250@okaxis,1,ACC011172,0,0.0
kamdarwaida215@okicici,1,ACC011173,7,267.74
ishathaman608@okicici,1,ACC011174,1,13.65
imaranbhattacharyya72@ybl,1,ACC011175,0,0.0
dedwin690@okhdfcbank,1,ACC011176,1,21.0
sara97408@ybl,1,ACC011177,1,16.96
omisha84344@okicici,1,ACC011178,0,0.0
isaacbajaj524@paytm,1,ACC011179,0,0.0
oeshi71750@paytm,1,ACC011180,1,17.5
nitaradua857@ybl,1,ACC011181,1,18.53
nbehl7@paytm,1,ACC011182,1,73.48
zachariahhritik157@paytm,1,ACC011183,0,0.0
pallkevin788@okhdfcbank,1,ACC011184,1,20.3
vasatika41804@okaxis,1,ACC011185,0,0.0
vasana75574@paytm,1,ACC011186,0,0.0
kapadiadiya589@oksbi,1,ACC011187,3,144.59
lmenon752@oksbi,1,ACC011188,1,11.32
singhalneha814@paytm,1,ACC011189,3,81.18
veersodhi382@paytm,1,ACC011190,1,15.03
ichhabra666@okicici,1,ACC011191,0,0.0
achoudhury996@okaxis,1,ACC011192,0,0.0
rajagopalaashi584@oksbi,1,ACC011193,1,52.5
girish82933@okhdfcbank,1,ACC011194,3,420.66
lankayutika811@okicici,1,ACC011195,0,0.0
vidhimammen937@okicici,1,ACC011196,1,10.48
charan63143@ybl,1,ACC011197,3,193.65
vamakshisaxena591@oksbi,1,ACC011198,3,136.99
watika16956@okicici,1,ACC011199,1,20.28
jasmit77936@ybl,1,ACC011200,3,69.83
smadan179@oksbi,1,ACC011201,0,0.0
falguni48457@okhdfcbank,1,ACC011202,1,20.28
morartejas658@okicici,1,ACC011203,3,65.8
ayush08632@okicici,1,ACC011204,1,20.65
chakradharganesh231@ybl,1,ACC011205,1,14.24
kotharikashvi567@okicici,1,ACC011206,2,86.06
fariq13310@ybl,1,ACC011207,0,0.0
imaran72599@oksbi,1,ACC011208,5,115.81
lgopal217@ybl,1,ACC011209,0,0.0
manbir66932@oksbi,1,ACC011210,3,58.43
dev00481@okaxis,1,ACC011211,0,0.0
baljiwan44974@ybl,1,ACC011212,1,35.0
yasti19714@okaxis,1,ACC011213,3,61.4
harinakshidara136@okaxis,1,ACC011214,1,108.48
ydar135@okaxis,1,ACC011215,0,0.0
panditdarsh933@okicici,1,ACC011216,1,20.65
ladraghav652@okaxis,1,ACC011217,1,40.95
agastya91463@paytm,1,ACC011218,2,87.15
abdul16516@paytm,1,ACC011219,4,437.43
sharmaindrajit831@okaxis,1,ACC011220,0,0.0
wrao173@ybl,1,ACC011221,4,151.16
advikabahri714@ybl,1,ACC011222,1,203.86
samarsahni774@okicici,1,ACC011223,1,52.5
falankarpe24@paytm,1,ACC011224,0,0.0
siddharthkhare294@ybl,1,ACC011225,1,40.95
memoneta870@oksbi,1,ACC011226,1,17.5
udhingra993@okaxis,1,ACC011227,0,0.0
mmannan497@okicici,1,ACC011228,3,50.93
oni27574@okhdfcbank,1,ACC011229,0,0.0
oganguly542@oksbi,1,ACC011230,0,0.0
dhaliwalkai920@okaxis,1,ACC011231,0,0.0
baliyadavi918@paytm,1,ACC011232,2,69.63
hbrahmbhatt316@ybl,1,ACC011233,0,0.0
wwason292@oksbi,1,ACC011234,0,0.0
khuranatanish455@okaxis,1,ACC011235,1,23.97
qpadmanabhan661@paytm,1,ACC011236,0,0.0
nidra38260@okicici,1,ACC011237,0,0.0
shivanipatla595@ybl,1,ACC011238,4,144.5
mohinichandra217@okaxis,1,ACC011239,1,11.9
srinivasanbenjamin471@okaxis,1,ACC011240,1,35.0
iacharya215@okicici,1,ACC011241,2,45.14
advaithjha211@oksbi,1,ACC011242,1,37.78
nirjabhat668@paytm,1,ACC011243,0,0.0
subramanianchaitanya891@okhdfcbank,1,ACC011244,1,37.78
hredhaan83431@ybl,1,ACC011245,5,619.18
arya29618@oksbi,1,ACC011246,1,20.28
mannandrew910@oksbi,1,ACC011247,0,0.0
srivastavachaitaly528@okhdfcbank,1,ACC011248,0,0.0
wkothari16@ybl,1,ACC011249,1,6.72
qswamy195@paytm,1,ACC011250,0,0.0
gokhalearunima322@ybl,1,ACC011251,0,0.0
dgola391@okhdfcbank,1,ACC011252,1,71.74
urmipillay529@paytm,1,ACC011253,0,0.0
mbiswas251@okaxis,1,ACC011254,4,101.31
onkar94206@oksbi,1,ACC011255,1,87.19
edhithawason745@ybl,1,ACC011256,3,84.35
hluthra384@ybl,1,ACC011257,3,78.4
mallickgaurangi719@okaxis,1,ACC011258,2,84.82
jreddy187@okhdfcbank,1,ACC011259,1,17.5
yauvani73307@okhdfcbank,1,ACC011260,0,0.0
eiravatigade515@okhdfcbank,1,ACC011261,1,34.28
balanjacob486@oksbi,1,ACC011262,1,29.03
diya25984@okhdfcbank,1,ACC011263,1,52.5
krishnawarda259@oksbi,1,ACC011264,1,10.83
ijayathaman433@okicici,1,ACC011265,1,97.98
wazirmuni726@okicici,1,ACC011266,1,20.65
tanveer64578@oksbi,1,ACC011267,1,5.58
farhan51332@okaxis,1,ACC011268,0,0.0
yranganathan897@okicici,1,ACC011269,1,13.65
ccheema943@oksbi,1,ACC011270,3,89.23
ydivan30@okhdfcbank,1,ACC011271,0,0.0
hganesan840@okicici,1,ACC011272,0,0.0
chowdhuryharshil884@okaxis,1,ACC011273,0,0.0
charles71148@ybl,1,ACC011274,0,0.0
ubarman149@okicici,1,ACC011275,0,0.0
jasmit82395@okaxis,1,ACC011276,1,19.77
ayaan04137@oksbi,1,ACC011277,2,112.4
dyalojas857@okicici,1,ACC011278,2,53.18
tanmayi71380@paytm,1,ACC011279,0,0.0
zaid55916@okicici,1,ACC011280,5,131.19
anthonymore924@ybl,1,ACC011281,2,64.38
khuranalajita714@okhdfcbank,1,ACC011282,3,83.96
sara49507@okicici,1,ACC011283,2,21.0
kavya19943@okhdfcbank,1,ACC011284,2,144.88
mitalarya525@okaxis,1,ACC011285,0,0.0
timothy14847@okicici,1,ACC011286,0,0.0
watika2270@paytm,1,ACC011287,1,26.25
atharv38165@okhdfcbank,1,ACC011288,1,10.15
cjani470@oksbi,1,ACC011289,4,134.73
sinhaunnati170@okicici,1,ACC011290,2,19.23
simonkrishnamurthy659@okaxis,1,ACC011291,0,0.0
jagatchopra417@oksbi,1,ACC011292,2,51.78
balvandas186@paytm,1,ACC011293,5,124.56
upadhyayyachana857@okicici,1,ACC011294,0,0.0
deolgirish177@paytm,1,ACC011295,1,74.55
mahalshivansh780@okicici,1,ACC011296,2,96.58
ekiya5782@ybl,1,ACC011297,0,0.0
arya07219@paytm,1,ACC011298,1,19.77
yprasad274@okhdfcbank,1,ACC011299,2,98.0
orinderwason331@okicici,1,ACC011300,1,11.9
csathe749@paytm,1,ACC011301,1,37.78
gsood417@okaxis,1,ACC011302,0,0.0
samuel10842@okhdfcbank,1,ACC011303,1,37.78
hdara903@okaxis,1,ACC011304,0,0.0
kai76635@okaxis,1,ACC011305,0,0.0
pavani8354@okicici,1,ACC011306,1,35.33
riyathaker868@okicici,1,ACC011307,1,20.28
cdube345@paytm,1,ACC011308,5,104.0
vincent57173@okhdfcbank,1,ACC011309,3,59.3
umahajan692@okaxis,1,ACC011310,0,0.0
bakhshi17519@okhdfcbank,1,ACC011311,0,0.0
karnikharinakshi929@oksbi,1,ACC011312,1,315.0
michaeldayal209@okaxis,1,ACC011313,2,207.44
falan44281@paytm,1,ACC011314,0,0.0
glall943@oksbi,1,ACC011315,0,0.0
kumermason721@ybl,1,ACC011316,2,37.43
balendramangat285@okhdfcbank,1,ACC011317,0,0.0
drama911@okhdfcbank,1,ACC011318,0,0.0
gunbir13417@okicici,1,ACC011319,1,35.0
nsastry340@ybl,1,ACC011320,1,14.41
yogiazad914@oksbi,1,ACC011321,1,9.3
zpal861@okaxis,1,ACC011322,0,0.0
samarthmore921@okaxis,1,ACC011323,1,10.15
prisha51875@okhdfcbank,1,ACC011324,1,22.03
bhavikawalia814@ybl,1,ACC011325,0,0.0
sara60352@oksbi,1,ACC011326,1,13.65
kiyengar24@ybl,1,ACC011327,1,53.18
vyohannan95@ybl,1,ACC011328,0,0.0
chavvi52661@paytm,1,ACC011329,1,17.5
jnagar42@paytm,1,ACC011330,2,29.72
edwinchakradev922@okicici,1,ACC011331,1,59.85
daniel06681@paytm,1,ACC011332,0,0.0
yom113@okaxis,1,ACC011333,0,0.0
charleschoudhury376@paytm,1,ACC011334,1,87.5
hiral4393@okicici,1,ACC011335,1,59.85
sarmasuhani680@okaxis,1,ACC011336,0,0.0
devanshnagarajan45@okicici,1,ACC011337,0,0.0
udarsh94260@okaxis,1,ACC011338,1,20.28
hratti438@okaxis,1,ACC011339,2,173.56
acharyaaishani995@okhdfcbank,1,ACC011340,1,184.45
gokhaleaachal72@okhdfcbank,1,ACC011341,2,75.93
hkant537@oksbi,1,ACC011342,3,109.9
rajagopalfaras481@okhdfcbank,1,ACC011343,0,0.0
dezarna6@oksbi,1,ACC011344,3,194.6
vpandit725@ybl,1,ACC011345,2,64.03
madhavminhas714@oksbi,1,ACC011346,1,20.28
dasvictor475@okicici,1,ACC011347,3,125.3
shakritika240@okhdfcbank,1,ACC011348,3,85.5
gmunshi761@okicici,1,ACC011349,0,0.0
hbhandari273@okaxis,1,ACC011350,2,32.55
saumyamittal774@okaxis,1,ACC011351,2,40.26
lakshchoudhury688@paytm,1,ACC011352,2,69.84
darajeremiah218@oksbi,1,ACC011353,1,28.75
msharaf162@oksbi,1,ACC011354,0,0.0
indirasaraf898@paytm,1,ACC011355,5,83.25
pmisra736@oksbi,1,ACC011356,3,93.97
bhatnagarladli495@paytm,1,ACC011357,2,37.43
rajagopalanaahana229@ybl,1,ACC011358,2,93.76
tandonabdul687@okaxis,1,ACC011359,1,47.23
abhimanyukhosla779@okicici,1,ACC011360,2,55.65
saihari249@okhdfcbank,1,ACC011361,3,145.95
chaudharimugdha450@okaxis,1,ACC011362,2,50.4
leena56171@okicici,1,ACC011363,0,0.0
ranavidhi917@ybl,1,ACC011364,2,234.85
xsani330@ybl,1,ACC011365,1,20.28
simonwason236@okaxis,1,ACC011366,1,19.31
frado99799@okaxis,1,ACC011367,0,0.0
oshaanand624@okhdfcbank,1,ACC011368,0,0.0
joshimanthan398@ybl,1,ACC011369,0,0.0
vasatika73260@paytm,1,ACC011370,1,193.9
revashetty940@ybl,1,ACC011371,3,245.34
ztoor601@okaxis,1,ACC011372,1,57.38
onkarkhurana955@okhdfcbank,1,ACC011373,2,70.0
ridhi41790@okicici,1,ACC011374,2,184.43
nagarajananvi224@okaxis,1,ACC011375,0,0.0
eshanachar356@okhdfcbank,1,ACC011376,2,28.7
krishnareddy256@oksbi,1,ACC011377,0,0.0
lmanne466@oksbi,1,ACC011378,0,0.0
misrakrisha16@okicici,1,ACC011379,0,0.0
pillayati746@paytm,1,ACC011380,0,0.0
upadhyaynoah287@okicici,1,ACC011381,0,0.0
tandonjonathan479@okhdfcbank,1,ACC011382,1,193.9
xgala662@okaxis,1,ACC011383,0,0.0
bakhshisubramanian458@okhdfcbank,1,ACC011384,1,37.78
subramanianaradhana857@okaxis,1,ACC011385,0,0.0
abhimanyuramaswamy479@okhdfcbank,1,ACC011386,1,32.2
khareishani681@oksbi,1,ACC011387,1,386.4
tanejavarenya642@okhdfcbank,1,ACC011388,1,9.08
ojasvilalla71@paytm,1,ACC011389,3,179.86
ksuri783@okhdfcbank,1,ACC011390,0,0.0
omkaran328@okaxis,1,ACC011391,2,60.18
hayerchatura639@okicici,1,ACC011392,1,20.65
rlall604@okhdfcbank,1,ACC011393,0,0.0
aryaojasvi913@okaxis,1,ACC011394,1,17.15
dvohra821@paytm,1,ACC011395,1,35.0
wyatt85814@okhdfcbank,1,ACC011396,0,0.0
harishdar801@oksbi,1,ACC011397,2,93.76
ujain213@ybl,1,ACC011398,4,86.22
qtak364@okaxis,1,ACC011399,0,0.0
wishiratti928@paytm,1,ACC011400,1,17.5
nandini91330@okicici,1,ACC011401,0,0.0
rushil39330@ybl,1,ACC011402,2,33.93
dakshesh4429@oksbi,1,ACC011403,1,10.5
qarin81112@oksbi,1,ACC011404,1,38.13
aarnavdhar307@paytm,1,ACC011405,1,56.17
kumervamakshi634@okaxis,1,ACC011406,5,151.16
dalaja8667@okaxis,1,ACC011407,1,73.48
kamya917@okicici,1,ACC011408,1,79.1
charan87393@ybl,1,ACC011409,1,106.76
sathesaanvi644@okicici,1,ACC011410,3,50.41
hema6531@okicici,1,ACC011411,1,20.65
madhav52484@okaxis,1,ACC011412,2,52.81
pshetty807@okicici,1,ACC011413,3,75.75
rbhatnagar842@oksbi,1,ACC011414,1,33.95
dnagy26@okicici,1,ACC011415,3,116.94
keya70787@ybl,1,ACC011416,5,181.03
aryashukla567@paytm,1,ACC011417,1,11.9
samrayashawini636@ybl,1,ACC011418,2,110.93
bchand410@okhdfcbank,1,ACC011419,2,92.66
ldevi276@okhdfcbank,1,ACC011420,1,11.32
psehgal831@ybl,1,ACC011421,0,0.0
vbehl592@paytm,1,ACC011422,1,20.28
david09948@okicici,1,ACC011423,3,218.73
ghayer172@okaxis,1,ACC011424,1,20.65
champak41381@okicici,1,ACC011425,0,0.0
deepomisha781@oksbi,1,ACC011426,5,157.85
yastichokshi741@okaxis,1,ACC011427,3,279.65
yagneshpingle687@okicici,1,ACC011428,0,0.0
rpandey73@okicici,1,ACC011429,3,137.53
saniharita805@okaxis,1,ACC011430,2,55.63
narulaabdul737@okhdfcbank,1,ACC011431,1,37.78
fparekh816@oksbi,1,ACC011432,0,0.0
qbath779@okaxis,1,ACC011433,1,35.0
jonathansachdev359@ybl,1,ACC011434,2,34.63
ekapad63540@ybl,1,ACC011435,1,19.07
kmani16@okaxis,1,ACC011436,4,160.65
wazir78784@paytm,1,ACC011437,3,62.28
ronithbajwa589@ybl,1,ACC011438,2,44.2
xchanda212@oksbi,1,ACC011439,1,13.98
nguha319@paytm,1,ACC011440,1,17.5
jagdish1036@okaxis,1,ACC011441,0,0.0
leenachaudhuri399@paytm,1,ACC011442,1,10.83
raghav79162@okaxis,1,ACC011443,1,79.1
oeshirai864@oksbi,1,ACC011444,2,14.39
dhritinatarajan410@okaxis,1,ACC011445,1,37.78
ekantamodi577@okhdfcbank,1,ACC011446,0,0.0
theodorebhavsar893@okhdfcbank,1,ACC011447,0,0.0
dixitalka792@ybl,1,ACC011448,0,0.0
ayushman93852@okhdfcbank,1,ACC011449,0,0.0
jmohan17@okhdfcbank,1,ACC011450,2,58.43
pmadan355@okicici,1,ACC011451,0,0.0
oscarchaudry783@okicici,1,ACC011452,1,2.54
yuvraj71783@okaxis,1,ACC011453,1,17.15
bhargavalogan616@oksbi,1,ACC011454,2,559.69
zdalal984@paytm,1,ACC011455,0,0.0
virkfariq990@okaxis,1,ACC011456,0,0.0
anazareth530@ybl,1,ACC011457,2,48.28
somanriya854@okaxis,1,ACC011458,2,20.65
widisha88998@oksbi,1,ACC011459,2,94.85
qpandya295@okaxis,1,ACC011460,2,121.36
khatriharinakshi71@ybl,1,ACC011461,2,26.23
simondixit712@okicici,1,ACC011462,1,11.9
robert34875@ybl,1,ACC011463,5,356.94
lopa43295@ybl,1,ACC011464,0,0.0
nidra94755@ybl,1,ACC011465,1,20.65
niteshbhat229@paytm,1,ACC011466,5,348.6
sakshamnayar153@oksbi,1,ACC011467,2,19.59
vyanjana42505@oksbi,1,ACC011468,1,20.65
thakerkeya908@okaxis,1,ACC011469,0,0.0
kpau231@oksbi,1,ACC011470,0,0.0
ishanker562@oksbi,1,ACC011471,1,10.15
harrison77498@paytm,1,ACC011472,0,0.0
eeshapandey171@okicici,1,ACC011473,2,68.25
sarnaati363@okicici,1,ACC011474,0,0.0
ubedi817@ybl,1,ACC011475,0,0.0
xaviercomar848@okicici,1,ACC011476,3,294.0
mbalan795@oksbi,1,ACC011477,3,85.74
ahujajasmit448@ybl,1,ACC011478,0,0.0
bhavinimitra78@okaxis,1,ACC011479,5,117.93
hbhasin352@okhdfcbank,1,ACC011480,0,0.0
banjeet00693@ybl,1,ACC011481,2,62.98
nazarethikshita651@oksbi,1,ACC011482,1,17.15
chaudhryyug117@paytm,1,ACC011483,2,75.95
doshiwishi219@okhdfcbank,1,ACC011484,1,37.78
ebhatnagar744@okicici,1,ACC011485,0,0.0
hemalchana698@paytm,1,ACC011486,2,53.17
narainwarda958@okaxis,1,ACC011487,1,26.95
shroffarunima969@ybl,1,ACC011488,1,12.58
sharmapallavi855@oksbi,1,ACC011489,2,20.65
eesha08924@okicici,1,ACC011490,0,0.0
darshkalita325@ybl,1,ACC011491,2,11.96
veda78986@okaxis,1,ACC011492,1,26.25
raghav41314@oksbi,1,ACC011493,2,85.73
diptabhatt102@okaxis,1,ACC011494,1,17.15
ipatla524@okaxis,1,ACC011495,1,179.18
hbava794@okhdfcbank,1,ACC011496,1,55.28
modibaghyawati623@okicici,1,ACC011497,0,0.0
adweta06551@okhdfcbank,1,ACC011498,0,0.0
dchauhan330@okicici,1,ACC011499,1,109.53
chaturabail423@okicici,1,ACC011500,2,114.43
emahajan6@ybl,1,ACC011501,1,59.85
baradtanvi159@paytm,1,ACC011502,2,61.58
indrajit82790@okaxis,1,ACC011503,1,40.95
rushildutta162@okaxis,1,ACC011504,1,8.75
rattahardik210@ybl,1,ACC011505,2,76.26
luckythaman55@ybl,1,ACC011506,0,0.0
parsaaahana185@okhdfcbank,1,ACC011507,0,0.0
george84153@okhdfcbank,1,ACC011508,1,183.4
ekanisinha805@oksbi,1,ACC011509,3,62.47
datepriya564@oksbi,1,ACC011510,1,40.95
ykapadia343@paytm,1,ACC011511,1,10.83
khuranaganga885@ybl,1,ACC011512,4,79.44
samracharles855@oksbi,1,ACC011513,2,111.86
sahniekaja871@oksbi,1,ACC011514,2,116.88
nidra88890@paytm,1,ACC011515,2,46.2
janyabasak952@ybl,1,ACC011516,0,0.0
udyatijohal913@oksbi,1,ACC011517,0,0.0
malhotraleela315@okicici,1,ACC011518,0,0.0
njaggi437@okhdfcbank,1,ACC011519,1,17.15
fsarin213@okhdfcbank,1,ACC011520,1,26.95
merchantoviya915@paytm,1,ACC011521,0,0.0
quincysarna852@paytm,1,ACC011522,0,0.0
ekani28309@ybl,1,ACC011523,1,7.08
deolbachittar94@okaxis,1,ACC011524,1,30.78
jeevikabakshi682@ybl,1,ACC011525,3,46.86
tanishjha327@okaxis,1,ACC011526,4,96.21
anthonykala749@paytm,1,ACC011527,0,0.0
rdoctor758@okicici,1,ACC011528,0,0.0
kadeoliver310@ybl,1,ACC011529,2,69.65
dayita65494@ybl,1,ACC011530,1,45.67
kalpitgara890@okaxis,1,ACC011531,1,20.65
aadhya58163@okaxis,1,ACC011532,2,46.86
upma98750@paytm,1,ACC011533,0,0.0
sathvik40621@okicici,1,ACC011534,0,0.0
madhavsampath911@paytm,1,ACC011535,2,72.78
pallyauvani669@oksbi,1,ACC011536,3,419.12
nitara55765@okhdfcbank,1,ACC011537,2,55.28
diyathaman98@okhdfcbank,1,ACC011538,1,79.1
zchawla947@okicici,1,ACC011539,0,0.0
thamanbalendra38@paytm,1,ACC011540,0,0.0
nilimamohanty195@okicici,1,ACC011541,0,0.0
nandiniswamy314@oksbi,1,ACC011542,0,0.0
gunbirkadakia847@okhdfcbank,1,ACC011543,0,0.0
xmenon670@okaxis,1,ACC011544,0,0.0
snarasimhan943@okaxis,1,ACC011545,1,37.78
xchahal496@okaxis,1,ACC011546,0,0.0
minhasisaac973@ybl,1,ACC011547,1,17.5
jagdishparekh184@okhdfcbank,1,ACC011548,0,0.0
bbrar479@okhdfcbank,1,ACC011549,2,524.3
sarthakbehl952@okhdfcbank,1,ACC011550,0,0.0
charitadeshmukh335@paytm,1,ACC011551,0,0.0
uchar217@paytm,1,ACC011552,1,79.1
oscarrana581@okhdfcbank,1,ACC011553,1,98.0
leelakalita320@oksbi,1,ACC011554,1,23.78
janakiparekh525@okicici,1,ACC011555,0,0.0
oshanker263@oksbi,1,ACC011556,0,0.0
frado85350@ybl,1,ACC011557,0,0.0
bnayak116@paytm,1,ACC011558,1,27.28
patrick59466@okicici,1,ACC011559,0,0.0
ucchal09283@okicici,1,ACC011560,1,7.0
dthaman872@okicici,1,ACC011561,1,48.98
xnadig292@ybl,1,ACC011562,2,111.26
balakrishnantanmayi245@oksbi,1,ACC011563,0,0.0
ibassi915@okicici,1,ACC011564,0,0.0
jeevika58306@ybl,1,ACC011565,0,0.0
brijeshraval789@okicici,1,ACC011566,0,0.0
ekiyabhakta333@paytm,1,ACC011567,2,20.06
kabirpandey662@okicici,1,ACC011568,3,66.13
nihalmane652@okaxis,1,ACC011569,1,20.63
gopal473@okhdfcbank,1,ACC011570,4,208.74
khatribakhshi837@okhdfcbank,1,ACC011571,0,0.0
bbrar625@ybl,1,ACC011572,2,149.45
talwarmadhavi806@okicici,1,ACC011573,1,38.13
sankarluke506@oksbi,1,ACC011574,3,58.25
qarindivan978@okaxis,1,ACC011575,2,25.53
gshroff752@okicici,1,ACC011576,3,1086.36
tripti02136@oksbi,1,ACC011577,1,5.92
ydeol765@okicici,1,ACC011578,2,34.3
annesachi979@ybl,1,ACC011579,5,225.49
ekari223@okaxis,1,ACC011580,4,80.13
dayita73919@ybl,1,ACC011581,0,0.0
vanshachhabra566@okaxis,1,ACC011582,1,40.95
mannebachittar853@okaxis,1,ACC011583,0,0.0
utkarshdash994@okicici,1,ACC011584,2,73.6
benjamin97747@paytm,1,ACC011585,1,10.15
anthonybajwa490@okicici,1,ACC011586,1,73.48
pdeo965@okhdfcbank,1,ACC011587,1,37.97
advayramanathan756@okhdfcbank,1,ACC011588,2,34.61
braghavan11@ybl,1,ACC011589,2,80.5
dalaja97179@okaxis,1,ACC011590,2,71.86
lkohli371@okaxis,1,ACC011591,0,0.0
ekani51407@ybl,1,ACC011592,3,129.11
triyadalal557@okaxis,1,ACC011593,3,99.38
kumerchampak740@oksbi,1,ACC011594,2,66.77
wardamanne902@ybl,1,ACC011595,0,0.0
nchad564@oksbi,1,ACC011596,2,63.0
owenkar737@oksbi,1,ACC011597,1,20.28
jyoti26220@okicici,1,ACC011598,0,0.0
geetika32558@ybl,1,ACC011599,2,78.73
borahfaraj412@okaxis,1,ACC011600,0,0.0
jsangha108@ybl,1,ACC011601,2,151.3
manansastry608@okicici,1,ACC011602,4,307.58
kapoorkrisha116@ybl,1,ACC011603,0,0.0
chackoanita152@oksbi,1,ACC011604,1,79.1
darshbhavsar936@okhdfcbank,1,ACC011605,0,0.0
anthony32709@oksbi,1,ACC011606,0,0.0
tsuri244@okhdfcbank,1,ACC011607,0,0.0
mohini59952@okhdfcbank,1,ACC011608,1,10.83
jgupta897@okaxis,1,ACC011609,5,313.74
varmaekbal407@okicici,1,ACC011610,2,33.26
dsanghvi311@oksbi,1,ACC011611,0,0.0
parth81837@ybl,1,ACC011612,1,20.65
dubeychaitaly234@oksbi,1,ACC011613,0,0.0
bghose724@okaxis,1,ACC011614,0,0.0
riya95951@okicici,1,ACC011615,0,0.0
gaurikasagar627@oksbi,1,ACC011616,0,0.0
manbir92473@oksbi,1,ACC011617,2,164.17
nitara7454@okaxis,1,ACC011618,1,33.95
lsengupta80@oksbi,1,ACC011619,0,0.0
gautamimohan912@oksbi,1,ACC011620,0,0.0
rlall114@oksbi,1,ACC011621,1,40.95
shahdipta491@ybl,1,ACC011622,1,108.58
riyavirk319@oksbi,1,ACC011623,1,22.39
krishnasibal588@okicici,1,ACC011624,0,0.0
gmani144@ybl,1,ACC011625,1,33.95
koshyinaya657@ybl,1,ACC011626,0,0.0
mekhala22159@oksbi,1,ACC011627,0,0.0
qramesh699@ybl,1,ACC011628,3,103.58
harivivaan522@paytm,1,ACC011629,2,29.36
bhavna39816@ybl,1,ACC011630,1,117.25
yrattan366@paytm,1,ACC011631,1,7.35
ayush26398@paytm,1,ACC011632,1,79.1
andrewsawhney799@okicici,1,ACC011633,2,68.25
kavya85294@oksbi,1,ACC011634,1,18.9
aarini60756@oksbi,1,ACC011635,1,33.95
cboase41@okicici,1,ACC011636,0,0.0
wrideshchopra445@paytm,1,ACC011637,2,196.35
henrykala111@okaxis,1,ACC011638,1,70.0
rajeshri72152@okhdfcbank,1,ACC011639,0,0.0
bhatiagagan564@okicici,1,ACC011640,0,0.0
chakradev37191@okhdfcbank,1,ACC011641,1,9.79
raghav51795@paytm,1,ACC011642,0,0.0
dhora924@okaxis,1,ACC011643,2,51.76
nagyveer429@ybl,1,ACC011644,0,0.0
tamanna57459@okaxis,1,ACC011645,0,0.0
ekarajsur639@paytm,1,ACC011646,1,15.75
tripathiabhiram333@ybl,1,ACC011647,1,2.96
lsampath80@paytm,1,ACC011648,2,100.08
prishabakshi991@oksbi,1,ACC011649,4,82.58
mrana891@okicici,1,ACC011650,2,98.31
fdin363@oksbi,1,ACC011651,1,15.57
amaraviswanathan953@paytm,1,ACC011652,0,0.0
balendra00617@paytm,1,ACC011653,1,55.98
hardik33780@paytm,1,ACC011654,2,11.63
wbarman100@ybl,1,ACC011655,0,0.0
venkateshchavvi51@oksbi,1,ACC011656,1,10.03
narya301@oksbi,1,ACC011657,2,94.13
dkrishnamurthy371@ybl,1,ACC011658,1,24.13
settyom691@ybl,1,ACC011659,0,0.0
tankgauri97@ybl,1,ACC011660,1,20.28
krishnanlibni816@ybl,1,ACC011661,1,17.15
hmagar222@okhdfcbank,1,ACC011662,1,117.25
chaitanya20675@okhdfcbank,1,ACC011663,2,60.54
neel54366@oksbi,1,ACC011664,3,155.34
tristananand21@oksbi,1,ACC011665,1,9.12
madhavikadakia618@okhdfcbank,1,ACC011666,1,20.65
biswasprisha541@oksbi,1,ACC011667,0,0.0
balhaartaneja585@okhdfcbank,1,ACC011668,1,35.0
ghoshpooja416@ybl,1,ACC011669,0,0.0
mallyatan850@okicici,1,ACC011670,0,0.0
nihalkeer914@okhdfcbank,1,ACC011671,1,10.5
dominicgarde960@okicici,1,ACC011672,0,0.0
narainaadi148@oksbi,1,ACC011673,0,0.0
rgulati584@okaxis,1,ACC011674,4,65.43
annewishi751@paytm,1,ACC011675,3,172.9
mannumang485@okicici,1,ACC011676,0,0.0
akorpal259@okaxis,1,ACC011677,0,0.0
amrita1980@okicici,1,ACC011678,1,40.95
wchaudhry782@ybl,1,ACC011679,2,78.85
biyer462@okhdfcbank,1,ACC011680,1,17.48
xsaran902@paytm,1,ACC011681,2,24.13
vasudhaparikh609@oksbi,1,ACC011682,2,44.39
michael28545@okicici,1,ACC011683,2,49.31
matthewbehl582@paytm,1,ACC011684,3,20.01
vtandon377@okhdfcbank,1,ACC011685,3,364.31
murtyrachana11@okicici,1,ACC011686,0,0.0
zehaankarnik739@ybl,1,ACC011687,2,120.05
siyaranganathan205@paytm,1,ACC011688,1,13.65
saumya86451@oksbi,1,ACC011689,0,0.0
samuelbali612@ybl,1,ACC011690,1,17.15
omaayush110@paytm,1,ACC011691,1,40.95
darshdewan356@okicici,1,ACC011692,3,138.6
fiyaz81263@okhdfcbank,1,ACC011693,0,0.0
geetika96608@paytm,1,ACC011694,3,221.9
modichaitanya914@okicici,1,ACC011695,0,0.0
choudhurymichael492@okhdfcbank,1,ACC011696,3,143.6
sprabhakar436@ybl,1,ACC011697,1,98.0
qsama934@okicici,1,ACC011698,2,51.06
sibalojas92@okhdfcbank,1,ACC011699,4,68.23
shivanisarin364@okaxis,1,ACC011700,1,14.0
rishi81972@okhdfcbank,1,ACC011701,0,0.0
dinjason556@oksbi,1,ACC011702,5,785.5
chaman42420@oksbi,1,ACC011703,2,83.65
alkakalita388@ybl,1,ACC011704,0,0.0
kapadiabimala778@okicici,1,ACC011705,4,180.41
pallasamar52@ybl,1,ACC011706,1,26.28
qadim52711@paytm,1,ACC011707,1,10.83
diptapandit770@okicici,1,ACC011708,0,0.0
deshmukhekavir949@ybl,1,ACC011709,0,0.0
victor60192@okhdfcbank,1,ACC011710,0,0.0
ekaninarula755@okicici,1,ACC011711,0,0.0
jbasu355@okicici,1,ACC011712,0,0.0
bariareva395@oksbi,1,ACC011713,2,56.68
wardasalvi377@ybl,1,ACC011714,0,0.0
nikita87138@oksbi,1,ACC011715,0,0.0
rushilkeer139@okicici,1,ACC011716,1,17.15
tanay258@okhdfcbank,1,ACC011717,3,23.66
logan4172@ybl,1,ACC011718,0,0.0
lsankaran355@paytm,1,ACC011719,4,121.44
galasamuel840@okicici,1,ACC011720,3,105.33
balasubramaniansathvik183@oksbi,1,ACC011721,1,37.78
chameli85947@okaxis,1,ACC011722,0,0.0
dominicdani445@ybl,1,ACC011723,1,82.93
oeshi18193@ybl,1,ACC011724,1,37.78
flal804@ybl,1,ACC011725,0,0.0
peter86459@ybl,1,ACC011726,0,0.0
iyengarjagdish659@okaxis,1,ACC011727,0,0.0
purionkar312@oksbi,1,ACC011728,3,79.85
nathupkaar478@okaxis,1,ACC011729,1,20.65
balaytanay657@okhdfcbank,1,ACC011730,4,175.35
chatreshvarma196@okaxis,1,ACC011731,0,0.0
ganga82744@okhdfcbank,1,ACC011732,0,0.0
morelaban377@okicici,1,ACC011733,0,0.0
wkhurana400@okhdfcbank,1,ACC011734,1,29.03
rajeshrisharaf504@okicici,1,ACC011735,0,0.0
agrawalkevin600@ybl,1,ACC011736,2,32.35
falgunivarughese930@oksbi,1,ACC011737,0,0.0
madhavibansal67@okhdfcbank,1,ACC011738,0,0.0
rajanelijah883@okhdfcbank,1,ACC011739,2,274.71
nparsa168@okicici,1,ACC011740,0,0.0
chakrika77570@paytm,1,ACC011741,0,0.0
urmikaran434@ybl,1,ACC011742,0,0.0
vanyaoza176@okicici,1,ACC011743,1,109.18
sarachaudhry33@oksbi,1,ACC011744,2,96.58
salviowen279@okicici,1,ACC011745,1,35.0
gjha78@paytm,1,ACC011746,0,0.0
vedabandi452@okhdfcbank,1,ACC011747,0,0.0
hkumer931@okaxis,1,ACC011748,1,40.95
nairabeer854@okicici,1,ACC011749,2,57.38
unnati49508@ybl,1,ACC011750,2,84.66
noritanvi971@ybl,1,ACC011751,0,0.0
wsule677@okhdfcbank,1,ACC011752,1,210.0
bkota899@okhdfcbank,1,ACC011753,0,0.0
arjun97697@okaxis,1,ACC011754,3,60.93
omisha86275@okhdfcbank,1,ACC011755,1,26.95
pkoshy628@okhdfcbank,1,ACC011756,2,195.96
llal620@okaxis,1,ACC011757,2,89.23
abhiram91678@paytm,1,ACC011758,0,0.0
lipikagupta918@okhdfcbank,1,ACC011759,2,75.56
garimanadig331@okhdfcbank,1,ACC011760,0,0.0
khora6@paytm,1,ACC011761,2,43.03
neha34526@okicici,1,ACC011762,4,159.05
qlanka344@okicici,1,ACC011763,3,67.38
jackson65251@okaxis,1,ACC011764,0,0.0
apatla218@oksbi,1,ACC011765,1,119.11
bhavinipau288@okicici,1,ACC011766,0,0.0
zkhare507@okaxis,1,ACC011767,1,20.28
kalevincent414@okicici,1,ACC011768,2,46.18
ichaudhary118@okhdfcbank,1,ACC011769,0,0.0
wdora395@oksbi,1,ACC011770,1,19.05
tanveer14599@ybl,1,ACC011771,3,101.46
anikapalla935@paytm,1,ACC011772,1,9.79
mananatwal272@paytm,1,ACC011773,0,0.0
jsarraf618@okaxis,1,ACC011774,2,45.64
xavier32447@okaxis,1,ACC011775,4,53.14
udyati26617@okaxis,1,ACC011776,4,161.35
mohammedshere996@okicici,1,ACC011777,2,40.93
henrysachdev828@okhdfcbank,1,ACC011778,1,117.25
ronithjohal993@paytm,1,ACC011779,0,0.0
tmody319@ybl,1,ACC011780,1,17.5
gabashivansh217@paytm,1,ACC011781,1,52.5
jdugar590@okaxis,1,ACC011782,1,35.0
randhawagaurav398@oksbi,1,ACC011783,3,170.54
pdeep914@okicici,1,ACC011784,0,0.0
qasim01982@okicici,1,ACC011785,0,0.0
bhavani94836@oksbi,1,ACC011786,1,52.5
zachariahshivani394@ybl,1,ACC011787,0,0.0
prashadlogan304@okaxis,1,ACC011788,2,32.08
gaurangi92600@ybl,1,ACC011789,0,0.0
ghoshchristopher459@okicici,1,ACC011790,1,3.72
janakishetty754@okhdfcbank,1,ACC011791,0,0.0
panchalamol611@okhdfcbank,1,ACC011792,1,3.85
qsanghvi181@ybl,1,ACC011793,1,20.28
bachittarchoudhry289@ybl,1,ACC011794,3,119.52
varughesechampak953@ybl,1,ACC011795,4,187.93
alkakumar950@okicici,1,ACC011796,1,20.28
anirudh47157@ybl,1,ACC011797,1,20.65
joshua41948@okicici,1,ACC011798,0,0.0
sarnaaarav846@ybl,1,ACC011799,3,173.58
nshah623@oksbi,1,ACC011800,0,0.0
rachitapatel785@oksbi,1,ACC011801,0,0.0
patelvedhika837@oksbi,1,ACC011802,2,62.98
neelimashanker407@ybl,1,ACC011803,0,0.0
ishitasarin372@ybl,1,ACC011804,0,0.0
vasudhaluthra118@paytm,1,ACC011805,0,0.0
yashodhara76412@ybl,1,ACC011806,1,32.88
unarula275@ybl,1,ACC011807,1,36.38
unadig627@paytm,1,ACC011808,1,10.5
lataethan123@paytm,1,ACC011809,1,11.9
zinaldalal974@okicici,1,ACC011810,4,96.21
sanechanchal543@okicici,1,ACC011811,3,72.43
reyansh57810@oksbi,1,ACC011812,3,204.73
ijayayohannan479@okaxis,1,ACC011813,0,0.0
divanhitesh365@ybl,1,ACC011814,1,35.0
vanyaramesh372@ybl,1,ACC011815,0,0.0
riadeep267@okicici,1,ACC011816,2,70.0
kbhatti196@oksbi,1,ACC011817,0,0.0
jprabhu694@paytm,1,ACC011818,2,63.68
aggarwalchaitanya309@okicici,1,ACC011819,1,3.18
purigirish9@oksbi,1,ACC011820,1,17.15
xsom41@ybl,1,ACC011821,1,193.9
gaurika717@ybl,1,ACC011822,1,35.0
natarajanrajata71@okicici,1,ACC011823,1,35.0
rbalan168@okhdfcbank,1,ACC011824,2,33.6
goyaljhalak745@okicici,1,ACC011825,2,29.36
sakshamsubramanian828@okicici,1,ACC011826,4,219.6
babudivya44@okicici,1,ACC011827,1,5.25
kashyapyash728@ybl,1,ACC011828,2,58.06
wazirshenoy263@okhdfcbank,1,ACC011829,2,27.65
ojasvi08146@ybl,1,ACC011830,1,35.0
icheema133@paytm,1,ACC011831,1,184.45
qdubey963@okaxis,1,ACC011832,2,196.47
wdatta144@okhdfcbank,1,ACC011833,0,0.0
zdivan245@ybl,1,ACC011834,3,102.51
ahluwaliakrishna206@oksbi,1,ACC011835,1,8.73
cchaudhry388@okicici,1,ACC011836,3,85.25
karanbhatt160@okicici,1,ACC011837,1,40.95
kandayahvi585@okaxis,1,ACC011838,1,10.15
arinvohra993@ybl,1,ACC011839,1,10.89
udant76219@ybl,1,ACC011840,1,33.95
nparsa51@ybl,1,ACC011841,0,0.0
ivirk611@ybl,1,ACC011842,1,10.83
falak32936@okicici,1,ACC011843,0,0.0
parmerekansh707@okhdfcbank,1,ACC011844,1,79.1
gloke3@paytm,1,ACC011845,1,74.55
nagarajanekaja128@ybl,1,ACC011846,0,0.0
jackson73106@paytm,1,ACC011847,1,37.78
valamanbir903@oksbi,1,ACC011848,2,32.16
chakrabartimitesh138@paytm,1,ACC011849,0,0.0
parthbath70@paytm,1,ACC011850,0,0.0
bavaaayush561@okaxis,1,ACC011851,2,70.89
samamitali886@ybl,1,ACC011852,0,0.0
garimagrover33@okicici,1,ACC011853,0,0.0
niharikabir521@ybl,1,ACC011854,1,37.78
unnatisekhon162@paytm,1,ACC011855,2,54.6
chakradharwali5@ybl,1,ACC011856,1,41.3
andrewpatil792@okaxis,1,ACC011857,2,133.33
anusha21589@okhdfcbank,1,ACC011858,2,169.01
jagatkhatri809@okaxis,1,ACC011859,0,0.0
pbanik228@okhdfcbank,1,ACC011860,0,0.0
prabhudipta147@okhdfcbank,1,ACC011861,1,11.9
nidra8697@paytm,1,ACC011862,3,74.88
nsaran573@okaxis,1,ACC011863,0,0.0
tandonmadhav551@oksbi,1,ACC011864,2,43.4
korpalbanjeet766@oksbi,1,ACC011865,1,25.89
ichandran251@okhdfcbank,1,ACC011866,1,42.0
devanpavani191@okicici,1,ACC011867,3,69.61
urmi02523@ybl,1,ACC011868,1,40.95
jatin57463@ybl,1,ACC011869,1,11.9
gkrish609@paytm,1,ACC011870,0,0.0
parekhoni39@oksbi,1,ACC011871,4,186.35
abalay354@okaxis,1,ACC011872,0,0.0
dugalnitara77@ybl,1,ACC011873,2,18.31
gadeakshay773@ybl,1,ACC011874,1,20.28
lekha39740@okicici,1,ACC011875,1,40.95
avni88461@okicici,1,ACC011876,1,37.78
fiyaz59369@okhdfcbank,1,ACC011877,3,166.91
alexander99254@okicici,1,ACC011878,4,172.65
cthakur393@paytm,1,ACC011879,1,26.25
kavya06529@paytm,1,ACC011880,1,5.39
fpai614@okicici,1,ACC011881,1,16.45
sakshammemon336@okicici,1,ACC011882,4,103.23
bbalan711@okicici,1,ACC011883,3,142.06
gadesuhani860@paytm,1,ACC011884,2,64.03
advayissac865@okicici,1,ACC011885,2,124.31
finnarora861@paytm,1,ACC011886,1,9.08
paumitesh690@paytm,1,ACC011887,0,0.0
anya97479@oksbi,1,ACC011888,0,0.0
abarad160@okicici,1,ACC011889,0,0.0
vsagar364@okaxis,1,ACC011890,1,756.35
balhaar85426@oksbi,1,ACC011891,0,0.0
zaid35410@okaxis,1,ACC011892,1,35.0
gunbir41952@okhdfcbank,1,ACC011893,3,96.25
jdalal201@ybl,1,ACC011894,2,128.45
rkar485@oksbi,1,ACC011895,3,114.41
gviswanathan943@paytm,1,ACC011896,2,37.6
boravamakshi572@oksbi,1,ACC011897,4,107.59
aryandhar478@okicici,1,ACC011898,2,31.83
rishi04630@okicici,1,ACC011899,0,0.0
yroy427@oksbi,1,ACC011900,0,0.0
vritti69871@ybl,1,ACC011901,1,17.5
maharajakshay982@okhdfcbank,1,ACC011902,3,75.95
kamalaranganathan21@okhdfcbank,1,ACC011903,1,30.78
fitan50470@ybl,1,ACC011904,3,46.2
ksarin32@oksbi,1,ACC011905,5,561.03
krana465@okicici,1,ACC011906,1,17.5
dakshesh91627@paytm,1,ACC011907,1,20.65
onikhanna585@okaxis,1,ACC011908,1,17.5
vbarad108@paytm,1,ACC011909,0,0.0
nilimamani957@okaxis,1,ACC011910,3,62.65
keermegha706@okhdfcbank,1,ACC011911,1,79.1
dakshsubramaniam421@paytm,1,ACC011912,1,12.58
ekapadbalan286@oksbi,1,ACC011913,2,58.1
ishani127@okaxis,1,ACC011914,3,86.45
joshihardik733@okhdfcbank,1,ACC011915,2,29.4
forum84646@okicici,1,ACC011916,0,0.0
adhar118@okhdfcbank,1,ACC011917,0,0.0
thakuranay437@paytm,1,ACC011918,0,0.0
dayamai30943@ybl,1,ACC011919,1,38.13
saidhar333@okhdfcbank,1,ACC011920,2,57.38
crastogi480@okicici,1,ACC011921,0,0.0
william2982@paytm,1,ACC011922,0,0.0
shenoytripti623@paytm,1,ACC011923,1,40.95
hariniram502@oksbi,1,ACC011924,1,14.53
mandashivansh383@okhdfcbank,1,ACC011925,1,23.78
bbedi117@okicici,1,ACC011926,1,37.78
anmolkumer734@paytm,1,ACC011927,2,195.65
srinivasanrushil580@okaxis,1,ACC011928,0,0.0
farhan3948@oksbi,1,ACC011929,2,144.55
gwarrior681@okhdfcbank,1,ACC011930,2,302.38
amaira3178@paytm,1,ACC011931,1,18.89
ramdavid330@paytm,1,ACC011932,1,17.15
anirudh90945@okhdfcbank,1,ACC011933,0,0.0
bajwaqasim514@okhdfcbank,1,ACC011934,1,20.65
samarsant484@okicici,1,ACC011935,1,13.65
raghav16597@paytm,1,ACC011936,0,0.0
indrajitdixit418@oksbi,1,ACC011937,2,107.79
chahaljairaj108@oksbi,1,ACC011938,1,42.4
chaaya82928@okhdfcbank,1,ACC011939,0,0.0
kalpit07142@paytm,1,ACC011940,2,138.95
shivanshvenkataraman710@paytm,1,ACC011941,4,68.21
goeladvik837@oksbi,1,ACC011942,1,20.65
umang8714@oksbi,1,ACC011943,2,51.1
doctordevansh347@paytm,1,ACC011944,0,0.0
ichhabra760@ybl,1,ACC011945,1,20.81
jdani781@paytm,1,ACC011946,0,0.0
oni22919@oksbi,1,ACC011947,0,0.0
rsachdev668@okhdfcbank,1,ACC011948,1,37.45
zayan45402@okicici,1,ACC011949,1,27.22
hamsini08830@okhdfcbank,1,ACC011950,0,0.0
xsangha633@paytm,1,ACC011951,0,0.0
tanishgrover906@ybl,1,ACC011952,1,35.0
swaminathanbimala234@okaxis,1,ACC011953,1,25.81
rattaeta544@paytm,1,ACC011954,0,0.0
pateltriveni17@okicici,1,ACC011955,0,0.0
priya11126@okhdfcbank,1,ACC011956,0,0.0
yashicauppal44@okaxis,1,ACC011957,0,0.0
sankardalaja908@paytm,1,ACC011958,1,37.78
thamansiddharth850@ybl,1,ACC011959,0,0.0
savantodika824@oksbi,1,ACC011960,1,17.5
paugaurika306@oksbi,1,ACC011961,3,117.23
bahriudant828@okhdfcbank,1,ACC011962,3,255.13
bachittarranganathan483@oksbi,1,ACC011963,1,20.28
bimaladave528@ybl,1,ACC011964,1,8.75
deepa72354@okicici,1,ACC011965,1,98.0
amaira08573@paytm,1,ACC011966,1,20.65
dhritimangal105@okaxis,1,ACC011967,1,4.33
iryadugal632@okhdfcbank,1,ACC011968,1,16.78
cvenkatesh205@paytm,1,ACC011969,4,140.15
hamsiniupadhyay644@ybl,1,ACC011970,5,154.99
horatanveer828@ybl,1,ACC011971,1,73.48
shivanshbhasin383@okhdfcbank,1,ACC011972,1,20.65
kadakiadipta354@paytm,1,ACC011973,0,0.0
chauhannidra426@okicici,1,ACC011974,1,23.78
naiketa792@ybl,1,ACC011975,3,66.48
nakul54395@ybl,1,ACC011976,5,142.58
viswanathansamar335@okhdfcbank,1,ACC011977,1,20.28
ihanda71@okhdfcbank,1,ACC011978,2,15.74
lchand878@ybl,1,ACC011979,0,0.0
shravyashukla829@oksbi,1,ACC011980,3,243.42
ikshitabalakrishnan657@okhdfcbank,1,ACC011981,1,38.13
elijahvyas414@okicici,1,ACC011982,1,37.78
eta08599@ybl,1,ACC011983,2,29.4
ranne435@okicici,1,ACC011984,1,10.83
nathandivan388@okicici,1,ACC011985,2,112.68
wishi27546@paytm,1,ACC011986,0,0.0
karan26603@ybl,1,ACC011987,2,90.65
ztak890@okaxis,1,ACC011988,1,8.4
nitaraahuja305@okaxis,1,ACC011989,0,0.0
abrar709@ybl,1,ACC011990,1,11.9
falan88814@okicici,1,ACC011991,2,93.45
jyotiborah660@okaxis,1,ACC011992,0,0.0
bvarughese745@okicici,1,ACC011993,0,0.0
kuruvillaagastya930@okaxis,1,ACC011994,0,0.0
zilmil2610@paytm,1,ACC011995,3,405.8
mahajanhamsini30@paytm,1,ACC011996,2,103.3
anvi44506@oksbi,1,ACC011997,1,16.45
gautam08668@ybl,1,ACC011998,3,93.92
ranbirchawla341@okaxis,1,ACC011999,2,53.18
ekaraj59672@paytm,1,ACC012000,5,239.88
frederickpillay69@paytm,1,ACC012001,1,40.95
vkant261@okicici,1,ACC012002,0,0.0
guhaekbal870@oksbi,1,ACC012003,0,0.0
champak55119@ybl,1,ACC012004,1,10.15
ojassood110@paytm,1,ACC012005,1,16.78
kmanda938@oksbi,1,ACC012006,0,0.0
ishita15439@ybl,1,ACC012007,3,242.17
triptimittal743@okicici,1,ACC012008,2,78.98
adya90995@okicici,1,ACC012009,0,0.0
mannenisha773@okaxis,1,ACC012010,1,8.4
balayurishilla5@oksbi,1,ACC012011,2,13.98
pahal15622@okaxis,1,ACC012012,2,202.98
isanghvi40@okhdfcbank,1,ACC012013,0,0.0
aviborra888@okaxis,1,ACC012014,0,0.0
yutikade273@okaxis,1,ACC012015,2,107.09
rushil66592@paytm,1,ACC012016,1,11.9
obatra576@oksbi,1,ACC012017,0,0.0
chaitanya67750@oksbi,1,ACC012018,1,40.95
falanrandhawa970@ybl,1,ACC012019,0,0.0
pahal52261@ybl,1,ACC012020,0,0.0
waidagupta328@okicici,1,ACC012021,1,17.15
george76607@okaxis,1,ACC012022,1,20.28
usaraf907@oksbi,1,ACC012023,2,49.68
baljiwandhaliwal255@okicici,1,ACC012024,0,0.0
tbandi678@okicici,1,ACC012025,0,0.0
adyatara371@okaxis,1,ACC012026,1,15.3
upadhyaydevika417@ybl,1,ACC012027,2,99.38
nazarethbanjeet109@okicici,1,ACC012028,1,208.24
unnidas846@okhdfcbank,1,ACC012029,2,46.9
gnatarajan679@paytm,1,ACC012030,1,39.55
odikajha793@okhdfcbank,1,ACC012031,0,0.0
triyabadami462@paytm,1,ACC012032,1,20.65
tupadhyay735@okhdfcbank,1,ACC012033,1,5.08
dchaudhary462@oksbi,1,ACC012034,1,123.55
fkapur168@paytm,1,ACC012035,0,0.0
royzayan935@ybl,1,ACC012036,4,230.83
crajagopalan233@paytm,1,ACC012037,5,137.19
ishanichander647@okicici,1,ACC012038,3,144.86
mnadkarni549@okaxis,1,ACC012039,1,24.13
wazirkothari205@okicici,1,ACC012040,4,74.37
eesha70787@oksbi,1,ACC012041,1,70.0
fpau781@okicici,1,ACC012042,1,13.65
mshroff936@ybl,1,ACC012043,0,0.0
farhan3738@ybl,1,ACC012044,2,51.05
lankafariq258@okicici,1,ACC012045,1,6.89
irajagopal476@okhdfcbank,1,ACC012046,1,40.95
baliupma608@okicici,1,ACC012047,1,37.78
tprakash47@okaxis,1,ACC012048,1,34.28
ronithgole964@paytm,1,ACC012049,1,8.87
vrittidoctor539@oksbi,1,ACC012050,0,0.0
rattannilima309@ybl,1,ACC012051,3,107.76
jagratimore621@okicici,1,ACC012052,0,0.0
ridhikapadia113@ybl,1,ACC012053,0,0.0
gayathriseshadri603@oksbi,1,ACC012054,2,73.36
divya20368@okicici,1,ACC012055,0,0.0
odass30@okicici,1,ACC012056,4,246.05
siya19969@oksbi,1,ACC012057,0,0.0
matthewvenkatesh15@okhdfcbank,1,ACC012058,0,0.0
tankansh907@okicici,1,ACC012059,1,87.5
jairajdevi832@okicici,1,ACC012060,2,56.7
prashadjasmit24@okicici,1,ACC012061,1,20.65
rishimane538@oksbi,1,ACC012062,2,34.3
kashvi9018@okicici,1,ACC012063,2,44.08
spillai153@okaxis,1,ACC012064,3,127.53
indira41242@paytm,1,ACC012065,1,67.55
jeremiah10567@paytm,1,ACC012066,1,98.0
alka27505@paytm,1,ACC012067,0,0.0
rajanpanini583@okhdfcbank,1,ACC012068,0,0.0
ekaraj3254@oksbi,1,ACC012069,5,266.64
fitangarg487@paytm,1,ACC012070,1,20.28
michael98152@okhdfcbank,1,ACC012071,1,55.98
geraeiravati362@oksbi,1,ACC012072,0,0.0
lthakkar192@oksbi,1,ACC012073,0,0.0
chakradhar77372@okhdfcbank,1,ACC012074,1,22.39
theodore30454@okhdfcbank,1,ACC012075,1,117.25
nwalla216@oksbi,1,ACC012076,2,61.23
godayadavi319@oksbi,1,ACC012077,1,13.65
riyabalan516@paytm,1,ACC012078,1,59.85
nihal31117@ybl,1,ACC012079,1,11.9
chadanita321@paytm,1,ACC012080,1,147.88
sodhiishanvi288@okaxis,1,ACC012081,0,0.0
sekhondalaja609@okaxis,1,ACC012082,2,58.43
ypurohit465@okaxis,1,ACC012083,2,80.5
samuel23554@okhdfcbank,1,ACC012084,0,0.0
jhalak41333@oksbi,1,ACC012085,0,0.0
hemani50970@okhdfcbank,1,ACC012086,0,0.0
khannadaniel410@okhdfcbank,1,ACC012087,5,272.65
vihaanmani156@oksbi,1,ACC012088,0,0.0
uroy835@ybl,1,ACC012089,1,7.0
bborah818@paytm,1,ACC012090,0,0.0
chahalsaumya99@oksbi,1,ACC012091,1,17.5
chamanmenon202@paytm,1,ACC012092,1,16.78
rkakar696@ybl,1,ACC012093,1,25.2
babukevin940@okaxis,1,ACC012094,0,0.0
benjamin45245@okhdfcbank,1,ACC012095,1,9.08
kaleekbal56@okaxis,1,ACC012096,0,0.0
varsha03444@okicici,1,ACC012097,1,156.09
kamala91166@ybl,1,ACC012098,1,16.31
pallavichoudhary423@paytm,1,ACC012099,0,0.0
raghavanyatan65@ybl,1,ACC012100,1,26.25
deeparai621@ybl,1,ACC012101,4,117.38
falan66566@okicici,1,ACC012102,1,35.0
kashish88250@okaxis,1,ACC012103,1,17.15
zmannan600@paytm,1,ACC012104,0,0.0
somanneha955@paytm,1,ACC012105,0,0.0
hemangdas175@paytm,1,ACC012106,0,0.0
dsalvi822@paytm,1,ACC012107,0,0.0
xbuch388@oksbi,1,ACC012108,2,50.03
charan72842@oksbi,1,ACC012109,0,0.0
prabhuladli257@okhdfcbank,1,ACC012110,1,270.9
qadim54517@oksbi,1,ACC012111,1,31.13
batraadweta454@okaxis,1,ACC012112,2,99.4
alkadin872@oksbi,1,ACC012113,1,0.31
dewanreyansh581@ybl,1,ACC012114,2,99.73
girik06571@okicici,1,ACC012115,0,0.0
warhi01213@okaxis,1,ACC012116,0,0.0
hshanker397@okaxis,1,ACC012117,1,0.31
dalbirgade543@okaxis,1,ACC012118,0,0.0
ghoshthomas905@oksbi,1,ACC012119,0,0.0
gabanandini628@paytm,1,ACC012120,0,0.0
bahadurjit11305@okaxis,1,ACC012121,1,20.65
koshyindali646@ybl,1,ACC012122,0,0.0
qadimsandhu175@okhdfcbank,1,ACC012123,1,29.75
vasatika93722@oksbi,1,ACC012124,1,17.15
ishwar6633@okhdfcbank,1,ACC012125,4,215.23
baghyawati03907@okaxis,1,ACC012126,3,99.05
arjun15572@okhdfcbank,1,ACC012127,1,13.65
cupadhyay333@okicici,1,ACC012128,0,0.0
abiswas554@paytm,1,ACC012129,1,17.5
vyasamrita788@ybl,1,ACC012130,1,56.17
vvarty807@okhdfcbank,1,ACC012131,1,15.4
nitaradugal687@paytm,1,ACC012132,4,226.04
ishitanatt687@ybl,1,ACC012133,0,0.0
tmand610@paytm,1,ACC012134,3,120.71
devinimrat951@oksbi,1,ACC012135,1,91.0
nagidipta980@oksbi,1,ACC012136,1,16.78
sara20107@paytm,1,ACC012137,1,122.5
sachdevyochana733@paytm,1,ACC012138,0,0.0
narayanannidhi329@oksbi,1,ACC012139,0,0.0
vasatika01830@paytm,1,ACC012140,2,212.78
bmannan339@oksbi,1,ACC012141,0,0.0
lataowen283@oksbi,1,ACC012142,0,0.0
chadharohan397@paytm,1,ACC012143,1,59.85
aradhana30116@okaxis,1,ACC012144,1,20.28
lavanya90644@ybl,1,ACC012145,2,166.32
raksha95304@ybl,1,ACC012146,1,20.65
urvashibhandari899@okhdfcbank,1,ACC012147,0,0.0
arinbora690@ybl,1,ACC012148,0,0.0
jseth911@paytm,1,ACC012149,1,10.07
arinwali857@okhdfcbank,1,ACC012150,1,10.83
chaitanyashankar138@okicici,1,ACC012151,0,0.0
darpan62314@oksbi,1,ACC012152,2,70.28
pandyajeevika501@paytm,1,ACC012153,0,0.0
singhalsiya509@okaxis,1,ACC012154,2,87.85
deepabains118@paytm,1,ACC012155,0,0.0
murthybalvan712@okicici,1,ACC012156,0,0.0
zmani481@oksbi,1,ACC012157,2,144.96
reddygunbir737@okicici,1,ACC012158,0,0.0
gargvihaan350@oksbi,1,ACC012159,2,30.07
sastryalka559@okaxis,1,ACC012160,1,12.58
nitaradevi121@ybl,1,ACC012161,1,37.78
ojasvi40787@oksbi,1,ACC012162,0,0.0
zhari37@oksbi,1,ACC012163,4,132.98
veda74467@paytm,1,ACC012164,0,0.0
bediaishani354@okaxis,1,ACC012165,0,0.0
yzachariah439@oksbi,1,ACC012166,3,179.15
xmunshi989@okicici,1,ACC012167,2,170.78
diya21163@okhdfcbank,1,ACC012168,1,160.02
umurty582@ybl,1,ACC012169,2,30.89
ladyatan847@ybl,1,ACC012170,3,95.53
tanveer38330@oksbi,1,ACC012171,1,79.1
hayerbhavini434@ybl,1,ACC012172,2,118.73
nishatripathi926@paytm,1,ACC012173,0,0.0
aahana48751@paytm,1,ACC012174,3,429.43
itailor6@ybl,1,ACC012175,1,11.32
urmimody574@okhdfcbank,1,ACC012176,0,0.0
arjun17579@okhdfcbank,1,ACC012177,1,54.23
daniel454@okhdfcbank,1,ACC012178,1,29.03
cagarwal945@okicici,1,ACC012179,1,17.15
oeshi63759@paytm,1,ACC012180,0,0.0
soodwidisha723@okaxis,1,ACC012181,2,51.67
byogi296@paytm,1,ACC012182,3,124.64
hdhar456@okhdfcbank,1,ACC012183,2,88.55
lnarula86@paytm,1,ACC012184,0,0.0
hemalmishra626@okaxis,1,ACC012185,1,18.2
eiravati88492@oksbi,1,ACC012186,3,57.54
emadan531@okicici,1,ACC012187,2,63.35
bhargavaanamika671@okhdfcbank,1,ACC012188,0,0.0
yatin56804@ybl,1,ACC012189,1,23.24
jhaverigaurang885@paytm,1,ACC012190,0,0.0
iyerwarhi827@okhdfcbank,1,ACC012191,1,12.58
xalak84233@oksbi,1,ACC012192,1,47.23
mukherjeeandrew796@ybl,1,ACC012193,1,37.78
wriddhish34699@okhdfcbank,1,ACC012194,0,0.0
cbanik41@oksbi,1,ACC012195,3,89.36
jatin10367@okhdfcbank,1,ACC012196,1,20.63
sanayamadan485@okhdfcbank,1,ACC012197,4,191.06
nagarmanan787@ybl,1,ACC012198,2,158.2
gdesai191@oksbi,1,ACC012199,0,0.0
ria21275@okhdfcbank,1,ACC012200,1,17.15
ayaan97733@okaxis,1,ACC012201,1,26.95
gagankaul385@okaxis,1,ACC012202,4,149.76
ishwar55276@okicici,1,ACC012203,1,37.78
praneel54366@oksbi,1,ACC012204,1,35.0
lilamangal886@okaxis,1,ACC012205,2,17.94
omkaarsani801@ybl,1,ACC012206,2,61.98
manbirkale987@okicici,1,ACC012207,1,35.0
cjhaveri622@paytm,1,ACC012208,0,0.0
wazirhegde9@okaxis,1,ACC012209,1,9.08
gavinwason911@oksbi,1,ACC012210,0,0.0
zinaldutta138@paytm,1,ACC012211,0,0.0
oviyakaur645@ybl,1,ACC012212,0,0.0
jonathanperi772@okaxis,1,ACC012213,1,4.91
ayushmannaidu210@okaxis,1,ACC012214,0,0.0
gsharaf308@paytm,1,ACC012215,1,51.1
prabhakarkamya300@okaxis,1,ACC012216,1,17.15
rvarty183@ybl,1,ACC012217,3,65.62
kwarrior156@paytm,1,ACC012218,2,51.1
deepa40974@oksbi,1,ACC012219,0,0.0
annejoshua227@oksbi,1,ACC012220,0,0.0
qabil25368@ybl,1,ACC012221,0,0.0
shahnihal746@paytm,1,ACC012222,4,220.83
bediyashodhara223@oksbi,1,ACC012223,2,97.65
gpatel606@okicici,1,ACC012224,0,0.0
faraj72142@okhdfcbank,1,ACC012225,0,0.0
henrybal523@okaxis,1,ACC012226,1,37.97
lohitbarad579@okhdfcbank,1,ACC012227,1,11.9
sarthak26799@okhdfcbank,1,ACC012228,1,35.0
aryamadhavi899@okicici,1,ACC012229,0,0.0
orinder14252@oksbi,1,ACC012230,0,0.0
zrandhawa871@paytm,1,ACC012231,1,37.78
bhattbalhaar411@paytm,1,ACC012232,0,0.0
kgopal593@ybl,1,ACC012233,1,17.15
siyadatta967@paytm,1,ACC012234,5,148.01
onkar83833@paytm,1,ACC012235,1,55.98
shauryamunshi315@okhdfcbank,1,ACC012236,0,0.0
chhabrateerth207@paytm,1,ACC012237,0,0.0
yachanabahl444@oksbi,1,ACC012238,1,20.65
utkarshlalla924@paytm,1,ACC012239,0,0.0
hemangmukhopadhyay32@okicici,1,ACC012240,3,111.26
jason49127@okhdfcbank,1,ACC012241,3,342.61
maanaskari556@ybl,1,ACC012242,1,40.95
surajanuja628@paytm,1,ACC012243,0,0.0
lokezehaan434@paytm,1,ACC012244,2,75.93
balanbaljiwan451@ybl,1,ACC012245,0,0.0
msubramanian788@okicici,1,ACC012246,2,58.34
randhawaqadim280@okaxis,1,ACC012247,0,0.0
pallavi27965@ybl,1,ACC012248,0,0.0
caleb52473@okaxis,1,ACC012249,1,117.25
aarnav39663@okicici,1,ACC012250,0,0.0
jsura261@oksbi,1,ACC012251,2,101.81
ngoda534@okicici,1,ACC012252,1,10.83
zoza581@okicici,1,ACC012253,0,0.0
chanayashodhara803@ybl,1,ACC012254,1,27.63
faqidmorar200@okaxis,1,ACC012255,0,0.0
gkala978@okaxis,1,ACC012256,2,52.13
mohinidave258@okhdfcbank,1,ACC012257,1,11.1
jyotikhare13@paytm,1,ACC012258,1,1017.78
chatura48902@oksbi,1,ACC012259,0,0.0
vedantmajumdar579@okicici,1,ACC012260,0,0.0
menonzaid13@okaxis,1,ACC012261,0,0.0
tmerchant134@oksbi,1,ACC012262,1,28.0
ghoseurvashi361@okicici,1,ACC012263,0,0.0
memonqarin589@paytm,1,ACC012264,3,57.71
patilisha835@okhdfcbank,1,ACC012265,1,12.07
sarkarraagini207@oksbi,1,ACC012266,0,0.0
bhargavaaarnav132@oksbi,1,ACC012267,1,79.1
ochoudhary939@okhdfcbank,1,ACC012268,1,10.5
jagvi75932@oksbi,1,ACC012269,0,0.0
gbansal138@oksbi,1,ACC012270,1,18.53
kondaanamika178@paytm,1,ACC012271,0,0.0
kohliomkaar687@ybl,1,ACC012272,1,14.94
hardik8210@okicici,1,ACC012273,2,100.8
irya63545@ybl,1,ACC012274,1,15.03
kondaronith738@oksbi,1,ACC012275,1,72.78
aachalchaudhari46@okhdfcbank,1,ACC012276,0,0.0
charvikohli345@oksbi,1,ACC012277,0,0.0
kiaan29991@okhdfcbank,1,ACC012278,0,0.0
xavierraj505@okhdfcbank,1,ACC012279,0,0.0
ycomar744@paytm,1,ACC012280,0,0.0
mahikakota629@oksbi,1,ACC012281,1,176.75
rayaan75889@ybl,1,ACC012282,1,35.0
isarin271@ybl,1,ACC012283,2,24.14
fgoyal363@okicici,1,ACC012284,2,13.65
soodwarda686@okhdfcbank,1,ACC012285,2,42.75
jsarna516@oksbi,1,ACC012286,1,40.95
ektaandra798@paytm,1,ACC012287,2,84.43
manderhiral392@oksbi,1,ACC012288,3,68.29
divyadora84@paytm,1,ACC012289,0,0.0
mukherjeeneha442@oksbi,1,ACC012290,1,6.63
viraj34553@okicici,1,ACC012291,1,37.78
kritika50873@okhdfcbank,1,ACC012292,2,37.78
nirja03218@okhdfcbank,1,ACC012293,4,104.09
abdul00181@ybl,1,ACC012294,3,139.28
kuriananmol829@okaxis,1,ACC012295,3,165.51
kibejatin738@okhdfcbank,1,ACC012296,1,73.48
caleb46660@oksbi,1,ACC012297,1,17.85
dewanlakshit386@paytm,1,ACC012298,1,20.65
qushichowdhury115@ybl,1,ACC012299,0,0.0
jchauhan994@okaxis,1,ACC012300,1,18.88
qrau116@paytm,1,ACC012301,2,28.68
ipandey91@oksbi,1,ACC012302,2,74.88
chandreshbhalla794@ybl,1,ACC012303,1,13.65
pgole858@okicici,1,ACC012304,0,0.0
onidoshi810@paytm,1,ACC012305,1,70.0
devanelijah387@okicici,1,ACC012306,2,37.8
yadavwarda945@ybl,1,ACC012307,1,52.5
michael86822@okicici,1,ACC012308,2,78.73
panchalneha119@okaxis,1,ACC012309,2,61.6
ogarg387@ybl,1,ACC012310,0,0.0
tiwarichavvi152@ybl,1,ACC012311,0,0.0
cmane114@okaxis,1,ACC012312,1,117.25
ishamody719@okhdfcbank,1,ACC012313,1,43.75
yauvanijayaraman684@oksbi,1,ACC012314,2,27.98
william1536@oksbi,1,ACC012315,0,0.0
mmahal865@oksbi,1,ACC012316,3,82.58
pchaudhary327@okicici,1,ACC012317,1,20.65
alexanderbawa714@paytm,1,ACC012318,1,11.9
sanghvidakshesh39@paytm,1,ACC012319,0,0.0
fradobera912@oksbi,1,ACC012320,1,144.18
iyerfiyaz344@okaxis,1,ACC012321,0,0.0
aashi76818@ybl,1,ACC012322,2,125.28
tghose23@okaxis,1,ACC012323,1,1.92
isamra728@ybl,1,ACC012324,2,69.65
vrinda43806@okhdfcbank,1,ACC012325,1,30.78
sarthak94653@okicici,1,ACC012326,1,23.78
cbuch363@oksbi,1,ACC012327,2,55.48
madhav46134@ybl,1,ACC012328,1,9.86
naveensheth946@oksbi,1,ACC012329,5,250.18
akala604@okhdfcbank,1,ACC012330,1,30.45
ohans571@paytm,1,ACC012331,1,11.9
nayarfalguni801@ybl,1,ACC012332,1,108.5
onveergade201@okaxis,1,ACC012333,0,0.0
yatan11484@oksbi,1,ACC012334,0,0.0
naksh56318@ybl,1,ACC012335,0,0.0
chameli47497@okaxis,1,ACC012336,4,131.77
benjaminkulkarni864@oksbi,1,ACC012337,1,20.65
kamalayogi851@okaxis,1,ACC012338,0,0.0
izacharia856@okaxis,1,ACC012339,3,37.53
geetika91710@okhdfcbank,1,ACC012340,0,0.0
sai38862@ybl,1,ACC012341,2,158.2
loganmitter857@oksbi,1,ACC012342,2,52.67
bandiabdul259@okaxis,1,ACC012343,0,0.0
bishakha01362@okaxis,1,ACC012344,4,195.59
lipika84683@oksbi,1,ACC012345,1,12.58
raghavmall396@oksbi,1,ACC012346,0,0.0
yastisahota235@paytm,1,ACC012347,3,150.83
rchar350@ybl,1,ACC012348,3,73.62
cherianwahab199@ybl,1,ACC012349,0,0.0
nachiket87232@paytm,1,ACC012350,0,0.0
daksha47934@ybl,1,ACC012351,2,35.68
bdalia249@okicici,1,ACC012352,0,0.0
vritti94303@paytm,1,ACC012353,1,17.85
gdutta192@okhdfcbank,1,ACC012354,0,0.0
sanaya49249@ybl,1,ACC012355,0,0.0
keyamajumdar562@okaxis,1,ACC012356,2,84.91
bhavini53999@okicici,1,ACC012357,1,33.95
goswamisuhani569@okhdfcbank,1,ACC012358,1,17.15
nidradave746@okhdfcbank,1,ACC012359,1,34.28
dhaliwalyashodhara211@paytm,1,ACC012360,0,0.0
duanirja252@oksbi,1,ACC012361,4,73.98
darsh13847@ybl,1,ACC012362,1,16.34
gsant833@okicici,1,ACC012363,0,0.0
yashoda46964@ybl,1,ACC012364,1,12.58
geetika02213@oksbi,1,ACC012365,1,17.5
chawlaamara378@ybl,1,ACC012366,2,55.28
reva2417@paytm,1,ACC012367,0,0.0
ekanitoor912@paytm,1,ACC012368,4,200.88
modiijaya850@okicici,1,ACC012369,0,0.0
khannaanusha148@ybl,1,ACC012370,1,19.58
xkala463@okicici,1,ACC012371,0,0.0
omkaarkumar228@okicici,1,ACC012372,3,130.18
wriddhishbajwa251@paytm,1,ACC012373,1,10.13
wmalhotra657@okicici,1,ACC012374,3,114.08
chaudryaarini487@okaxis,1,ACC012375,0,0.0
januja04620@paytm,1,ACC012376,1,13.65
chameli4762@okicici,1,ACC012377,0,0.0
baghyawatirau528@paytm,1,ACC012378,0,0.0
nimratmadan442@okaxis,1,ACC012379,4,90.96
jacobdube285@ybl,1,ACC012380,2,289.62
prashadodika935@okaxis,1,ACC012381,2,54.56
nparikh784@okaxis,1,ACC012382,0,0.0
wazir29159@okaxis,1,ACC012383,0,0.0
tanvi65691@paytm,1,ACC012384,0,0.0
ihora589@okhdfcbank,1,ACC012385,2,47.95
somanelijah581@okicici,1,ACC012386,2,44.76
pkale121@okicici,1,ACC012387,5,364.11
jdada812@paytm,1,ACC012388,1,52.5
qsuri876@paytm,1,ACC012389,1,20.65
wriddhishswamy229@oksbi,1,ACC012390,3,38.33
libni11732@okaxis,1,ACC012391,0,0.0
ronith28463@paytm,1,ACC012392,1,17.13
jprasad630@okhdfcbank,1,ACC012393,2,48.56
gandra470@okicici,1,ACC012394,0,0.0
wrideshwarrior63@okhdfcbank,1,ACC012395,3,80.78
zansi41602@okicici,1,ACC012396,0,0.0
menonvrinda45@okicici,1,ACC012397,0,0.0
sdass755@paytm,1,ACC012398,3,80.48
srinivaskashvi566@okhdfcbank,1,ACC012399,1,29.03
purohittimothy884@okaxis,1,ACC012400,4,195.02
mandamanya450@paytm,1,ACC012401,0,0.0
aadisem659@okicici,1,ACC012402,2,85.05
jacobhayer675@okaxis,1,ACC012403,1,17.15
yashodharasunder81@paytm,1,ACC012404,0,0.0
zachariatamanna979@okhdfcbank,1,ACC012405,3,128.25
tkonda307@ybl,1,ACC012406,1,17.5
darpan9485@paytm,1,ACC012407,0,0.0
divya62184@oksbi,1,ACC012408,1,105.0
mangalmatthew67@okaxis,1,ACC012409,1,20.65
advaith71505@okicici,1,ACC012410,2,172.18
xthaker173@paytm,1,ACC012411,0,0.0
nicholas33858@oksbi,1,ACC012412,0,0.0
takanirudh160@okicici,1,ACC012413,0,0.0
chandransridhar595@oksbi,1,ACC012414,1,20.28
qkarpe87@oksbi,1,ACC012415,3,50.36
bhavika49960@paytm,1,ACC012416,1,73.48
chandanimahajan472@okicici,1,ACC012417,1,32.2
jdutta781@okicici,1,ACC012418,0,0.0
ranbirchana551@paytm,1,ACC012419,2,54.6
vedantcomar217@okhdfcbank,1,ACC012420,1,37.78
advaithzachariah240@okaxis,1,ACC012421,1,59.48
mthakur509@ybl,1,ACC012422,0,0.0
lila81623@okicici,1,ACC012423,2,101.48
vsem588@ybl,1,ACC012424,2,29.73
harshilsanghvi380@okicici,1,ACC012425,4,366.58
bhasinnitesh160@paytm,1,ACC012426,4,46.05
phari651@okhdfcbank,1,ACC012427,0,0.0
vhayre643@okhdfcbank,1,ACC012428,2,152.24
mandalutkarsh952@okhdfcbank,1,ACC012429,0,0.0
csarma875@okhdfcbank,1,ACC012430,0,0.0
singhqarin572@okaxis,1,ACC012431,0,0.0
charitaamble253@okaxis,1,ACC012432,1,109.18
qasimvenkatesh928@ybl,1,ACC012433,0,0.0
mahajanadvaith109@okhdfcbank,1,ACC012434,1,87.5
vritti15558@okaxis,1,ACC012435,0,0.0
isaac32372@ybl,1,ACC012436,0,0.0
hredhaan96783@oksbi,1,ACC012437,1,38.13
lgrover187@okhdfcbank,1,ACC012438,0,0.0
anvi98231@okaxis,1,ACC012439,2,32.44
sachiramesh802@oksbi,1,ACC012440,1,10.15
ktara395@ybl,1,ACC012441,0,0.0
vasana94943@okicici,1,ACC012442,1,40.95
matthewsarraf223@okicici,1,ACC012443,0,0.0
ronithmajumdar30@okaxis,1,ACC012444,3,53.53
khoslaindira16@oksbi,1,ACC012445,1,13.65
forumwagle333@okicici,1,ACC012446,0,0.0
hema29565@okhdfcbank,1,ACC012447,0,0.0
patlazashil992@okicici,1,ACC012448,0,0.0
hchand513@okhdfcbank,1,ACC012449,1,37.78
dupadhyay266@oksbi,1,ACC012450,2,46.7
mgandhi736@paytm,1,ACC012451,1,20.65
avni59674@paytm,1,ACC012452,5,165.74
lsharma7@okicici,1,ACC012453,2,95.88
anvibatra259@okhdfcbank,1,ACC012454,0,0.0
bhavyatripathi39@paytm,1,ACC012455,0,0.0
ekantikababu568@okaxis,1,ACC012456,2,12.27
naikgeetika483@okicici,1,ACC012457,1,35.0
geetikakala514@ybl,1,ACC012458,2,27.65
vidhi1123@paytm,1,ACC012459,0,0.0
amblejyoti25@okicici,1,ACC012460,1,164.5
dipta14215@okhdfcbank,1,ACC012461,0,0.0
vedant26962@oksbi,1,ACC012462,2,50.51
ayaanravi750@okicici,1,ACC012463,0,0.0
rajagopalanazad275@oksbi,1,ACC012464,2,55.28
timothyagate784@okicici,1,ACC012465,4,200.61
vdeol150@okhdfcbank,1,ACC012466,1,8.75
khalsaishanvi426@oksbi,1,ACC012467,2,29.05
janujamannan218@okicici,1,ACC012468,2,23.78
trivenibarad839@oksbi,1,ACC012469,1,20.28
aarav37707@okhdfcbank,1,ACC012470,1,17.5
xalakvenkataraman370@okaxis,1,ACC012471,0,0.0
unnati76856@ybl,1,ACC012472,1,35.0
lgole978@ybl,1,ACC012473,0,0.0
dthaman355@okaxis,1,ACC012474,2,57.4
bsrivastava109@oksbi,1,ACC012475,0,0.0
christopherchakrabarti499@oksbi,1,ACC012476,1,9.58
warjas41965@oksbi,1,ACC012477,4,114.33
udyati36838@ybl,1,ACC012478,1,10.83
deyzehaan256@paytm,1,ACC012479,2,46.53
dsha74@ybl,1,ACC012480,2,29.36
janakigoel141@okhdfcbank,1,ACC012481,1,40.95
vrajagopal670@oksbi,1,ACC012482,0,0.0
nayakxavier665@oksbi,1,ACC012483,0,0.0
suhanimani918@oksbi,1,ACC012484,1,52.5
devanchakrika893@okhdfcbank,1,ACC012485,3,75.03
saanvisuresh434@okicici,1,ACC012486,1,12.2
abhalla694@okaxis,1,ACC012487,1,33.95
ojaggi400@paytm,1,ACC012488,2,97.65
leenaroy184@okhdfcbank,1,ACC012489,0,0.0
fradovirk352@ybl,1,ACC012490,1,289.76
gkaul118@okaxis,1,ACC012491,2,58.78
gautamivala285@okicici,1,ACC012492,4,110.91
imagar12@paytm,1,ACC012493,1,27.28
upkaar53454@okhdfcbank,1,ACC012494,0,0.0
pushti31335@okhdfcbank,1,ACC012495,0,0.0
farhanbawa454@paytm,1,ACC012496,0,0.0
kalpitkalita817@okhdfcbank,1,ACC012497,1,18.89
vigvarenya204@paytm,1,ACC012498,1,7.33
xgill355@okaxis,1,ACC012499,1,10.15
cdugar563@okaxis,1,ACC012500,0,0.0
qmallick877@okaxis,1,ACC012501,0,0.0
bhanumatisant258@oksbi,1,ACC012502,4,99.73
kohlijackson60@ybl,1,ACC012503,0,0.0
tankkai382@okicici,1,ACC012504,0,0.0
vamakshigill319@okaxis,1,ACC012505,1,8.75
liam62400@ybl,1,ACC012506,0,0.0
anvi43329@oksbi,1,ACC012507,2,80.08
naveen02365@ybl,1,ACC012508,1,28.0
omishaoza450@oksbi,1,ACC012509,1,20.65
sanya34310@okicici,1,ACC012510,0,0.0
asastry225@oksbi,1,ACC012511,1,11.9
upasnachoudhry879@ybl,1,ACC012512,4,104.24
dalbir33306@ybl,1,ACC012513,1,27.28
yahvilad992@okaxis,1,ACC012514,2,47.58
elijah26754@okaxis,1,ACC012515,2,80.48
banikoni880@okhdfcbank,1,ACC012516,3,34.14
balanbrinda810@okhdfcbank,1,ACC012517,2,150.13
yashvi85357@okaxis,1,ACC012518,1,15.57
aggarwalmadhav99@ybl,1,ACC012519,1,10.83
viswanathanamrita710@oksbi,1,ACC012520,1,9.43
neha32982@okicici,1,ACC012521,1,29.03
hratti368@ybl,1,ACC012522,2,26.93
ishani99604@okaxis,1,ACC012523,3,193.55
traman897@okicici,1,ACC012524,2,57.4
zehaan35221@okhdfcbank,1,ACC012525,4,118.78
tkhalsa640@oksbi,1,ACC012526,0,0.0
cmani142@oksbi,1,ACC012527,2,33.95
charles60517@okaxis,1,ACC012528,0,0.0
ladalexander906@okicici,1,ACC012529,1,35.0
jacobmisra328@paytm,1,ACC012530,2,67.16
ekalinga03885@okaxis,1,ACC012531,2,79.08
suhani20808@oksbi,1,ACC012532,1,19.58
manthan83234@okhdfcbank,1,ACC012533,1,40.95
sankarwaida733@paytm,1,ACC012534,2,32.86
gangavenkataraman405@okaxis,1,ACC012535,0,0.0
sanayavig534@oksbi,1,ACC012536,5,133.45
nsaran243@paytm,1,ACC012537,1,37.78
raagini73676@okaxis,1,ACC012538,1,114.98
andrew46628@oksbi,1,ACC012539,0,0.0
zayanmammen636@okicici,1,ACC012540,5,186.53
yutikakade932@paytm,1,ACC012541,2,47.56
urmi37541@okhdfcbank,1,ACC012542,0,0.0
warriorcharita205@okicici,1,ACC012543,0,0.0
ronith96889@paytm,1,ACC012544,1,38.13
vedhika37963@paytm,1,ACC012545,0,0.0
tzacharia623@paytm,1,ACC012546,2,62.28
utkarshsaraf443@okhdfcbank,1,ACC012547,0,0.0
jatinsarin441@okaxis,1,ACC012548,1,68.85
chandgautami210@oksbi,1,ACC012549,0,0.0
girindra00280@okaxis,1,ACC012550,0,0.0
aayush37259@paytm,1,ACC012551,1,9.08
mittalinaya429@okicici,1,ACC012552,0,0.0
yuvrajthaker402@okhdfcbank,1,ACC012553,0,0.0
adya88466@paytm,1,ACC012554,0,0.0
qbajwa325@okhdfcbank,1,ACC012555,1,51.1
abdulmagar137@ybl,1,ACC012556,1,155.73
dlall38@ybl,1,ACC012557,1,39.65
rajatanagi263@paytm,1,ACC012558,0,0.0
janaki89941@okicici,1,ACC012559,3,95.33
samivanya474@ybl,1,ACC012560,2,95.18
triyadoshi382@paytm,1,ACC012561,1,40.95
saxenaurvashi327@oksbi,1,ACC012562,0,0.0
mhegde14@okhdfcbank,1,ACC012563,1,17.5
ubikasunder100@ybl,1,ACC012564,3,499.07
kaisangha111@oksbi,1,ACC012565,0,0.0
gshanker107@okhdfcbank,1,ACC012566,4,59.95
sharmaeiravati514@oksbi,1,ACC012567,3,90.98
oakgirik562@paytm,1,ACC012568,3,169.38
chanakyaaurora366@paytm,1,ACC012569,2,36.22
umang273@okhdfcbank,1,ACC012570,2,105.31
fmistry200@okicici,1,ACC012571,1,20.28
naikgagan383@ybl,1,ACC012572,0,0.0
harish56393@okhdfcbank,1,ACC012573,0,0.0
virajbhat243@okicici,1,ACC012574,0,0.0
henrymittal784@paytm,1,ACC012575,5,174.59
jatin11620@ybl,1,ACC012576,0,0.0
gaurangiprashad790@okhdfcbank,1,ACC012577,1,13.65
mekhala83913@okicici,1,ACC012578,0,0.0
ojasvibose336@ybl,1,ACC012579,0,0.0
minhaschandresh718@ybl,1,ACC012580,4,80.15
settyindrajit744@okicici,1,ACC012581,0,0.0
hrandhawa380@okicici,1,ACC012582,1,26.95
chaudrychandani624@okaxis,1,ACC012583,1,483.88
aachal42694@okhdfcbank,1,ACC012584,2,192.63
aadhya10241@okhdfcbank,1,ACC012585,1,79.1
rkar420@okhdfcbank,1,ACC012586,3,114.76
janakilala215@okicici,1,ACC012587,0,0.0
shivansh51763@okhdfcbank,1,ACC012588,0,0.0
lipika0927@oksbi,1,ACC012589,3,35.13
chasmumcherian676@okaxis,1,ACC012590,0,0.0
matthew77595@okaxis,1,ACC012591,0,0.0
ubika38817@paytm,1,ACC012592,1,35.0
bhavikakhatri540@paytm,1,ACC012593,1,91.68
saranchavvi152@okaxis,1,ACC012594,0,0.0
ektasengupta881@okicici,1,ACC012595,3,173.43
owenmisra538@ybl,1,ACC012596,2,39.18
zashil73726@paytm,1,ACC012597,1,59.85
grewalwridesh289@okhdfcbank,1,ACC012598,5,160.28
owenbasu825@okhdfcbank,1,ACC012599,4,166.91
xsankaran45@ybl,1,ACC012600,0,0.0
vidhihanda95@oksbi,1,ACC012601,0,0.0
garatanveer547@okhdfcbank,1,ACC012602,0,0.0
zbanerjee533@oksbi,1,ACC012603,0,0.0
bachittar74722@okicici,1,ACC012604,1,26.95
vagarwal941@okicici,1,ACC012605,2,54.56
dev626@paytm,1,ACC012606,1,228.88
faraskale633@okhdfcbank,1,ACC012607,5,567.84
udhaliwal303@okaxis,1,ACC012608,1,5.25
ulal876@okicici,1,ACC012609,1,29.1
ypadmanabhan818@okaxis,1,ACC012610,5,160.96
bhattacharyyayuvraj90@oksbi,1,ACC012611,1,12.58
kibetanvi489@paytm,1,ACC012612,1,9.79
rbail72@ybl,1,ACC012613,2,29.03
tanvi60845@okicici,1,ACC012614,0,0.0
sanghajeevika12@okaxis,1,ACC012615,4,226.44
sudiksha34184@okhdfcbank,1,ACC012616,0,0.0
tchaudhry865@ybl,1,ACC012617,1,35.0
udantgarde258@okaxis,1,ACC012618,1,22.34
manbir23852@okaxis,1,ACC012619,4,98.92
jonathandeshmukh167@okaxis,1,ACC012620,0,0.0
veda91758@okaxis,1,ACC012621,1,10.15
nachiket26877@paytm,1,ACC012622,2,69.98
usaini503@okicici,1,ACC012623,1,17.5
iyerpriya492@oksbi,1,ACC012624,1,59.48
harinakshi59692@oksbi,1,ACC012625,0,0.0
rajuliam246@okicici,1,ACC012626,0,0.0
yamini79906@okaxis,1,ACC012627,1,16.96
william43879@okhdfcbank,1,ACC012628,2,51.44
nidra20260@oksbi,1,ACC012629,0,0.0
aarnavchander15@okhdfcbank,1,ACC012630,2,359.06
dparsa919@okaxis,1,ACC012631,3,99.38
gaurangilad520@paytm,1,ACC012632,1,35.7
arya3295@okhdfcbank,1,ACC012633,2,224.66
wkala302@oksbi,1,ACC012634,0,0.0
jhaekapad248@okaxis,1,ACC012635,4,165.51
prisha83647@okicici,1,ACC012636,0,0.0
zpai638@okicici,1,ACC012637,1,37.78
twarrior715@okhdfcbank,1,ACC012638,0,0.0
libni03622@okaxis,1,ACC012639,0,0.0
vrishtibava182@okaxis,1,ACC012640,1,6.98
hitesh55261@okaxis,1,ACC012641,1,193.9
shauryamurthy198@paytm,1,ACC012642,0,0.0
falan08527@ybl,1,ACC012643,3,49.0
badalvictor465@oksbi,1,ACC012644,3,18.46
kshere221@okicici,1,ACC012645,3,50.88
sooddamini452@okicici,1,ACC012646,0,0.0
upma89838@paytm,1,ACC012647,1,32.2
salviyachana617@okhdfcbank,1,ACC012648,5,85.21
gabrieloak590@oksbi,1,ACC012649,2,45.83
anmol46196@ybl,1,ACC012650,3,40.07
jbiswas170@oksbi,1,ACC012651,0,0.0
devanshchanda17@oksbi,1,ACC012652,0,0.0
radha7510@oksbi,1,ACC012653,1,59.85
zilmilmagar944@ybl,1,ACC012654,2,105.0
urishillasha33@okicici,1,ACC012655,0,0.0
mnagar453@okicici,1,ACC012656,2,43.2
kashvikarpe826@ybl,1,ACC012657,1,32.9
trastogi250@oksbi,1,ACC012658,0,0.0
samabarkha662@paytm,1,ACC012659,0,0.0
edalia585@oksbi,1,ACC012660,0,0.0
jkakar757@okicici,1,ACC012661,0,0.0
upmachana31@okhdfcbank,1,ACC012662,0,0.0
kamya68501@okhdfcbank,1,ACC012663,0,0.0
devikapillay900@ybl,1,ACC012664,4,74.51
simon52273@ybl,1,ACC012665,1,92.75
rehaan08517@ybl,1,ACC012666,4,157.09
abhabera642@paytm,1,ACC012667,0,0.0
thans748@okaxis,1,ACC012668,3,75.93
anamikasrivastava732@ybl,1,ACC012669,0,0.0
nagizehaan256@okaxis,1,ACC012670,0,0.0
bakhshikumer380@okaxis,1,ACC012671,1,56.35
varshaluthra587@okaxis,1,ACC012672,2,37.8
ltella895@okhdfcbank,1,ACC012673,1,35.0
ishanvipanchal26@okhdfcbank,1,ACC012674,0,0.0
raagini20346@ybl,1,ACC012675,1,20.28
harrison66502@okhdfcbank,1,ACC012676,1,12.07
iyengaralka481@paytm,1,ACC012677,2,56.81
kgrewal914@okhdfcbank,1,ACC012678,1,20.26
tanaycontractor414@paytm,1,ACC012679,2,73.5
zranganathan148@okicici,1,ACC012680,0,0.0
brinda51578@okhdfcbank,1,ACC012681,0,0.0
opandya21@okaxis,1,ACC012682,0,0.0
pranav99844@ybl,1,ACC012683,1,29.05
nachiket29683@okhdfcbank,1,ACC012684,5,313.85
sachi64651@ybl,1,ACC012685,1,23.78
yashica76951@ybl,1,ACC012686,1,40.95
zachariainaya326@okaxis,1,ACC012687,2,30.8
liam58294@okhdfcbank,1,ACC012688,2,26.93
vasatikabarad84@oksbi,1,ACC012689,2,47.59
raghavwason315@paytm,1,ACC012690,0,0.0
qasimsastry925@okicici,1,ACC012691,1,9.79
buchwilliam418@okaxis,1,ACC012692,4,134.42
aadidayal788@paytm,1,ACC012693,2,52.13
lavanya31656@oksbi,1,ACC012694,0,0.0
choudhrypavani176@okhdfcbank,1,ACC012695,1,3.71
dmannan471@okaxis,1,ACC012696,0,0.0
jkale123@ybl,1,ACC012697,4,292.03
hiteshjha642@ybl,1,ACC012698,0,0.0
mitesh23803@okaxis,1,ACC012699,1,20.63
sacharqarin671@okicici,1,ACC012700,0,0.0
ronithbhardwaj9@okhdfcbank,1,ACC012701,0,0.0
ekapadtailor98@paytm,1,ACC012702,1,117.25
utkarsh53499@okhdfcbank,1,ACC012703,1,59.85
zguha28@okhdfcbank,1,ACC012704,0,0.0
vyanjana7317@okhdfcbank,1,ACC012705,0,0.0
idikaloyal278@okaxis,1,ACC012706,1,11.0
jeetramachandran364@ybl,1,ACC012707,1,26.95
ybahl663@ybl,1,ACC012708,0,0.0
siyaanand156@okaxis,1,ACC012709,0,0.0
sarthak7496@oksbi,1,ACC012710,3,273.35
jsankar671@oksbi,1,ACC012711,1,18.98
narangzansi240@paytm,1,ACC012712,1,11.9
tjoshi461@okhdfcbank,1,ACC012713,3,59.47
chadhasaanvi51@okaxis,1,ACC012714,1,67.55
majumdarradhika188@okhdfcbank,1,ACC012715,1,104.98
samarthparmer20@ybl,1,ACC012716,0,0.0
jackson72473@okicici,1,ACC012717,0,0.0
aarnayohannan490@okhdfcbank,1,ACC012718,0,0.0
devikavasa962@ybl,1,ACC012719,1,8.75
madanupma465@okicici,1,ACC012720,1,117.25
panchaludyati23@okhdfcbank,1,ACC012721,1,59.85
elijah68219@okhdfcbank,1,ACC012722,2,47.05
vrittibhatt304@oksbi,1,ACC012723,2,85.38
fgulati983@okhdfcbank,1,ACC012724,2,75.95
lnaik422@okicici,1,ACC012725,1,30.97
kai19668@paytm,1,ACC012726,2,86.43
daniurmi401@ybl,1,ACC012727,0,0.0
darpandave228@paytm,1,ACC012728,3,112.67
dwason673@okaxis,1,ACC012729,3,154.3
hegdeekbal316@okicici,1,ACC012730,0,0.0
rbassi31@okaxis,1,ACC012731,0,0.0
ghoshomkaar249@okicici,1,ACC012732,0,0.0
ranavasatika616@okicici,1,ACC012733,3,116.37
radha66392@okhdfcbank,1,ACC012734,2,67.18
chandreshbhasin870@okhdfcbank,1,ACC012735,5,287.0
bhagatsiddharth785@ybl,1,ACC012736,1,17.13
goswamiaadi554@okhdfcbank,1,ACC012737,2,126.68
wchand714@paytm,1,ACC012738,0,0.0
vaishnavisheth911@okhdfcbank,1,ACC012739,0,0.0
elijahkade803@ybl,1,ACC012740,3,46.53
auroraviraj452@okhdfcbank,1,ACC012741,2,70.33
divya31389@okicici,1,ACC012742,1,20.28
enarayan330@okaxis,1,ACC012743,0,0.0
rishi56657@oksbi,1,ACC012744,1,17.5
xalak93989@oksbi,1,ACC012745,4,181.98
sainiyashoda17@okicici,1,ACC012746,1,19.03
dhawanrudra249@ybl,1,ACC012747,0,0.0
ekani5721@okicici,1,ACC012748,1,40.95
darika69702@okaxis,1,ACC012749,2,31.55
shettyhemal897@ybl,1,ACC012750,0,0.0
brijesh43947@paytm,1,ACC012751,2,140.0
nikitasinghal479@okhdfcbank,1,ACC012752,0,0.0
naveen53234@okaxis,1,ACC012753,0,0.0
darpan09948@oksbi,1,ACC012754,2,835.1
ogoyal311@ybl,1,ACC012755,5,321.28
balafalak884@oksbi,1,ACC012756,0,0.0
khareyauvani70@okhdfcbank,1,ACC012757,1,14.28
robertpillay926@okicici,1,ACC012758,2,94.46
rsuresh369@oksbi,1,ACC012759,3,62.96
ndutt35@ybl,1,ACC012760,0,0.0
khuranasaanvi281@okaxis,1,ACC012761,1,10.83
sharmabishakha236@okaxis,1,ACC012762,0,0.0
nicholasnagarajan973@ybl,1,ACC012763,2,28.33
nandinipadmanabhan248@ybl,1,ACC012764,2,18.25
samarthdesai788@okhdfcbank,1,ACC012765,4,241.64
ekani25388@okaxis,1,ACC012766,2,42.45
balvanmagar569@paytm,1,ACC012767,1,37.97
samar68908@ybl,1,ACC012768,2,30.6
ekiya09220@paytm,1,ACC012769,0,0.0
dhriti13918@oksbi,1,ACC012770,2,81.9
borawyatt157@oksbi,1,ACC012771,0,0.0
tristanborra638@okhdfcbank,1,ACC012772,0,0.0
hiralwali156@oksbi,1,ACC012773,4,41.1
kdua645@okicici,1,ACC012774,3,76.63
indali9452@okicici,1,ACC012775,2,44.78
varkeychakradev383@ybl,1,ACC012776,1,17.5
janibhavini13@oksbi,1,ACC012777,0,0.0
rayaananand494@ybl,1,ACC012778,1,12.93
enaidu616@okicici,1,ACC012779,0,0.0
jsoman372@okicici,1,ACC012780,0,0.0
mohammedbhalla4@okicici,1,ACC012781,1,10.83
mandaljeevika86@oksbi,1,ACC012782,0,0.0
leena8264@okicici,1,ACC012783,0,0.0
agarwalaarnav512@okhdfcbank,1,ACC012784,1,13.65
nandini04519@oksbi,1,ACC012785,1,20.65
jagratiparikh818@paytm,1,ACC012786,0,0.0
harinakshibutala746@okicici,1,ACC012787,1,40.95
hiralshenoy279@okicici,1,ACC012788,3,67.14
rdubey706@ybl,1,ACC012789,0,0.0
vedika677@okaxis,1,ACC012790,3,63.83
usunder65@okaxis,1,ACC012791,0,0.0
unayar330@ybl,1,ACC012792,0,0.0
bdevan761@okicici,1,ACC012793,1,17.5
keertanish946@okicici,1,ACC012794,1,12.58
olivertaneja979@ybl,1,ACC012795,0,0.0
hayrejasmit827@paytm,1,ACC012796,4,229.24
forum33748@okhdfcbank,1,ACC012797,1,36.39
vdasgupta201@okaxis,1,ACC012798,4,299.49
jagvi6525@okaxis,1,ACC012799,4,124.58
khannacharles959@ybl,1,ACC012800,1,33.95
ehans522@paytm,1,ACC012801,0,0.0
libnimani735@okhdfcbank,1,ACC012802,0,0.0
rishi28175@okaxis,1,ACC012803,1,9.08
ridhi18486@okaxis,1,ACC012804,2,57.03
onkarloke414@ybl,1,ACC012805,0,0.0
pallcharita813@ybl,1,ACC012806,0,0.0
mandwarda604@ybl,1,ACC012807,0,0.0
thakurbahadurjit50@okhdfcbank,1,ACC012808,0,0.0
kalalaban941@paytm,1,ACC012809,2,52.48
zachariahfrado720@okaxis,1,ACC012810,2,35.67
ravibakhshi53@paytm,1,ACC012811,3,108.13
vyanjanacontractor989@oksbi,1,ACC012812,2,58.43
odar534@oksbi,1,ACC012813,2,226.78
upadhritisur581@oksbi,1,ACC012814,1,105.0
swamyyahvi819@okicici,1,ACC012815,2,176.03
alkadora594@paytm,1,ACC012816,3,83.63
mkorpal245@okhdfcbank,1,ACC012817,1,33.95
bawaaryan605@okicici,1,ACC012818,0,0.0
ravelraagini660@paytm,1,ACC012819,1,26.95
otata764@oksbi,1,ACC012820,0,0.0
bmore396@okaxis,1,ACC012821,4,356.06
rajanxalak756@okhdfcbank,1,ACC012822,3,137.53
duttaatharv817@ybl,1,ACC012823,2,35.0
isaacdas401@okaxis,1,ACC012824,1,40.25
samarsaxena718@okhdfcbank,1,ACC012825,1,40.95
atwalekta756@okaxis,1,ACC012826,2,51.1
yatinroy451@okhdfcbank,1,ACC012827,1,17.15
girish5612@ybl,1,ACC012828,1,35.0
mahikachopra189@oksbi,1,ACC012829,1,232.4
rchandra2@okicici,1,ACC012830,0,0.0
ishwar13297@paytm,1,ACC012831,3,114.74
sharmagaurav522@okicici,1,ACC012832,1,17.15
finn05369@ybl,1,ACC012833,2,25.59
oscarmuni10@oksbi,1,ACC012834,1,11.32
dharmadhavi576@oksbi,1,ACC012835,0,0.0
apteati899@okhdfcbank,1,ACC012836,0,0.0
aacharya680@okhdfcbank,1,ACC012837,5,1236.59
yutika96284@oksbi,1,ACC012838,1,1.59
vanshasinha584@paytm,1,ACC012839,3,72.1
acharyaudant108@okhdfcbank,1,ACC012840,1,20.65
uchopra327@okhdfcbank,1,ACC012841,3,104.76
dpurohit827@okicici,1,ACC012842,0,0.0
daralopa557@paytm,1,ACC012843,3,186.17
kevin80659@ybl,1,ACC012844,3,385.66
jaggiabdul228@oksbi,1,ACC012845,1,16.78
leela23705@okicici,1,ACC012846,1,122.83
zashilbhakta714@okhdfcbank,1,ACC012847,1,44.78
chakradev54875@okaxis,1,ACC012848,0,0.0
mugdha05678@okicici,1,ACC012849,2,75.95
yatinnarain728@paytm,1,ACC012850,0,0.0
chanchalwalla912@okaxis,1,ACC012851,2,27.66
pzacharia507@ybl,1,ACC012852,0,0.0
yutika33760@okicici,1,ACC012853,0,0.0
hredhaan41225@ybl,1,ACC012854,1,70.0
ydevan958@okhdfcbank,1,ACC012855,4,187.93
damini68565@okicici,1,ACC012856,2,61.05
ozakeya964@okicici,1,ACC012857,2,27.98
megha83172@paytm,1,ACC012858,0,0.0
esarma940@ybl,1,ACC012859,0,0.0
wvirk732@paytm,1,ACC012860,0,0.0
deshmukhrohan698@ybl,1,ACC012861,1,55.98
teerth7055@ybl,1,ACC012862,1,40.95
yvarkey741@ybl,1,ACC012863,3,80.11
lavanyamanda137@ybl,1,ACC012864,1,221.2
chadmax190@oksbi,1,ACC012865,0,0.0
abhiram92305@ybl,1,ACC012866,1,12.57
deepakulkarni540@paytm,1,ACC012867,2,37.41
bhanumati89268@okhdfcbank,1,ACC012868,0,0.0
esuresh52@ybl,1,ACC012869,5,225.01
patrickbandi956@okicici,1,ACC012870,2,21.47
raghavanwidisha239@ybl,1,ACC012871,1,26.95
samakshsabharwal949@okicici,1,ACC012872,0,0.0
banikbachittar446@okhdfcbank,1,ACC012873,0,0.0
okamdar428@okicici,1,ACC012874,0,0.0
gautam28996@paytm,1,ACC012875,0,0.0
byohannan432@oksbi,1,ACC012876,1,17.15
ksunder779@okhdfcbank,1,ACC012877,2,25.72
megha51327@okicici,1,ACC012878,0,0.0
wakeetakapoor926@oksbi,1,ACC012879,0,0.0
skarpe666@okicici,1,ACC012880,2,42.7
datedalbir819@okhdfcbank,1,ACC012881,1,55.98
mayakaul618@okicici,1,ACC012882,2,240.43
choudhryquincy401@paytm,1,ACC012883,2,57.73
qbakshi438@ybl,1,ACC012884,0,0.0
ykeer655@oksbi,1,ACC012885,0,0.0
alkakala122@paytm,1,ACC012886,3,184.45
avni41257@okaxis,1,ACC012887,1,20.28
urvigokhale61@okicici,1,ACC012888,1,10.15
zashil11866@okaxis,1,ACC012889,0,0.0
osha20223@okicici,1,ACC012890,0,0.0
bhavanihari50@okhdfcbank,1,ACC012891,3,61.56
bdoshi35@okaxis,1,ACC012892,2,201.6
anya68416@okaxis,1,ACC012893,0,0.0
tbal979@oksbi,1,ACC012894,0,0.0
dayamaichoudhury384@oksbi,1,ACC012895,3,64.73
aloyal18@oksbi,1,ACC012896,1,38.13
aringolla524@okaxis,1,ACC012897,1,20.65
aayushchowdhury856@ybl,1,ACC012898,0,0.0
advikbera633@okicici,1,ACC012899,0,0.0
zansisaha808@oksbi,1,ACC012900,1,20.28
dhritipandya177@okicici,1,ACC012901,3,134.36
fsastry596@ybl,1,ACC012902,0,0.0
khoslaoni48@okaxis,1,ACC012903,3,419.3
ssachar740@paytm,1,ACC012904,2,100.43
triyanatt478@oksbi,1,ACC012905,2,93.1
manyanaidu554@okhdfcbank,1,ACC012906,2,63.0
jason7893@okicici,1,ACC012907,2,37.43
thakurvamakshi522@okhdfcbank,1,ACC012908,1,17.15
subramaniankrishna560@okicici,1,ACC012909,4,263.2
saniyamini172@oksbi,1,ACC012910,1,4.0
amrita61256@okicici,1,ACC012911,2,116.89
upkaarnaik950@okaxis,1,ACC012912,2,42.9
xalaknarasimhan906@oksbi,1,ACC012913,1,17.5
qchahal232@ybl,1,ACC012914,3,240.99
varshagupta2@ybl,1,ACC012915,1,145.17
gavingoyal905@okhdfcbank,1,ACC012916,0,0.0
ronith16998@okhdfcbank,1,ACC012917,2,26.23
neelimaverma934@oksbi,1,ACC012918,1,33.95
sahniwarhi133@ybl,1,ACC012919,0,0.0
yashawini82216@okaxis,1,ACC012920,2,46.93
haritachopra386@paytm,1,ACC012921,3,40.83
harish19600@okicici,1,ACC012922,1,15.75
jagat38235@okaxis,1,ACC012923,1,8.75
turvigour373@okicici,1,ACC012924,0,0.0
borralakshmi22@paytm,1,ACC012925,0,0.0
shettywarhi654@okaxis,1,ACC012926,1,117.25
rajagopalannathan309@oksbi,1,ACC012927,1,37.78
kandachavvi743@okaxis,1,ACC012928,1,8.16
hayeryashasvi372@okhdfcbank,1,ACC012929,1,10.5
xkhalsa127@okicici,1,ACC012930,0,0.0
borahlajita184@okhdfcbank,1,ACC012931,0,0.0
okumer569@oksbi,1,ACC012932,0,0.0
vedika56192@ybl,1,ACC012933,2,36.36
falakparmer609@okhdfcbank,1,ACC012934,0,0.0
raagini12629@oksbi,1,ACC012935,0,0.0
aganguly306@oksbi,1,ACC012936,0,0.0
jbhargava636@paytm,1,ACC012937,0,0.0
srinivasqushi174@okaxis,1,ACC012938,2,83.28
ekantika29989@paytm,1,ACC012939,0,0.0
kadejeevika579@okicici,1,ACC012940,0,0.0
abdulmittal780@okhdfcbank,1,ACC012941,0,0.0
dalbirnath972@oksbi,1,ACC012942,0,0.0
hchaudhari443@paytm,1,ACC012943,1,74.55
quincyshukla282@okicici,1,ACC012944,5,119.11
xsankar22@paytm,1,ACC012945,0,0.0
karanamol462@okicici,1,ACC012946,0,0.0
fiyazlata502@oksbi,1,ACC012947,2,27.35
aashiacharya399@okicici,1,ACC012948,1,98.0
iravarty51@okaxis,1,ACC012949,0,0.0
mohinisoman337@okhdfcbank,1,ACC012950,1,23.78
achaudry732@okaxis,1,ACC012951,0,0.0
eganesh830@paytm,1,ACC012952,0,0.0
alka09639@paytm,1,ACC012953,1,31.5
ekavirbrahmbhatt812@paytm,1,ACC012954,1,33.95
chaitanya81199@ybl,1,ACC012955,2,54.93
zaitra85546@oksbi,1,ACC012956,1,38.13
sara75534@okhdfcbank,1,ACC012957,1,37.78
mohini79495@okaxis,1,ACC012958,0,0.0
raonikita235@okaxis,1,ACC012959,1,73.48
walijagvi709@oksbi,1,ACC012960,1,30.45
ibhasin356@okaxis,1,ACC012961,2,75.95
bbedi564@okicici,1,ACC012962,2,227.5
aahanamody482@ybl,1,ACC012963,2,38.15
paualexander510@oksbi,1,ACC012964,2,30.06
sarapillai531@okhdfcbank,1,ACC012965,0,0.0
oeshi08101@oksbi,1,ACC012966,2,34.3
nandaarunima483@okhdfcbank,1,ACC012967,4,174.96
luke7532@okhdfcbank,1,ACC012968,1,20.65
madanqadim532@okhdfcbank,1,ACC012969,1,17.5
gvala212@oksbi,1,ACC012970,0,0.0
aryansen43@okaxis,1,ACC012971,0,0.0
yatan34239@okicici,1,ACC012972,4,265.59
geetika29336@ybl,1,ACC012973,1,17.15
bishakhasura326@okhdfcbank,1,ACC012974,0,0.0
alexandergera224@oksbi,1,ACC012975,4,776.98
sahnisathvik455@paytm,1,ACC012976,3,44.77
urvashi51405@paytm,1,ACC012977,0,0.0
varmavaishnavi807@okicici,1,ACC012978,2,76.98
hayerowen939@oksbi,1,ACC012979,0,0.0
minhasaachal593@okicici,1,ACC012980,1,14.0
janani30189@oksbi,1,ACC012981,1,13.65
xkota188@okaxis,1,ACC012982,0,0.0
jeetthakur674@ybl,1,ACC012983,0,0.0
tde341@paytm,1,ACC012984,3,74.75
senbalendra892@paytm,1,ACC012985,0,0.0
balhaargoel111@oksbi,1,ACC012986,2,27.45
david74727@oksbi,1,ACC012987,4,104.26
mekhalawali548@okhdfcbank,1,ACC012988,2,65.08
ekta54319@okhdfcbank,1,ACC012989,0,0.0
oeshisodhi226@okicici,1,ACC012990,2,69.63
yug07824@okaxis,1,ACC012991,4,213.65
banerjeeabeer95@okicici,1,ACC012992,0,0.0
dratta833@paytm,1,ACC012993,2,194.23
xsingh503@okhdfcbank,1,ACC012994,1,8.75
jason41726@okicici,1,ACC012995,4,114.1
sathvik12873@ybl,1,ACC012996,2,61.75
prasadchasmum446@oksbi,1,ACC012997,2,75.95
vasacaleb643@okicici,1,ACC012998,1,73.83
janani36453@okicici,1,ACC012999,2,40.73
deepfrederick593@oksbi,1,ACC013000,5,376.91
karicharita771@okhdfcbank,1,ACC013001,1,37.97
lloke371@okicici,1,ACC013002,1,40.95
tejas15513@paytm,1,ACC013003,1,2.45
taraksule633@okhdfcbank,1,ACC013004,0,0.0
rbobal638@okhdfcbank,1,ACC013005,0,0.0
xkurian115@ybl,1,ACC013006,1,35.0
upadhritidatta248@ybl,1,ACC013007,0,0.0
sbaria577@okicici,1,ACC013008,3,129.13
nayakwarinder881@ybl,1,ACC013009,2,46.53
arinbajwa427@okaxis,1,ACC013010,2,38.83
rlad27@paytm,1,ACC013011,0,0.0
varkeyvamakshi962@paytm,1,ACC013012,1,30.45
ywalla172@okhdfcbank,1,ACC013013,1,9.26
goswamibahadurjit818@okaxis,1,ACC013014,1,35.0
udant47246@paytm,1,ACC013015,1,117.25
hiral68906@oksbi,1,ACC013016,0,0.0
kulkarniaachal702@okicici,1,ACC013017,3,56.68
samakshdeol810@okaxis,1,ACC013018,0,0.0
patlamatthew205@ybl,1,ACC013019,3,118.28
zinal45489@paytm,1,ACC013020,1,79.1
zkaul915@paytm,1,ACC013021,1,37.78
pgolla163@okhdfcbank,1,ACC013022,1,38.13
xnath399@ybl,1,ACC013023,0,0.0
tripathiarya622@okaxis,1,ACC013024,3,166.58
vohrakalpit798@ybl,1,ACC013025,0,0.0
vedhikadutta95@paytm,1,ACC013026,1,40.95
jananipanchal725@okhdfcbank,1,ACC013027,2,81.9
qrajagopal399@ybl,1,ACC013028,4,88.84
tanmayichahal208@paytm,1,ACC013029,0,0.0
gerabhavani86@ybl,1,ACC013030,0,0.0
qasimsood141@okicici,1,ACC013031,2,67.18
patrickray734@okicici,1,ACC013032,0,0.0
anitasachdeva176@paytm,1,ACC013033,0,0.0
xshere392@okhdfcbank,1,ACC013034,2,61.23
korpalaishani708@paytm,1,ACC013035,0,0.0
rayaan21458@ybl,1,ACC013036,4,110.49
finnyogi793@ybl,1,ACC013037,1,26.95
krisha63597@okhdfcbank,1,ACC013038,1,91.68
jagat9595@okaxis,1,ACC013039,1,52.5
niharika50608@okhdfcbank,1,ACC013040,0,0.0
nmalhotra728@okaxis,1,ACC013041,5,114.32
gangapandya147@okicici,1,ACC013042,1,15.4
finnkohli306@okaxis,1,ACC013043,1,28.7
kharedaksh905@okhdfcbank,1,ACC013044,0,0.0
netra57622@okicici,1,ACC013045,2,24.53
kbath356@okicici,1,ACC013046,1,10.5
harshil62882@okhdfcbank,1,ACC013047,1,17.15
ekantaanand524@oksbi,1,ACC013048,0,0.0
aryalal73@okicici,1,ACC013049,3,108.29
golayahvi331@okicici,1,ACC013050,1,32.2
chawlayatan439@ybl,1,ACC013051,0,0.0
ati04492@okaxis,1,ACC013052,1,4.94
yedwin119@okaxis,1,ACC013053,1,8.75
cheriantriveni280@okaxis,1,ACC013054,2,29.22
xitidugal312@okhdfcbank,1,ACC013055,0,0.0
vedhika58932@ybl,1,ACC013056,3,78.22
goak248@oksbi,1,ACC013057,3,64.33
jchauhan23@okicici,1,ACC013058,0,0.0
bmani179@okhdfcbank,1,ACC013059,1,3.92
saumyanaik129@ybl,1,ACC013060,1,9.43
tdayal660@ybl,1,ACC013061,3,85.9
jagdishsingh545@oksbi,1,ACC013062,0,0.0
bhavna88201@okaxis,1,ACC013063,0,0.0
zayyan2984@okicici,1,ACC013064,3,79.43
tanvidora766@ybl,1,ACC013065,1,18.89
karan90353@okaxis,1,ACC013066,1,9.1
vansha26531@ybl,1,ACC013067,0,0.0
wkala363@okicici,1,ACC013068,1,26.25
ramakrishnansanaya142@okicici,1,ACC013069,1,9.71
karajyoti524@oksbi,1,ACC013070,0,0.0
sidhudakshesh905@oksbi,1,ACC013071,1,12.77
jchoudhary513@okhdfcbank,1,ACC013072,1,37.95
kohliliam805@paytm,1,ACC013073,0,0.0
ira52504@okaxis,1,ACC013074,1,55.98
dhingrautkarsh344@okaxis,1,ACC013075,1,11.06
tanish77685@paytm,1,ACC013076,1,20.65
yashasvi61383@oksbi,1,ACC013077,0,0.0
waidasodhi829@paytm,1,ACC013078,1,86.43
wchander977@oksbi,1,ACC013079,5,104.12
deepanagar794@okicici,1,ACC013080,1,12.93
urishilla96369@paytm,1,ACC013081,0,0.0
elijahganesh413@ybl,1,ACC013082,0,0.0
indali45165@okhdfcbank,1,ACC013083,1,79.1
raagini02843@okaxis,1,ACC013084,2,99.75
jalsa25608@okicici,1,ACC013085,0,0.0
zachariahenry769@oksbi,1,ACC013086,0,0.0
ayaanreddy976@okaxis,1,ACC013087,2,421.29
deomahika463@okaxis,1,ACC013088,4,264.19
jagdish96972@okaxis,1,ACC013089,0,0.0
doctorchaaya980@okicici,1,ACC013090,5,230.98
amutti564@okicici,1,ACC013091,2,136.08
raualka552@paytm,1,ACC013092,1,17.5
ggola143@okaxis,1,ACC013093,3,65.44
fmajumdar926@okhdfcbank,1,ACC013094,3,40.34
buchamruta749@oksbi,1,ACC013095,1,20.28
raghavbedi711@ybl,1,ACC013096,2,98.0
anikadate938@oksbi,1,ACC013097,0,0.0
ekta16159@okaxis,1,ACC013098,1,122.83
doradalbir310@ybl,1,ACC013099,0,0.0
wtrivedi148@okaxis,1,ACC013100,1,13.65
abdulpant951@oksbi,1,ACC013101,0,0.0
qraju180@ybl,1,ACC013102,1,12.9
jacob94724@paytm,1,ACC013103,0,0.0
handapanini35@okaxis,1,ACC013104,0,0.0
bhavika05667@okicici,1,ACC013105,3,102.2
gayathri86166@ybl,1,ACC013106,2,55.63
mgoda507@okhdfcbank,1,ACC013107,0,0.0
urvi73230@ybl,1,ACC013108,1,37.78
paurora98@okaxis,1,ACC013109,3,359.39
oakzaid433@okhdfcbank,1,ACC013110,0,0.0
falakgoel187@paytm,1,ACC013111,1,30.45
priya34138@paytm,1,ACC013112,1,13.65
pallavi29240@oksbi,1,ACC013113,1,55.98
falgunipurohit40@ybl,1,ACC013114,1,37.78
hlad1@paytm,1,ACC013115,3,216.08
yashasvi41607@oksbi,1,ACC013116,0,0.0
sarafrushil950@okaxis,1,ACC013117,4,98.59
agrawalekbal540@ybl,1,ACC013118,0,0.0
nshanker111@okaxis,1,ACC013119,0,0.0
kalitaayush748@okicici,1,ACC013120,4,171.22
hzachariah873@ybl,1,ACC013121,0,0.0
sachisen427@okicici,1,ACC013122,0,0.0
bhargavavritti370@oksbi,1,ACC013123,1,35.0
mandapanini420@okicici,1,ACC013124,1,17.15
krishnanchaman731@ybl,1,ACC013125,2,39.53
merchanthemal692@oksbi,1,ACC013126,1,5.97
bachittarmaster478@oksbi,1,ACC013127,1,30.87
jasonmurthy650@okicici,1,ACC013128,0,0.0
ridhi38626@oksbi,1,ACC013129,1,35.0
dsampath130@okicici,1,ACC013130,0,0.0
nagyhemang860@okhdfcbank,1,ACC013131,3,60.18
lataurmi372@okaxis,1,ACC013132,1,79.1
apteladli623@okhdfcbank,1,ACC013133,1,11.54
zaitranaik789@oksbi,1,ACC013134,0,0.0
gangavenkataraman360@oksbi,1,ACC013135,3,280.15
abhasarraf506@ybl,1,ACC013136,0,0.0
tchakraborty556@okicici,1,ACC013137,0,0.0
tanmayi48419@paytm,1,ACC013138,0,0.0
vihaan25149@ybl,1,ACC013139,1,29.03
khatribina783@okaxis,1,ACC013140,0,0.0
jacob24591@oksbi,1,ACC013141,0,0.0
ibobal382@ybl,1,ACC013142,1,36.38
uapte296@oksbi,1,ACC013143,0,0.0
akulkarni178@oksbi,1,ACC013144,1,40.95
kala24362@okaxis,1,ACC013145,0,0.0
balaneelima828@oksbi,1,ACC013146,3,741.19
megha41982@paytm,1,ACC013147,2,58.43
nbansal614@paytm,1,ACC013148,4,130.55
jagvi9122@ybl,1,ACC013149,1,14.52
ngrover538@okaxis,1,ACC013150,2,89.05
indiragill26@okaxis,1,ACC013151,2,116.9
regemahika289@paytm,1,ACC013152,1,3.5
tanejachasmum143@oksbi,1,ACC013153,0,0.0
nakulsankar304@okicici,1,ACC013154,0,0.0
pdivan239@okaxis,1,ACC013155,2,43.73
henry18267@okaxis,1,ACC013156,1,10.15
lopa50441@okhdfcbank,1,ACC013157,1,37.78
grovervritti255@okhdfcbank,1,ACC013158,1,109.18
dharbenjamin868@okicici,1,ACC013159,2,25.9
ganeshshivansh441@oksbi,1,ACC013160,1,20.65
goyalyadavi923@ybl,1,ACC013161,2,30.43
bhasinazaan176@paytm,1,ACC013162,1,15.03
ibawa654@oksbi,1,ACC013163,0,0.0
choudharyraksha963@okhdfcbank,1,ACC013164,0,0.0
lmemon202@okaxis,1,ACC013165,1,18.89
walijoshua615@paytm,1,ACC013166,0,0.0
reddyumang183@paytm,1,ACC013167,0,0.0
aadiparmar591@oksbi,1,ACC013168,1,37.78
palladipta818@okhdfcbank,1,ACC013169,0,0.0
gautamsachdev804@ybl,1,ACC013170,0,0.0
bhavsaromisha614@ybl,1,ACC013171,1,31.13
iminhas914@okicici,1,ACC013172,3,106.05
tgade598@okhdfcbank,1,ACC013173,0,0.0
elijahbhandari1@okhdfcbank,1,ACC013174,0,0.0
gandhiparth861@ybl,1,ACC013175,5,206.11
tkalla909@oksbi,1,ACC013176,3,145.91
qgade948@oksbi,1,ACC013177,4,343.07
kala2693@oksbi,1,ACC013178,2,75.95
finn07641@oksbi,1,ACC013179,0,0.0
parsaumang66@paytm,1,ACC013180,0,0.0
kakaryadavi788@okhdfcbank,1,ACC013181,0,0.0
tanmayishan814@ybl,1,ACC013182,0,0.0
pahal48198@okaxis,1,ACC013183,1,79.1
aahanasengupta626@paytm,1,ACC013184,1,13.96
rachitasidhu8@oksbi,1,ACC013185,2,61.58
ldave602@ybl,1,ACC013186,2,75.42
hitesh33305@okhdfcbank,1,ACC013187,3,89.6
duaaarini935@okaxis,1,ACC013188,5,165.91
ayaan08822@okaxis,1,ACC013189,0,0.0
naveen14838@paytm,1,ACC013190,1,29.05
mbumb695@okhdfcbank,1,ACC013191,2,54.93
bpillay467@okhdfcbank,1,ACC013192,3,186.88
vrindanarasimhan872@ybl,1,ACC013193,4,56.96
rajufalak253@oksbi,1,ACC013194,1,20.28
chandanisengupta426@okaxis,1,ACC013195,0,0.0
godapeter260@okicici,1,ACC013196,0,0.0
ucchal65463@oksbi,1,ACC013197,2,101.83
akhosla183@oksbi,1,ACC013198,0,0.0
agastya42663@paytm,1,ACC013199,0,0.0
snagy609@oksbi,1,ACC013200,4,411.05
jrajagopal597@ybl,1,ACC013201,0,0.0
ggara485@okicici,1,ACC013202,1,213.57
victorpatla957@ybl,1,ACC013203,1,40.95
agastya29465@okaxis,1,ACC013204,1,9.45
jasonshroff337@okicici,1,ACC013205,3,84.32
yashica20582@okaxis,1,ACC013206,1,37.78
hsastry945@ybl,1,ACC013207,0,0.0
farhanmishra333@okicici,1,ACC013208,0,0.0
ridhinayar944@okaxis,1,ACC013209,0,0.0
deranbir431@ybl,1,ACC013210,0,0.0
joshua41211@paytm,1,ACC013211,0,0.0
rkeer389@okicici,1,ACC013212,1,13.65
oninanda414@paytm,1,ACC013213,0,0.0
wraja286@okhdfcbank,1,ACC013214,2,185.99
amrita90237@oksbi,1,ACC013215,2,32.46
qushipalla808@okhdfcbank,1,ACC013216,1,59.85
jlal644@okaxis,1,ACC013217,1,11.2
lekhamadan936@oksbi,1,ACC013218,1,52.5
ychoudhary254@okaxis,1,ACC013219,0,0.0
ysidhu378@okhdfcbank,1,ACC013220,1,10.15
randhawarajeshri825@ybl,1,ACC013221,5,302.8
anusha53901@okicici,1,ACC013222,2,76.3
netrabath390@oksbi,1,ACC013223,1,37.78
rvala446@oksbi,1,ACC013224,0,0.0
chawlasaksham104@okaxis,1,ACC013225,1,26.95
vvasa46@okaxis,1,ACC013226,1,18.88
xjain829@okhdfcbank,1,ACC013227,2,140.33
jasmit06421@ybl,1,ACC013228,0,0.0
wrideshbasak736@okhdfcbank,1,ACC013229,1,15.57
kiaan08200@ybl,1,ACC013230,1,5.92
xviswanathan947@okhdfcbank,1,ACC013231,1,20.65
bhaktajatin126@okicici,1,ACC013232,1,13.65
samrabrinda576@paytm,1,ACC013233,0,0.0
nwalla149@paytm,1,ACC013234,3,90.96
doraekapad58@oksbi,1,ACC013235,2,122.5
eamble128@okicici,1,ACC013236,1,12.37
adityaiyer909@ybl,1,ACC013237,2,37.25
dhruv00117@oksbi,1,ACC013238,0,0.0
vivaanpurohit689@okhdfcbank,1,ACC013239,3,115.32
ssule571@okicici,1,ACC013240,1,20.65
ramakrishnanojas486@okicici,1,ACC013241,2,182.7
upadhritiagarwal133@okicici,1,ACC013242,1,17.15
chandranquincy280@paytm,1,ACC013243,5,476.68
gautam22803@okicici,1,ACC013244,2,61.95
aaravnayar279@ybl,1,ACC013245,1,30.97
vyasgaurav404@ybl,1,ACC013246,1,11.54
faqidsha799@paytm,1,ACC013247,3,92.08
utkarshkhosla101@okhdfcbank,1,ACC013248,2,290.89
avnisahota928@ybl,1,ACC013249,1,38.27
zayyanmorar565@okicici,1,ACC013250,1,87.5
mpalla975@okicici,1,ACC013251,1,10.15
ojasvi09850@okhdfcbank,1,ACC013252,1,17.15
vsule316@ybl,1,ACC013253,0,0.0
praneelbalasubramanian751@okaxis,1,ACC013254,0,0.0
aroraazaan340@okaxis,1,ACC013255,1,40.95
yutikakorpal950@okaxis,1,ACC013256,1,45.48
viswanathanqadim324@oksbi,1,ACC013257,2,69.63
mpall603@okhdfcbank,1,ACC013258,0,0.0
prisha05372@okicici,1,ACC013259,0,0.0
hanswakeeta153@okhdfcbank,1,ACC013260,1,13.65
tristan78121@oksbi,1,ACC013261,0,0.0
qmand511@okaxis,1,ACC013262,0,0.0
ndoshi508@oksbi,1,ACC013263,3,214.16
narayananirudh122@okicici,1,ACC013264,2,122.13
pranit75185@oksbi,1,ACC013265,3,72.43
brijeshgupta94@okicici,1,ACC013266,1,19.07
vkhare659@oksbi,1,ACC013267,0,0.0
joshua54243@okaxis,1,ACC013268,5,195.06
mittervihaan679@oksbi,1,ACC013269,1,20.63
sathvik45524@oksbi,1,ACC013270,0,0.0
tara51234@okhdfcbank,1,ACC013271,1,51.1
ranachandresh431@ybl,1,ACC013272,1,40.95
lkhurana379@okicici,1,ACC013273,1,37.78
sridharyug296@paytm,1,ACC013274,1,354.9
banditanvi112@ybl,1,ACC013275,0,0.0
harsh45883@okicici,1,ACC013276,3,39.53
gayathritalwar111@okaxis,1,ACC013277,1,11.19
lkade959@okhdfcbank,1,ACC013278,1,492.43
kshanker466@okicici,1,ACC013279,0,0.0
ahluwaliavansha201@ybl,1,ACC013280,0,0.0
zdeshmukh598@paytm,1,ACC013281,1,24.13
teerth05414@okhdfcbank,1,ACC013282,2,111.26
cgoyal413@okicici,1,ACC013283,0,0.0
arjun80652@paytm,1,ACC013284,0,0.0
hitesh75964@okaxis,1,ACC013285,1,15.4
jacob24154@okhdfcbank,1,ACC013286,0,0.0
issacadya372@okaxis,1,ACC013287,0,0.0
sarthakmistry919@okhdfcbank,1,ACC013288,0,0.0
krishnawagle363@paytm,1,ACC013289,2,306.91
mohiniluthra472@oksbi,1,ACC013290,4,120.67
wperi310@ybl,1,ACC013291,0,0.0
menonidika932@paytm,1,ACC013292,2,225.02
waida38952@okicici,1,ACC013293,1,55.28
xdevan724@ybl,1,ACC013294,1,20.28
wrideshkant636@ybl,1,ACC013295,1,16.78
agarwalyug898@paytm,1,ACC013296,0,0.0
sroy264@oksbi,1,ACC013297,1,37.78
gabrielchaudry294@paytm,1,ACC013298,1,12.58
vmani366@okhdfcbank,1,ACC013299,2,670.87
yug22937@okaxis,1,ACC013300,4,207.53
keerturvi292@okhdfcbank,1,ACC013301,1,193.9
jagat06178@okhdfcbank,1,ACC013302,1,17.5
upadhyayoliver314@okhdfcbank,1,ACC013303,0,0.0
chakradharissac294@okhdfcbank,1,ACC013304,0,0.0
bhavani19662@okhdfcbank,1,ACC013305,2,61.6
shenoyeesha659@okaxis,1,ACC013306,0,0.0
amaraanne667@okhdfcbank,1,ACC013307,0,0.0
nchar583@okaxis,1,ACC013308,4,149.19
fbandi641@okicici,1,ACC013309,2,149.45
chaudharyrobert361@ybl,1,ACC013310,1,34.63
murthyraksha55@ybl,1,ACC013311,0,0.0
eshanachahal857@ybl,1,ACC013312,1,5.1
zarnachaudhry235@paytm,1,ACC013313,1,40.95
gandhimadhav259@okhdfcbank,1,ACC013314,3,142.93
craval7@okaxis,1,ACC013315,1,193.9
halderoviya866@paytm,1,ACC013316,0,0.0
kohlizaitra256@okaxis,1,ACC013317,0,0.0
ranveer92249@ybl,1,ACC013318,1,17.34
chandraranveer704@okicici,1,ACC013319,0,0.0
mohammed63958@okicici,1,ACC013320,1,20.28
paimaanas938@okaxis,1,ACC013321,2,25.08
zshan344@ybl,1,ACC013322,1,37.78
vrishti9219@okhdfcbank,1,ACC013323,1,39.55
nmanda488@okicici,1,ACC013324,0,0.0
zilmil29533@ybl,1,ACC013325,2,75.95
toorjagdish766@oksbi,1,ACC013326,2,66.85
ravalwyatt76@okhdfcbank,1,ACC013327,3,122.73
pbaria113@oksbi,1,ACC013328,3,39.8
maxsunder929@ybl,1,ACC013329,0,0.0
tsachdev795@okaxis,1,ACC013330,0,0.0
rohan70892@oksbi,1,ACC013331,0,0.0
gaurav65738@ybl,1,ACC013332,2,46.53
ssengupta168@okhdfcbank,1,ACC013333,0,0.0
palannoah773@ybl,1,ACC013334,1,35.0
ladli15148@ybl,1,ACC013335,1,37.78
sainivarsha545@ybl,1,ACC013336,2,104.28
lopa39475@okhdfcbank,1,ACC013337,1,29.03
ranveer88721@okhdfcbank,1,ACC013338,1,48.98
isaiahchaudhuri503@okhdfcbank,1,ACC013339,3,211.75
brijesh66906@paytm,1,ACC013340,0,0.0
senanya826@okaxis,1,ACC013341,2,152.25
akata795@okicici,1,ACC013342,1,23.78
zansi2060@ybl,1,ACC013343,0,0.0
kibeleena733@paytm,1,ACC013344,2,54.93
kharesathvik611@okaxis,1,ACC013345,0,0.0
xdayal252@okhdfcbank,1,ACC013346,1,23.78
waziragate79@ybl,1,ACC013347,0,0.0
vbhandari978@okaxis,1,ACC013348,2,24.15
baghyawatidani212@oksbi,1,ACC013349,3,92.75
liam13271@oksbi,1,ACC013350,2,19.37
oscardyal612@okaxis,1,ACC013351,0,0.0
ekiya1576@okicici,1,ACC013352,0,0.0
yashvi50647@okhdfcbank,1,ACC013353,0,0.0
chandaisaac271@paytm,1,ACC013354,2,26.84
omajade477@okhdfcbank,1,ACC013355,1,38.13
alka05390@okaxis,1,ACC013356,1,27.58
chakradharmohanty860@okicici,1,ACC013357,5,98.66
williamkhanna388@paytm,1,ACC013358,2,89.23
shereanya745@okhdfcbank,1,ACC013359,4,133.2
dharurvi518@okicici,1,ACC013360,2,35.33
qasim67427@okaxis,1,ACC013361,2,122.13
eta90863@okicici,1,ACC013362,2,196.7
teerth15741@ybl,1,ACC013363,0,0.0
thomas19359@oksbi,1,ACC013364,0,0.0
samrahamsini563@okhdfcbank,1,ACC013365,2,77.31
tejas90891@paytm,1,ACC013366,0,0.0
rajagopalutkarsh36@paytm,1,ACC013367,2,203.7
aradhana94936@oksbi,1,ACC013368,0,0.0
nbadal508@paytm,1,ACC013369,5,1010.32
nidragrover510@ybl,1,ACC013370,3,209.38
sawhneywarinder345@okhdfcbank,1,ACC013371,3,71.75
amrita49129@okaxis,1,ACC013372,2,39.86
brijeshsoni999@okicici,1,ACC013373,2,25.53
pranitmerchant8@okhdfcbank,1,ACC013374,0,0.0
ckarnik233@paytm,1,ACC013375,0,0.0
nsant506@okaxis,1,ACC013376,1,26.25
tiwaripushti53@oksbi,1,ACC013377,2,95.27
wkothari692@paytm,1,ACC013378,1,70.0
krishekaja478@paytm,1,ACC013379,0,0.0
jatin60929@okicici,1,ACC013380,0,0.0
elijahrana921@okaxis,1,ACC013381,3,75.47
gunbir69813@ybl,1,ACC013382,1,26.95
unagy158@ybl,1,ACC013383,2,32.2
alkavyas202@paytm,1,ACC013384,1,49.35
ynarula698@oksbi,1,ACC013385,0,0.0
harinakshi33483@okhdfcbank,1,ACC013386,0,0.0
lchaudhari456@paytm,1,ACC013387,1,16.78
sacharbhavna581@okhdfcbank,1,ACC013388,2,71.84
vyaszarna408@ybl,1,ACC013389,1,26.95
kuruvillaxavier59@paytm,1,ACC013390,4,229.2
hritik69651@okhdfcbank,1,ACC013391,3,198.43
wpalla517@okhdfcbank,1,ACC013392,5,417.17
zbajaj854@paytm,1,ACC013393,0,0.0
ckeer358@paytm,1,ACC013394,0,0.0
urvashihayer653@paytm,1,ACC013395,0,0.0
dyalkiaan844@okaxis,1,ACC013396,1,35.0
turvichand712@paytm,1,ACC013397,2,91.88
charita19161@oksbi,1,ACC013398,1,29.03
shroffaahana603@paytm,1,ACC013399,2,39.53
banjeetmand333@okhdfcbank,1,ACC013400,0,0.0
ekavirtara841@okaxis,1,ACC013401,3,43.37
farasdara461@okaxis,1,ACC013402,2,41.96
qhanda184@paytm,1,ACC013403,2,68.21
ati64303@oksbi,1,ACC013404,0,0.0
graja230@paytm,1,ACC013405,0,0.0
sarthak62368@oksbi,1,ACC013406,1,17.15
parsatimothy37@okicici,1,ACC013407,1,109.18
routanay50@okhdfcbank,1,ACC013408,0,0.0
jalsa6148@ybl,1,ACC013409,1,17.5
ladlitella869@okicici,1,ACC013410,0,0.0
ikbal34391@paytm,1,ACC013411,3,175.7
bainskashvi7@ybl,1,ACC013412,3,265.47
yug1954@okaxis,1,ACC013413,1,20.28
narayanandaniel888@oksbi,1,ACC013414,0,0.0
manya04201@ybl,1,ACC013415,1,20.28
valavaishnavi701@ybl,1,ACC013416,2,143.31
vedantoza379@okhdfcbank,1,ACC013417,4,240.57
keerjacob61@oksbi,1,ACC013418,0,0.0
krishnakohli806@okaxis,1,ACC013419,4,123.86
avi9477@okicici,1,ACC013420,1,287.7
madhavi42106@paytm,1,ACC013421,3,47.75
sarkarrishi803@oksbi,1,ACC013422,4,201.82
madanekbal653@okicici,1,ACC013423,2,107.08
preddy376@ybl,1,ACC013424,0,0.0
kallapatrick277@paytm,1,ACC013425,0,0.0
tristan27980@okaxis,1,ACC013426,0,0.0
doctorbalveer353@okaxis,1,ACC013427,1,20.28
manthan51157@oksbi,1,ACC013428,1,5.33
msant410@paytm,1,ACC013429,1,20.28
adweta64726@oksbi,1,ACC013430,1,91.68
frado12270@ybl,1,ACC013431,0,0.0
sachdevkalpit831@okhdfcbank,1,ACC013432,1,11.32
dshah623@paytm,1,ACC013433,0,0.0
fpai94@okicici,1,ACC013434,0,0.0
chandranbasak585@okicici,1,ACC013435,1,32.2
korpaldarsh992@ybl,1,ACC013436,1,55.98
yahvi6274@okaxis,1,ACC013437,1,20.28
xnath535@oksbi,1,ACC013438,0,0.0
wahab5110@okhdfcbank,1,ACC013439,0,0.0
kmaster953@oksbi,1,ACC013440,0,0.0
jborra465@paytm,1,ACC013441,0,0.0
lokeamruta917@oksbi,1,ACC013442,0,0.0
chandresh01146@ybl,1,ACC013443,3,78.31
rajapavani432@ybl,1,ACC013444,0,0.0
ayaan62759@oksbi,1,ACC013445,5,419.67
mekhala71791@oksbi,1,ACC013446,1,19.93
meghacherian390@oksbi,1,ACC013447,0,0.0
gavingoda465@okicici,1,ACC013448,0,0.0
noahtiwari659@okicici,1,ACC013449,1,32.2
pshenoy994@okhdfcbank,1,ACC013450,1,32.2
aryaqadim832@okaxis,1,ACC013451,0,0.0
dmammen409@okhdfcbank,1,ACC013452,5,281.11
ulalla144@okaxis,1,ACC013453,0,0.0
khatrineha639@okicici,1,ACC013454,4,642.78
gabriel2646@oksbi,1,ACC013455,0,0.0
aditya81197@okicici,1,ACC013456,5,109.47
zinal33122@paytm,1,ACC013457,0,0.0
niharikamitter499@oksbi,1,ACC013458,1,53.29
babumason322@okicici,1,ACC013459,0,0.0
rachitchaudhari421@ybl,1,ACC013460,0,0.0
vedika96219@ybl,1,ACC013461,0,0.0
sridharsudiksha179@okicici,1,ACC013462,1,40.95
waligaurangi622@okaxis,1,ACC013463,1,17.15
shauryadave227@okicici,1,ACC013464,2,467.19
csampath837@paytm,1,ACC013465,1,17.15
sinhavihaan825@okaxis,1,ACC013466,2,123.88
sai33812@paytm,1,ACC013467,1,12.7
babumadhavi222@ybl,1,ACC013468,1,40.95
yamble936@paytm,1,ACC013469,1,12.58
chadawarinder900@oksbi,1,ACC013470,0,0.0
ekta63792@ybl,1,ACC013471,1,27.28
mangalgabriel421@ybl,1,ACC013472,1,193.9
daminigrover317@okicici,1,ACC013473,0,0.0
iwable183@okicici,1,ACC013474,0,0.0
roykrish720@okaxis,1,ACC013475,2,129.83
kundanidra158@paytm,1,ACC013476,3,305.91
vasatikanayak172@oksbi,1,ACC013477,4,92.69
quincy46127@paytm,1,ACC013478,0,0.0
jyotiborah568@okaxis,1,ACC013479,4,401.25
oseth563@okicici,1,ACC013480,0,0.0
rudra22109@ybl,1,ACC013481,4,234.48
dugarchandran890@okhdfcbank,1,ACC013482,0,0.0
aarush36762@oksbi,1,ACC013483,2,57.71
ranveer57739@oksbi,1,ACC013484,3,146.65
triveni94671@okaxis,1,ACC013485,1,13.65
singhalsanya240@okhdfcbank,1,ACC013486,0,0.0
bhasinparth784@okicici,1,ACC013487,1,37.78
bdhawan51@oksbi,1,ACC013488,1,15.39
anya29146@ybl,1,ACC013489,0,0.0
tmishra174@paytm,1,ACC013490,0,0.0
ldhaliwal623@okhdfcbank,1,ACC013491,1,11.4
narya23@paytm,1,ACC013492,1,10.15
qkara330@okhdfcbank,1,ACC013493,2,101.15
imajumdar489@oksbi,1,ACC013494,1,40.95
pavanishanker444@okhdfcbank,1,ACC013495,1,10.83
lwagle90@ybl,1,ACC013496,0,0.0
rudrachad955@okhdfcbank,1,ACC013497,1,7.68
pvarty787@okhdfcbank,1,ACC013498,1,8.47
fnatt727@okaxis,1,ACC013499,0,0.0
bavaria794@oksbi,1,ACC013500,0,0.0
sathvikpatil186@okaxis,1,ACC013501,1,40.95
tarakanand422@oksbi,1,ACC013502,1,40.95
ekavirbakshi961@okaxis,1,ACC013503,5,104.96
ira66711@ybl,1,ACC013504,1,13.65
jananisachdeva245@okicici,1,ACC013505,2,53.06
omajahayer645@ybl,1,ACC013506,0,0.0
nikita65657@paytm,1,ACC013507,1,40.95
sanghayuvraj795@paytm,1,ACC013508,5,272.67
pradhandarsh418@okaxis,1,ACC013509,0,0.0
ukaran264@oksbi,1,ACC013510,2,26.77
jananimangat589@ybl,1,ACC013511,3,90.28
vedhikabanerjee713@okhdfcbank,1,ACC013512,2,27.64
chanchalchawla121@oksbi,1,ACC013513,0,0.0
modiishaan464@okaxis,1,ACC013514,0,0.0
nimratpalla781@okicici,1,ACC013515,2,572.56
nsule620@paytm,1,ACC013516,1,20.65
lajitasant807@okhdfcbank,1,ACC013517,2,134.4
ekiyabains628@okhdfcbank,1,ACC013518,2,175.0
hamsinidalal684@ybl,1,ACC013519,2,54.25
davekala489@okaxis,1,ACC013520,0,0.0
suralekha736@ybl,1,ACC013521,3,93.1
raagini07463@okaxis,1,ACC013522,0,0.0
hbadal121@oksbi,1,ACC013523,3,57.54
gadegautami310@paytm,1,ACC013524,2,83.78
vedhikabhatti280@ybl,1,ACC013525,2,73.13
yugmisra335@ybl,1,ACC013526,1,27.28
chowdhurydhriti677@okaxis,1,ACC013527,2,43.75
wishi29367@paytm,1,ACC013528,0,0.0
chakradevbrar541@okicici,1,ACC013529,2,27.3
nbhatnagar842@ybl,1,ACC013530,2,94.13
oscarnarang658@okhdfcbank,1,ACC013531,1,6.29
rajusamar490@paytm,1,ACC013532,1,7.06
biswaslaban632@okicici,1,ACC013533,1,26.95
wcheema680@okhdfcbank,1,ACC013534,5,131.23
ryandhar14@ybl,1,ACC013535,1,45.83
ckhanna901@okhdfcbank,1,ACC013536,1,253.4
saumya50994@okicici,1,ACC013537,1,20.28
kiaannagar853@ybl,1,ACC013538,1,117.25
ranveer86944@okicici,1,ACC013539,0,0.0
rbandi450@ybl,1,ACC013540,0,0.0
ekavirvaidya416@paytm,1,ACC013541,3,154.5
rachit96834@okaxis,1,ACC013542,2,42.66
bhatiabina428@oksbi,1,ACC013543,4,90.1
edhithanatarajan308@okhdfcbank,1,ACC013544,1,270.9
tamanna88763@oksbi,1,ACC013545,2,86.1
rissac344@okicici,1,ACC013546,1,16.78
wakeeta23710@okaxis,1,ACC013547,1,35.0
warhi33906@okaxis,1,ACC013548,2,9.91
urvashi35330@okicici,1,ACC013549,1,19.77
chanakyaom389@okaxis,1,ACC013550,4,194.21
owenpathak878@okaxis,1,ACC013551,5,152.42
sahnishivansh920@oksbi,1,ACC013552,2,34.28
georgemane440@okhdfcbank,1,ACC013553,2,107.56
xbaral599@okaxis,1,ACC013554,1,40.95
jairajdas750@ybl,1,ACC013555,1,16.11
aryayug387@okaxis,1,ACC013556,1,17.5
onkar18451@oksbi,1,ACC013557,0,0.0
david88476@ybl,1,ACC013558,2,1097.23
omya4393@paytm,1,ACC013559,2,26.58
dbadami488@okaxis,1,ACC013560,1,20.28
liamswamy810@ybl,1,ACC013561,0,0.0
vigabhiram619@okhdfcbank,1,ACC013562,0,0.0
nitesh28858@okhdfcbank,1,ACC013563,1,17.55
baradamara673@okhdfcbank,1,ACC013564,2,53.53
vnaik259@paytm,1,ACC013565,0,0.0
lucky63486@ybl,1,ACC013566,1,3.84
jalsa25696@okicici,1,ACC013567,3,94.37
kadakiajack475@ybl,1,ACC013568,1,20.65
nattonveer55@paytm,1,ACC013569,2,18.86
balirachit839@ybl,1,ACC013570,1,73.48
ibaria313@ybl,1,ACC013571,0,0.0
ati98611@ybl,1,ACC013572,0,0.0
jacob03558@okicici,1,ACC013573,0,0.0
nicholasvirk990@okicici,1,ACC013574,2,122.5
anjalisane510@ybl,1,ACC013575,0,0.0
upasna14604@oksbi,1,ACC013576,1,142.78
dalbir90128@okaxis,1,ACC013577,0,0.0
balhaardutta804@okaxis,1,ACC013578,0,0.0
omishadhaliwal378@okicici,1,ACC013579,1,17.5
swamychakradhar302@oksbi,1,ACC013580,1,40.95
madaneesha19@ybl,1,ACC013581,2,85.38
groverojas611@paytm,1,ACC013582,1,16.78
psahni74@okaxis,1,ACC013583,2,23.21
kantsathvik5@paytm,1,ACC013584,0,0.0
tiwarilaksh445@paytm,1,ACC013585,0,0.0
ladli61390@okhdfcbank,1,ACC013586,2,315.75
jyoti06200@okicici,1,ACC013587,0,0.0
jchaudhary783@okicici,1,ACC013588,2,17.77
schandra29@okicici,1,ACC013589,2,99.73
kchoudhry174@oksbi,1,ACC013590,1,98.0
pvala878@ybl,1,ACC013591,0,0.0
dhruvswaminathan486@okicici,1,ACC013592,0,0.0
vthaman699@ybl,1,ACC013593,4,60.53
gsaini44@okaxis,1,ACC013594,4,387.77
zray183@ybl,1,ACC013595,3,79.43
rayekansh162@okaxis,1,ACC013596,1,17.5
upadhyayudarsh465@okaxis,1,ACC013597,0,0.0
zaitrabhandari42@oksbi,1,ACC013598,2,29.05
noriqabil8@okaxis,1,ACC013599,1,17.5
bhavya40374@okhdfcbank,1,ACC013600,0,0.0
uvasa101@okicici,1,ACC013601,5,120.16
ladrishi383@okaxis,1,ACC013602,2,186.53
amara67768@ybl,1,ACC013603,2,53.49
nihal72213@oksbi,1,ACC013604,4,106.35
anthonymunshi178@paytm,1,ACC013605,0,0.0
madhavrajan322@ybl,1,ACC013606,2,34.3
yadavinarula818@paytm,1,ACC013607,2,86.45
hritikdesai510@okicici,1,ACC013608,0,0.0
farhan4761@okhdfcbank,1,ACC013609,2,21.0
raagini20323@ybl,1,ACC013610,1,17.15
divyasagar396@okaxis,1,ACC013611,1,74.55
bpanchal411@oksbi,1,ACC013612,4,202.04
raghavgola405@okicici,1,ACC013613,1,40.95
idikakarnik578@paytm,1,ACC013614,0,0.0
abora507@okhdfcbank,1,ACC013615,1,13.65
luckyjohal663@ybl,1,ACC013616,1,11.59
faris18150@okhdfcbank,1,ACC013617,0,0.0
pallgaurangi437@paytm,1,ACC013618,1,2.83
magarhemani898@ybl,1,ACC013619,1,17.13
usura720@okaxis,1,ACC013620,0,0.0
vrindarandhawa489@okicici,1,ACC013621,1,15.03
cjohal120@oksbi,1,ACC013622,4,166.23
lakshit11528@ybl,1,ACC013623,1,20.63
umallick993@okicici,1,ACC013624,1,20.65
anay49411@okicici,1,ACC013625,0,0.0
ekaja5743@okicici,1,ACC013626,0,0.0
jonathanbobal361@okhdfcbank,1,ACC013627,0,0.0
wvasa78@oksbi,1,ACC013628,2,196.68
divannakul139@ybl,1,ACC013629,4,155.98
talwardaniel306@paytm,1,ACC013630,2,94.95
menonvedhika916@okicici,1,ACC013631,1,37.78
palantanveer172@ybl,1,ACC013632,1,40.95
vedant77386@oksbi,1,ACC013633,0,0.0
tdevi745@paytm,1,ACC013634,2,78.38
vincentchoudhary145@oksbi,1,ACC013635,5,208.46
maya70275@oksbi,1,ACC013636,0,0.0
jananisidhu390@oksbi,1,ACC013637,2,30.63
faras97694@ybl,1,ACC013638,3,42.68
onarula305@oksbi,1,ACC013639,5,115.65
shayre175@okicici,1,ACC013640,0,0.0
patlalakshmi630@okhdfcbank,1,ACC013641,1,37.78
aayush46121@okaxis,1,ACC013642,1,8.57
agatedayamai124@okhdfcbank,1,ACC013643,0,0.0
qushivohra544@oksbi,1,ACC013644,1,8.75
wriddhishbhattacharyya793@okhdfcbank,1,ACC013645,0,0.0
arinahuja247@oksbi,1,ACC013646,1,17.15
ebrar515@okaxis,1,ACC013647,2,40.94
sahaudyati271@okicici,1,ACC013648,1,26.25
yashvi06469@okhdfcbank,1,ACC013649,2,176.62
vanshananda557@ybl,1,ACC013650,1,17.15
baghyawati71958@oksbi,1,ACC013651,1,40.95
sloke150@oksbi,1,ACC013652,2,55.65
kalepranav65@okhdfcbank,1,ACC013653,0,0.0
pallronith935@okhdfcbank,1,ACC013654,1,16.78
tsetty269@ybl,1,ACC013655,1,189.7
brijeshrao103@ybl,1,ACC013656,0,0.0
yborah725@paytm,1,ACC013657,4,92.38
kvarkey320@okaxis,1,ACC013658,1,17.15
ymand914@oksbi,1,ACC013659,2,54.25
lallaayush892@okicici,1,ACC013660,0,0.0
janakiapte908@ybl,1,ACC013661,1,117.25
chameli49115@ybl,1,ACC013662,0,0.0
udyatibhardwaj631@okhdfcbank,1,ACC013663,2,30.08
karan22908@oksbi,1,ACC013664,1,12.58
charlesgala459@oksbi,1,ACC013665,1,58.45
akshaykrishnamurthy269@paytm,1,ACC013666,2,75.56
nicholas31293@paytm,1,ACC013667,1,52.5
zsem290@okaxis,1,ACC013668,4,141.38
nilimarege461@paytm,1,ACC013669,0,0.0
teerthom14@paytm,1,ACC013670,1,6.82
rachanawadhwa127@okaxis,1,ACC013671,4,88.84
wkant714@paytm,1,ACC013672,1,40.95
teerth63783@paytm,1,ACC013673,1,64.73
rattanjanya643@oksbi,1,ACC013674,2,26.58
mohammedlata647@ybl,1,ACC013675,1,2.58
pillainiharika312@ybl,1,ACC013676,0,0.0
qbhardwaj575@paytm,1,ACC013677,4,216.63
wriddhish69401@ybl,1,ACC013678,3,48.92
parthhayer993@okicici,1,ACC013679,3,71.73
nidhioza493@okhdfcbank,1,ACC013680,1,11.4
riya15818@okicici,1,ACC013681,0,0.0
waliaashi572@oksbi,1,ACC013682,0,0.0
dubeyparth878@paytm,1,ACC013683,3,89.75
advaynadig110@okaxis,1,ACC013684,2,77.7
ekta53618@oksbi,1,ACC013685,1,37.78
singhalgirish848@okaxis,1,ACC013686,1,17.5
kamala39652@okhdfcbank,1,ACC013687,0,0.0
naidugabriel462@oksbi,1,ACC013688,0,0.0
qasimdugal444@ybl,1,ACC013689,0,0.0
elijah90848@oksbi,1,ACC013690,1,17.48
rajutarak63@okhdfcbank,1,ACC013691,2,24.16
hbalakrishnan764@okhdfcbank,1,ACC013692,5,288.76
kviswanathan492@paytm,1,ACC013693,1,13.65
upalla819@ybl,1,ACC013694,1,20.65
forumsem112@okicici,1,ACC013695,0,0.0
harita17720@ybl,1,ACC013696,3,50.01
eeshagoyal601@okicici,1,ACC013697,0,0.0
janakibrahmbhatt890@okicici,1,ACC013698,1,117.25
ekbalparsa670@okaxis,1,ACC013699,0,0.0
shivanshsunder804@ybl,1,ACC013700,2,54.93
pailopa46@oksbi,1,ACC013701,2,51.78
rjhaveri405@ybl,1,ACC013702,0,0.0
gangadoshi215@okhdfcbank,1,ACC013703,1,37.78
atharv34137@oksbi,1,ACC013704,5,158.52
riachauhan973@okicici,1,ACC013705,0,0.0
pchandra798@oksbi,1,ACC013706,2,361.53
sdutta24@okhdfcbank,1,ACC013707,0,0.0
fgera780@paytm,1,ACC013708,0,0.0
munshimanbir689@okhdfcbank,1,ACC013709,1,22.39
tanmayichatterjee255@okicici,1,ACC013710,4,127.03
bassicharles372@okicici,1,ACC013711,2,66.85
gabrielthakur262@ybl,1,ACC013712,0,0.0
yashodharakhosla847@paytm,1,ACC013713,1,30.8
henry56108@ybl,1,ACC013714,0,0.0
tanejachanchal22@okicici,1,ACC013715,0,0.0
omya15199@paytm,1,ACC013716,0,0.0
kaisuri815@okhdfcbank,1,ACC013717,0,0.0
wriddhishdalal478@ybl,1,ACC013718,0,0.0
madananthony446@paytm,1,ACC013719,0,0.0
charlesjohal460@okaxis,1,ACC013720,2,89.6
tanejagaurav583@paytm,1,ACC013721,0,0.0
om53968@okhdfcbank,1,ACC013722,0,0.0
hemangini80299@okhdfcbank,1,ACC013723,0,0.0
tsachar813@paytm,1,ACC013724,1,17.5
gjoshi817@ybl,1,ACC013725,0,0.0
padmanabhanaahana260@okaxis,1,ACC013726,1,19.25
anagy65@okaxis,1,ACC013727,0,0.0
veerrout548@ybl,1,ACC013728,1,68.6
lohit82828@oksbi,1,ACC013729,4,85.01
waida01248@okicici,1,ACC013730,1,40.95
naksh37113@okaxis,1,ACC013731,1,9.27
nshere732@paytm,1,ACC013732,4,356.94
bavafariq307@okaxis,1,ACC013733,1,20.65
knayar920@oksbi,1,ACC013734,1,11.18
mekhala34389@paytm,1,ACC013735,3,50.9
hemanidhawan928@okhdfcbank,1,ACC013736,0,0.0
naveenzachariah833@okicici,1,ACC013737,0,0.0
fiyazshan247@okhdfcbank,1,ACC013738,0,0.0
gaurang45158@okhdfcbank,1,ACC013739,0,0.0
upadhritisankar261@okicici,1,ACC013740,1,13.65
luke28467@paytm,1,ACC013741,1,12.56
jgole386@okhdfcbank,1,ACC013742,1,17.15
patrick72475@paytm,1,ACC013743,0,0.0
ukadakia734@paytm,1,ACC013744,1,45.48
krish27410@ybl,1,ACC013745,0,0.0
anvi10484@paytm,1,ACC013746,1,17.15
chadimaran465@paytm,1,ACC013747,0,0.0
chanagaurav158@okicici,1,ACC013748,1,144.18
qbobal876@ybl,1,ACC013749,0,0.0
bdash630@okhdfcbank,1,ACC013750,2,36.86
yashodharasetty613@paytm,1,ACC013751,2,78.73
imunshi584@paytm,1,ACC013752,0,0.0
hardik45269@ybl,1,ACC013753,0,0.0
zchahal733@paytm,1,ACC013754,1,35.0
jonathantella140@paytm,1,ACC013755,0,0.0
inayar870@okaxis,1,ACC013756,1,109.18
zansi53551@okaxis,1,ACC013757,1,26.95
khalsachakradhar525@oksbi,1,ACC013758,3,571.18
chardaksha454@oksbi,1,ACC013759,1,10.15
esridhar88@paytm,1,ACC013760,1,23.78
sathvik9435@okaxis,1,ACC013761,2,74.9
ansh62251@okicici,1,ACC013762,2,130.53
dominic06592@okaxis,1,ACC013763,1,13.65
siddharth97252@paytm,1,ACC013764,4,98.89
harini85436@oksbi,1,ACC013765,2,88.18
jasmit477@okaxis,1,ACC013766,0,0.0
khuranaoeshi15@oksbi,1,ACC013767,1,17.5
samar61827@paytm,1,ACC013768,1,37.78
lila38159@okhdfcbank,1,ACC013769,2,25.51
falguni61496@paytm,1,ACC013770,3,82.67
fchand185@ybl,1,ACC013771,1,17.5
charitagade701@okhdfcbank,1,ACC013772,0,0.0
pavanibath461@okicici,1,ACC013773,0,0.0
fsoni143@okhdfcbank,1,ACC013774,1,54.58
darharshil431@okicici,1,ACC013775,0,0.0
jeevikaapte62@okicici,1,ACC013776,0,0.0
gkara888@ybl,1,ACC013777,0,0.0
hborra200@ybl,1,ACC013778,2,89.25
triya8835@ybl,1,ACC013779,3,80.17
nilima08355@oksbi,1,ACC013780,2,19.96
dugaldarpan170@paytm,1,ACC013781,3,121.39
skade501@ybl,1,ACC013782,3,149.08
gaurinagar767@ybl,1,ACC013783,1,35.0
pmunshi122@okaxis,1,ACC013784,2,96.25
ughosh764@okaxis,1,ACC013785,0,0.0
hhanda3@okhdfcbank,1,ACC013786,0,0.0
zchand97@okaxis,1,ACC013787,0,0.0
bimala90622@paytm,1,ACC013788,1,40.95
kalagunbir10@okaxis,1,ACC013789,0,0.0
vincentmadan983@okhdfcbank,1,ACC013790,3,89.91
zachariarachit254@ybl,1,ACC013791,2,20.65
frado07828@okhdfcbank,1,ACC013792,0,0.0
jseshadri368@okicici,1,ACC013793,0,0.0
bnori683@okicici,1,ACC013794,0,0.0
gunbir50769@okhdfcbank,1,ACC013795,1,20.65
murtyneha651@ybl,1,ACC013796,1,79.1
narangchaman82@okhdfcbank,1,ACC013797,1,103.93
vbali150@paytm,1,ACC013798,0,0.0
rishibhatnagar235@ybl,1,ACC013799,0,0.0
sararoy512@okaxis,1,ACC013800,1,13.65
karanyash830@okhdfcbank,1,ACC013801,1,10.76
panditekiya747@paytm,1,ACC013802,0,0.0
jpatla728@paytm,1,ACC013803,3,46.97
ryandasgupta867@okaxis,1,ACC013804,0,0.0
singharunima471@okhdfcbank,1,ACC013805,1,8.12
dadakamala243@paytm,1,ACC013806,2,41.28
rachanakoshy889@paytm,1,ACC013807,5,124.11
sarinisaac360@okhdfcbank,1,ACC013808,3,60.84
anmol45972@oksbi,1,ACC013809,0,0.0
khatridalbir165@okhdfcbank,1,ACC013810,1,4.55
janakijaggi443@okaxis,1,ACC013811,0,0.0
raaginimore501@okaxis,1,ACC013812,1,56.17
somanhemani699@okhdfcbank,1,ACC013813,1,37.78
nisha43182@okicici,1,ACC013814,1,10.15
tandonpraneel247@okaxis,1,ACC013815,1,90.98
ozadakshesh823@okicici,1,ACC013816,1,49.7
jchand896@oksbi,1,ACC013817,3,87.09
sbhatnagar188@ybl,1,ACC013818,1,61.6
fkoshy209@okhdfcbank,1,ACC013819,0,0.0
bhattacharyyajoshua127@okaxis,1,ACC013820,1,10.83
mohinibrahmbhatt466@oksbi,1,ACC013821,2,44.43
gabacharita71@okicici,1,ACC013822,0,0.0
chandranmeera39@ybl,1,ACC013823,0,0.0
qgoyal986@paytm,1,ACC013824,4,39.43
asani166@ybl,1,ACC013825,1,12.58
akshay34626@okhdfcbank,1,ACC013826,3,66.15
tejas3878@okicici,1,ACC013827,1,9.08
brinda29928@okaxis,1,ACC013828,0,0.0
faqid20474@ybl,1,ACC013829,2,55.68
jairaj7667@okaxis,1,ACC013830,2,24.83
sharafladli782@oksbi,1,ACC013831,0,0.0
utkarsh74135@okhdfcbank,1,ACC013832,0,0.0
dalaja76937@paytm,1,ACC013833,1,147.0
banjeet14361@paytm,1,ACC013834,2,89.87
rpadmanabhan989@okicici,1,ACC013835,2,37.1
trivediupasna216@paytm,1,ACC013836,4,102.01
vidhi17586@oksbi,1,ACC013837,0,0.0
wridesh62226@paytm,1,ACC013838,5,281.9
agateveer408@paytm,1,ACC013839,0,0.0
sundaramwyatt50@paytm,1,ACC013840,1,20.65
abatta83@okhdfcbank,1,ACC013841,1,21.68
ebadal474@okaxis,1,ACC013842,1,37.78
krishnagokhale865@okhdfcbank,1,ACC013843,2,35.35
timothy28278@oksbi,1,ACC013844,1,17.85
oshanker227@okicici,1,ACC013845,2,61.23
echana192@paytm,1,ACC013846,1,350.7
vedantganesh398@paytm,1,ACC013847,1,98.0
eiravati31934@okhdfcbank,1,ACC013848,0,0.0
bakhshimangat429@ybl,1,ACC013849,0,0.0
ridhi14657@paytm,1,ACC013850,1,43.38
bishakha80551@okicici,1,ACC013851,0,0.0
qabiljha302@paytm,1,ACC013852,2,44.06
dasguptaojasvi839@oksbi,1,ACC013853,0,0.0
royshivani806@paytm,1,ACC013854,0,0.0
zayyan92579@ybl,1,ACC013855,1,26.95
ggoel291@okaxis,1,ACC013856,0,0.0
choprakrishna217@oksbi,1,ACC013857,1,2.37
omajabajwa852@ybl,1,ACC013858,1,54.58
sulesaksham848@okaxis,1,ACC013859,1,20.28
idhar19@okaxis,1,ACC013860,1,19.93
niharika83813@okicici,1,ACC013861,4,59.11
zachariaupma345@okicici,1,ACC013862,1,9.43
omody564@okicici,1,ACC013863,0,0.0
wkibe516@paytm,1,ACC013864,2,37.78
wishichandra305@okaxis,1,ACC013865,1,28.75
zsoni452@oksbi,1,ACC013866,0,0.0
lohit11953@okicici,1,ACC013867,2,29.32
barora886@okicici,1,ACC013868,0,0.0
chasmum76211@paytm,1,ACC013869,1,59.85
ykhosla442@oksbi,1,ACC013870,0,0.0
lsankar477@okaxis,1,ACC013871,1,40.95
leenaarya864@okhdfcbank,1,ACC013872,2,720.12
sneha67923@okicici,1,ACC013873,2,48.63
ddeol377@okicici,1,ACC013874,0,0.0
lohitpillai676@okaxis,1,ACC013875,1,20.28
dshetty150@okhdfcbank,1,ACC013876,1,15.61
dsuresh633@ybl,1,ACC013877,0,0.0
onveer89216@ybl,1,ACC013878,1,98.0
naurora289@paytm,1,ACC013879,0,0.0
xvarty642@paytm,1,ACC013880,1,8.75
divyawason267@paytm,1,ACC013881,1,73.83
abha31151@ybl,1,ACC013882,1,1.75
pallavedant603@okicici,1,ACC013883,1,5.71
utailor232@paytm,1,ACC013884,1,20.65
meghanadhillon299@okicici,1,ACC013885,0,0.0
jeremiahmittal779@okaxis,1,ACC013886,2,31.38
xitimurty575@paytm,1,ACC013887,0,0.0
shankarshivani270@oksbi,1,ACC013888,2,31.83
harini56742@okaxis,1,ACC013889,4,116.51
athakkar36@okicici,1,ACC013890,2,43.72
ekapadkapur965@okhdfcbank,1,ACC013891,0,0.0
faqidnair691@okaxis,1,ACC013892,1,18.89
fchoudhury608@paytm,1,ACC013893,2,97.63
bajwalopa302@okaxis,1,ACC013894,0,0.0
tailorvamakshi621@paytm,1,ACC013895,0,0.0
krishnarajagopalan932@paytm,1,ACC013896,0,0.0
indira92579@okaxis,1,ACC013897,2,32.9
veda79357@oksbi,1,ACC013898,2,81.53
robert93732@ybl,1,ACC013899,1,5.56
ranbir62712@okicici,1,ACC013900,0,0.0
ssingh825@paytm,1,ACC013901,0,0.0
aishani98100@okaxis,1,ACC013902,4,337.25
morartanish984@okhdfcbank,1,ACC013903,1,35.0
udyati67140@okhdfcbank,1,ACC013904,2,61.23
qnagy59@oksbi,1,ACC013905,4,199.19
banerjeetriveni261@okicici,1,ACC013906,2,55.28
siyatara447@paytm,1,ACC013907,4,142.39
tsehgal895@okaxis,1,ACC013908,1,109.53
balveerghose109@okicici,1,ACC013909,1,28.52
lalnaksh412@okhdfcbank,1,ACC013910,3,235.83
gauravganesh163@oksbi,1,ACC013911,1,15.73
maharajkashish823@okaxis,1,ACC013912,0,0.0
ybir488@paytm,1,ACC013913,3,64.75
mannanaarush283@paytm,1,ACC013914,3,178.32
advikyohannan362@okicici,1,ACC013915,0,0.0
qgopal825@ybl,1,ACC013916,2,38.67
lipikadani508@oksbi,1,ACC013917,4,251.49
tanishmishra241@okicici,1,ACC013918,0,0.0
ozapranit725@okaxis,1,ACC013919,0,0.0
niteshkarnik978@paytm,1,ACC013920,0,0.0
ijayaravi530@okaxis,1,ACC013921,0,0.0
ibal359@okhdfcbank,1,ACC013922,0,0.0
ngola208@ybl,1,ACC013923,1,11.92
bkrishnamurthy995@okaxis,1,ACC013924,0,0.0
sridhararjun218@okicici,1,ACC013925,0,0.0
ndyal11@okhdfcbank,1,ACC013926,0,0.0
ybera920@oksbi,1,ACC013927,0,0.0
januja68414@okicici,1,ACC013928,1,21.47
bassiishaan372@okhdfcbank,1,ACC013929,1,17.15
girindra60652@oksbi,1,ACC013930,1,40.95
yutikadua136@oksbi,1,ACC013931,0,0.0
subramaniamlipika418@okhdfcbank,1,ACC013932,0,0.0
eeshanarayanan421@oksbi,1,ACC013933,1,11.17
ymodi61@paytm,1,ACC013934,4,130.37
indira68171@okhdfcbank,1,ACC013935,1,27.83
alexandersheth139@oksbi,1,ACC013936,0,0.0
anvi85667@paytm,1,ACC013937,2,43.03
unnati26529@okicici,1,ACC013938,2,116.88
ldivan223@oksbi,1,ACC013939,3,67.86
aahana29108@okaxis,1,ACC013940,2,82.93
bluthra872@oksbi,1,ACC013941,1,20.65
deepa70584@oksbi,1,ACC013942,4,186.96
wwarrior472@paytm,1,ACC013943,1,5.25
choudharybishakha865@okicici,1,ACC013944,1,35.0
kamalakhatri729@okaxis,1,ACC013945,3,149.76
dayamaisha465@ybl,1,ACC013946,5,90.96
zansimann407@okaxis,1,ACC013947,1,32.2
mrajan338@okicici,1,ACC013948,0,0.0
hritikpatla358@okaxis,1,ACC013949,0,0.0
guptasiddharth692@paytm,1,ACC013950,0,0.0
samar00588@okhdfcbank,1,ACC013951,2,54.98
tanmayiraval2@ybl,1,ACC013952,1,17.15
vedadar999@oksbi,1,ACC013953,2,27.63
chaudryshivansh775@okicici,1,ACC013954,1,91.68
chaudharimeera731@paytm,1,ACC013955,1,12.25
aroralila183@ybl,1,ACC013956,1,12.58
ramvidhi599@ybl,1,ACC013957,0,0.0
praneeldutt145@paytm,1,ACC013958,4,183.03
ishaan36177@ybl,1,ACC013959,0,0.0
papte506@oksbi,1,ACC013960,0,0.0
benjaminseth527@okhdfcbank,1,ACC013961,0,0.0
prama403@okaxis,1,ACC013962,1,16.78
chanchal93821@ybl,1,ACC013963,0,0.0
gauri49156@oksbi,1,ACC013964,2,42.49
nandinigoswami892@okaxis,1,ACC013965,2,41.63
nkurian438@okicici,1,ACC013966,1,13.71
eshanakumer619@okicici,1,ACC013967,1,7.0
nihalsandhu611@okaxis,1,ACC013968,0,0.0
walilavanya943@oksbi,1,ACC013969,4,844.1
deshpandeyashoda976@oksbi,1,ACC013970,1,16.78
ysampath419@paytm,1,ACC013971,0,0.0
jeevikashere602@okaxis,1,ACC013972,1,10.15
cbabu768@okaxis,1,ACC013973,5,60.92
sahnineha358@okicici,1,ACC013974,4,96.35
jeetbalay714@oksbi,1,ACC013975,0,0.0
desaimadhav131@okhdfcbank,1,ACC013976,1,59.85
dugarwyatt688@oksbi,1,ACC013977,1,11.59
yashvi35494@okicici,1,ACC013978,0,0.0
edwinjoshua473@oksbi,1,ACC013979,1,59.85
ronithchoudhary142@paytm,1,ACC013980,1,6.51
waidakata456@okaxis,1,ACC013981,1,167.16
gaurika62950@ybl,1,ACC013982,1,35.0
samueldyal932@okaxis,1,ACC013983,5,79.76
raviranbir19@oksbi,1,ACC013984,1,10.15
foza303@okicici,1,ACC013985,1,9.64
jack41491@oksbi,1,ACC013986,1,37.78
nandinimody650@ybl,1,ACC013987,2,153.2
devansh10264@okhdfcbank,1,ACC013988,0,0.0
abanik352@okicici,1,ACC013989,2,31.85
jairaj37180@okhdfcbank,1,ACC013990,0,0.0
manbirdass520@paytm,1,ACC013991,1,52.5
rhari428@oksbi,1,ACC013992,3,202.28
veda7448@oksbi,1,ACC013993,0,0.0
yastiviswanathan157@okaxis,1,ACC013994,1,38.15
karanuppal137@ybl,1,ACC013995,2,54.93
chawlarushil680@okicici,1,ACC013996,0,0.0
jdewan153@paytm,1,ACC013997,1,13.65
ekapadnaik886@ybl,1,ACC013998,1,10.74
esahni164@oksbi,1,ACC013999,0,0.0
bverma923@okhdfcbank,1,ACC014000,0,0.0
cbaral800@okicici,1,ACC014001,1,26.95
michael44626@okicici,1,ACC014002,0,0.0
swadhwa736@paytm,1,ACC014003,0,0.0
rjhaveri498@paytm,1,ACC014004,0,0.0
naksh34490@okaxis,1,ACC014005,1,40.95
aadhya17517@okicici,1,ACC014006,2,19.16
rbhakta220@paytm,1,ACC014007,1,30.78
epatla24@oksbi,1,ACC014008,1,232.4
chaitanya53501@okaxis,1,ACC014009,2,58.61
gwable593@okaxis,1,ACC014010,0,0.0
ptalwar823@ybl,1,ACC014011,1,49.35
taranaik441@ybl,1,ACC014012,1,20.63
bhandarigopal687@paytm,1,ACC014013,0,0.0
udhaliwal949@okaxis,1,ACC014014,2,76.02
farhan97799@okhdfcbank,1,ACC014015,0,0.0
manbirkannan99@okhdfcbank,1,ACC014016,4,148.73
arjunbhalla799@okaxis,1,ACC014017,4,147.84
badamijagvi841@okhdfcbank,1,ACC014018,2,187.25
devanayaan744@okaxis,1,ACC014019,1,20.65
zbadal61@okhdfcbank,1,ACC014020,2,80.5
zachariapooja902@okhdfcbank,1,ACC014021,1,16.78
vprabhakar649@ybl,1,ACC014022,0,0.0
arunimaamble179@oksbi,1,ACC014023,2,24.5
mvenkatesh782@paytm,1,ACC014024,3,314.88
kiaanbrar633@ybl,1,ACC014025,1,15.03
venkateshanthony838@ybl,1,ACC014026,1,5.5
hchaudhary994@okhdfcbank,1,ACC014027,1,120.24
ubhatia788@ybl,1,ACC014028,1,116.17
chaturasinha303@okaxis,1,ACC014029,0,0.0
atella812@paytm,1,ACC014030,1,35.0
teerthbalasubramanian130@paytm,1,ACC014031,0,0.0
dom344@okicici,1,ACC014032,3,108.5
rayaanwarrior53@oksbi,1,ACC014033,1,14.13
xalak69516@ybl,1,ACC014034,0,0.0
pillaimegha639@paytm,1,ACC014035,2,33.11
yaminimangal692@ybl,1,ACC014036,1,40.95
krishna91405@ybl,1,ACC014037,1,20.65
jnigam937@paytm,1,ACC014038,4,99.05
chameli33131@paytm,1,ACC014039,1,17.5
ekapad66901@ybl,1,ACC014040,2,61.95
kalaladli299@paytm,1,ACC014041,1,109.18
duttinaya64@ybl,1,ACC014042,1,6.11
narainpooja349@paytm,1,ACC014043,3,79.98
ekapad98908@paytm,1,ACC014044,3,128.1
tmunshi841@ybl,1,ACC014045,2,23.18
pmane820@paytm,1,ACC014046,0,0.0
qbajaj258@paytm,1,ACC014047,4,146.96
khatrianya776@okicici,1,ACC014048,1,12.58
tripti026@oksbi,1,ACC014049,3,64.6
wthaker307@paytm,1,ACC014050,1,35.0
deopeter882@oksbi,1,ACC014051,0,0.0
bobaljagdish441@oksbi,1,ACC014052,5,186.14
tanmayibhatnagar77@okhdfcbank,1,ACC014053,1,109.18
zachariachasmum104@okaxis,1,ACC014054,0,0.0
morenachiket116@okaxis,1,ACC014055,0,0.0
viswanathanbalveer433@okaxis,1,ACC014056,0,0.0
pavani88829@okicici,1,ACC014057,2,67.9
obalakrishnan491@ybl,1,ACC014058,0,0.0
saranekalinga85@okaxis,1,ACC014059,0,0.0
varughesebahadurjit250@okaxis,1,ACC014060,2,23.8
gaurang53219@paytm,1,ACC014061,1,13.65
kumerhemang574@okicici,1,ACC014062,2,191.28
sagarkai384@oksbi,1,ACC014063,1,3.87
fedwin422@ybl,1,ACC014064,2,64.36
manbir37519@oksbi,1,ACC014065,2,86.45
vermamohammed787@paytm,1,ACC014066,0,0.0
upadhyayraghav410@okhdfcbank,1,ACC014067,0,0.0
vkulkarni299@oksbi,1,ACC014068,3,148.75
pranitjha537@okhdfcbank,1,ACC014069,3,269.15
iprasad478@okicici,1,ACC014070,4,106.36
hayernachiket819@ybl,1,ACC014071,3,262.48
ysaran158@okicici,1,ACC014072,1,17.15
sidhujeremiah351@oksbi,1,ACC014073,0,0.0
harish55385@oksbi,1,ACC014074,0,0.0
shaurya25765@okaxis,1,ACC014075,1,37.78
jsankar904@paytm,1,ACC014076,1,134.73
lekha05817@oksbi,1,ACC014077,5,615.44
vrai221@oksbi,1,ACC014078,3,160.02
ekavirseth805@oksbi,1,ACC014079,4,106.21
george16298@okaxis,1,ACC014080,0,0.0
lakshmisant139@oksbi,1,ACC014081,1,16.78
dharjeet624@okhdfcbank,1,ACC014082,1,105.0
gagan38609@ybl,1,ACC014083,2,36.4
indrajitdewan459@okhdfcbank,1,ACC014084,0,0.0
leena58362@okhdfcbank,1,ACC014085,3,87.81
ichar536@okicici,1,ACC014086,0,0.0
turvi91781@paytm,1,ACC014087,0,0.0
udantthakur988@paytm,1,ACC014088,1,38.13
rkrish661@oksbi,1,ACC014089,1,40.95
bassihardik283@okhdfcbank,1,ACC014090,1,16.78
tdhawan578@okicici,1,ACC014091,2,58.43
lila70527@oksbi,1,ACC014092,2,73.13
arunima47712@ybl,1,ACC014093,0,0.0
nandini27449@okaxis,1,ACC014094,0,0.0
rwagle629@paytm,1,ACC014095,0,0.0
yashjaggi948@okhdfcbank,1,ACC014096,0,0.0
baradveer942@okaxis,1,ACC014097,1,37.78
udarshnazareth265@okicici,1,ACC014098,0,0.0
aryan70688@okicici,1,ACC014099,4,356.46
ekaraj2769@paytm,1,ACC014100,0,0.0
gangulyrehaan3@oksbi,1,ACC014101,0,0.0
isubramanian781@oksbi,1,ACC014102,0,0.0
irakala916@okhdfcbank,1,ACC014103,2,35.79
johalreva343@okicici,1,ACC014104,2,40.08
chandranliam974@okicici,1,ACC014105,5,549.24
mahika16597@paytm,1,ACC014106,2,49.85
pallamohammed160@okaxis,1,ACC014107,1,23.11
fshenoy154@oksbi,1,ACC014108,0,0.0
patlajasmit192@okhdfcbank,1,ACC014109,1,16.78
mdua247@okicici,1,ACC014110,3,50.73
takdarika958@okhdfcbank,1,ACC014111,0,0.0
bsrinivasan252@oksbi,1,ACC014112,0,0.0
gopal88551@oksbi,1,ACC014113,0,0.0
hemalhayer527@okicici,1,ACC014114,1,16.78
gopalluke959@okhdfcbank,1,ACC014115,1,17.5
chandresh16714@okicici,1,ACC014116,3,34.94
kannanjackson857@oksbi,1,ACC014117,1,13.2
kashishgolla981@okhdfcbank,1,ACC014118,3,72.97
goelomisha269@okaxis,1,ACC014119,1,79.1
idikajha803@okhdfcbank,1,ACC014120,1,9.39
narayanjalsa590@oksbi,1,ACC014121,0,0.0
baliira195@okaxis,1,ACC014122,2,295.73
balveerkapur499@okaxis,1,ACC014123,1,70.0
jatin63536@okhdfcbank,1,ACC014124,0,0.0
buchkamya491@okicici,1,ACC014125,1,37.78
patelethan18@okaxis,1,ACC014126,1,37.78
sanghaikbal101@okhdfcbank,1,ACC014127,0,0.0
vinaya40278@paytm,1,ACC014128,0,0.0
hsoni967@oksbi,1,ACC014129,1,280.0
kandafiyaz740@ybl,1,ACC014130,1,35.68
ydube656@okicici,1,ACC014131,0,0.0
aachal94105@okaxis,1,ACC014132,2,72.78
udave647@ybl,1,ACC014133,3,93.74
yashodasodhi501@okicici,1,ACC014134,0,0.0
darwilliam494@paytm,1,ACC014135,0,0.0
ishita86526@paytm,1,ACC014136,0,0.0
ishaan94767@okhdfcbank,1,ACC014137,2,225.13
qarin72937@okaxis,1,ACC014138,2,12.23
imittal942@oksbi,1,ACC014139,0,0.0
vartygeetika645@okaxis,1,ACC014140,5,93.96
williamkala322@okhdfcbank,1,ACC014141,1,17.97
abhiram25549@okicici,1,ACC014142,4,387.76
okunda626@ybl,1,ACC014143,1,70.0
farisraju436@okicici,1,ACC014144,1,20.28
xiti92366@ybl,1,ACC014145,3,102.86
hamsini91118@okicici,1,ACC014146,1,24.32
ishita59915@oksbi,1,ACC014147,1,16.78
padmanabhanucchal777@okhdfcbank,1,ACC014148,0,0.0
vansha79368@okicici,1,ACC014149,1,20.28
rachitavarma274@oksbi,1,ACC014150,0,0.0
sudikshakarnik272@oksbi,1,ACC014151,1,13.65
raurora70@okhdfcbank,1,ACC014152,0,0.0
darpan42619@okicici,1,ACC014153,2,30.08
rushilrege25@okhdfcbank,1,ACC014154,0,0.0
jmukhopadhyay269@paytm,1,ACC014155,5,474.4
om88131@okhdfcbank,1,ACC014156,1,40.95
liammitra195@ybl,1,ACC014157,1,52.5
lakshdass483@okicici,1,ACC014158,1,105.0
daksheshbhatti138@okhdfcbank,1,ACC014159,3,52.51
aachalsani694@okaxis,1,ACC014160,2,38.59
chadhema953@okaxis,1,ACC014161,2,61.95
vbumb32@ybl,1,ACC014162,2,61.23
ocheema213@oksbi,1,ACC014163,1,37.78
egill597@okicici,1,ACC014164,0,0.0
rayaankrishnan288@okhdfcbank,1,ACC014165,2,48.28
norimanbir736@oksbi,1,ACC014166,0,0.0
wazir48830@paytm,1,ACC014167,1,37.78
calebmerchant302@okicici,1,ACC014168,1,37.78
ojasvi81153@oksbi,1,ACC014169,0,0.0
amrutabandi661@oksbi,1,ACC014170,4,126.48
pauaayush234@okaxis,1,ACC014171,0,0.0
krish35217@oksbi,1,ACC014172,2,220.83
maxmangat115@okaxis,1,ACC014173,0,0.0
baghyawatilal398@ybl,1,ACC014174,2,115.48
schauhan320@okaxis,1,ACC014175,1,20.28
balalka757@ybl,1,ACC014176,0,0.0
vminhas170@oksbi,1,ACC014177,0,0.0
ozajonathan371@ybl,1,ACC014178,1,12.86
joshua2456@okhdfcbank,1,ACC014179,2,26.58
mohinibalasubramanian661@oksbi,1,ACC014180,1,65.8
arya55395@oksbi,1,ACC014181,3,246.03
yatin14156@ybl,1,ACC014182,1,15.03
sahahritik295@okaxis,1,ACC014183,0,0.0
bathdeepa261@oksbi,1,ACC014184,2,77.33
vedhika86347@paytm,1,ACC014185,2,78.73
dayamairaval860@okhdfcbank,1,ACC014186,1,26.25
krishnarai168@okaxis,1,ACC014187,1,20.65
qadimkadakia275@okaxis,1,ACC014188,3,82.19
varsha6563@paytm,1,ACC014189,1,33.95
ckade93@okaxis,1,ACC014190,0,0.0
zinal50251@okicici,1,ACC014191,1,91.68
xalak97992@okhdfcbank,1,ACC014192,3,53.34
cvohra932@okhdfcbank,1,ACC014193,2,116.88
fsagar479@okaxis,1,ACC014194,1,104.98
devsama395@okicici,1,ACC014195,5,139.9
vbanik747@ybl,1,ACC014196,2,36.36
naikdeepa393@paytm,1,ACC014197,1,39.53
madannidra90@ybl,1,ACC014198,2,51.78
chasmumoak419@oksbi,1,ACC014199,1,13.65
siddharth90620@ybl,1,ACC014200,1,20.65
shuklachatresh403@paytm,1,ACC014201,0,0.0
xvenkataraman857@ybl,1,ACC014202,1,40.95
praneelchopra360@okaxis,1,ACC014203,1,41.96
hparmer339@oksbi,1,ACC014204,1,20.65
pushtirajagopalan490@okaxis,1,ACC014205,2,56.12
tanveer41763@okaxis,1,ACC014206,0,0.0
jhahiral195@okaxis,1,ACC014207,0,0.0
tdugar708@paytm,1,ACC014208,0,0.0
vanya27654@paytm,1,ACC014209,0,0.0
aashi05245@oksbi,1,ACC014210,2,77.12
smistry695@oksbi,1,ACC014211,1,26.95
rachitasengupta782@okaxis,1,ACC014212,0,0.0
ddoshi176@ybl,1,ACC014213,0,0.0
ikbal34799@okhdfcbank,1,ACC014214,0,0.0
gautamseth961@oksbi,1,ACC014215,1,386.4
qabilkapadia741@okicici,1,ACC014216,1,17.5
rayindira955@paytm,1,ACC014217,1,7.0
priyatiwari36@oksbi,1,ACC014218,0,0.0
hritikmalhotra506@okaxis,1,ACC014219,1,18.9
kibevivaan946@ybl,1,ACC014220,1,10.97
tanejarobert324@okaxis,1,ACC014221,0,0.0
prakasharyan101@okaxis,1,ACC014222,0,0.0
girishnarula359@okicici,1,ACC014223,1,23.78
ramawyatt739@okicici,1,ACC014224,2,57.55
aarnavsen471@okhdfcbank,1,ACC014225,2,45.15
zganesh550@okhdfcbank,1,ACC014226,0,0.0
naksh911@okhdfcbank,1,ACC014227,1,40.25
chandransodhi713@ybl,1,ACC014228,2,15.43
chakrika78423@okhdfcbank,1,ACC014229,2,20.24
balanazaan756@oksbi,1,ACC014230,0,0.0
charvimalhotra863@okhdfcbank,1,ACC014231,0,0.0
charvi56953@ybl,1,ACC014232,0,0.0
avisandal666@oksbi,1,ACC014233,0,0.0
pavani23365@okhdfcbank,1,ACC014234,3,91.01
oyogi772@ybl,1,ACC014235,0,0.0
ddevi714@okicici,1,ACC014236,2,92.4
ansh93963@oksbi,1,ACC014237,0,0.0
adviksen631@ybl,1,ACC014238,2,44.06
lucky86544@ybl,1,ACC014239,0,0.0
mtak168@okicici,1,ACC014240,3,71.36
onkar19303@ybl,1,ACC014241,1,35.0
dinkamala2@oksbi,1,ACC014242,3,70.9
nsanghvi450@okaxis,1,ACC014243,2,100.1
wchopra179@okicici,1,ACC014244,0,0.0
samuel47520@okhdfcbank,1,ACC014245,0,0.0
andraanusha772@okaxis,1,ACC014246,0,0.0
subramanianshivansh487@okhdfcbank,1,ACC014247,0,0.0
zashilkrishnamurthy20@okhdfcbank,1,ACC014248,1,28.68
murthyarin484@okaxis,1,ACC014249,0,0.0
udatta133@okhdfcbank,1,ACC014250,3,56.7
bimala27916@oksbi,1,ACC014251,5,151.65
dateoscar254@okaxis,1,ACC014252,1,30.97
gaurikadalal26@okicici,1,ACC014253,0,0.0
atharvben736@ybl,1,ACC014254,0,0.0
rmodi727@ybl,1,ACC014255,2,207.73
krishnamurthyhamsini136@ybl,1,ACC014256,2,417.53
brout150@okicici,1,ACC014257,0,0.0
munitejas849@oksbi,1,ACC014258,0,0.0
mangatimaran921@paytm,1,ACC014259,0,0.0
wvig762@okhdfcbank,1,ACC014260,1,9.71
jaisuri472@okhdfcbank,1,ACC014261,1,8.75
viswanathanomya837@okhdfcbank,1,ACC014262,7,145.94
ishaanraghavan649@ybl,1,ACC014263,2,227.51
kadakianathan741@oksbi,1,ACC014264,2,35.68
ekanikapadia551@okhdfcbank,1,ACC014265,2,107.08
nandaalexander244@paytm,1,ACC014266,0,0.0
upkaarkari167@oksbi,1,ACC014267,1,55.28
ssachdev152@okaxis,1,ACC014268,4,127.38
advik14421@paytm,1,ACC014269,1,35.0
indira95535@ybl,1,ACC014270,2,55.42
chaudharywatika744@okicici,1,ACC014271,3,155.03
fradoramakrishnan650@okhdfcbank,1,ACC014272,3,100.25
abhiram88743@paytm,1,ACC014273,1,78.4
vgokhale6@paytm,1,ACC014274,1,2.73
pkamdar425@okicici,1,ACC014275,0,0.0
vasudhahari509@paytm,1,ACC014276,1,13.65
jeetpatla191@okicici,1,ACC014277,0,0.0
tarak44493@ybl,1,ACC014278,1,347.9
nakulnarula369@paytm,1,ACC014279,2,141.05
nigamatharv871@okicici,1,ACC014280,0,0.0
shahbanjeet872@okicici,1,ACC014281,1,20.65
fboase421@ybl,1,ACC014282,3,78.73
murtyvihaan974@okaxis,1,ACC014283,2,38.79
ridhiswamy308@okicici,1,ACC014284,0,0.0
spatel912@okicici,1,ACC014285,3,49.33
janakidhar518@okaxis,1,ACC014286,3,128.97
anmol44390@okicici,1,ACC014287,1,40.95
arinrana675@okicici,1,ACC014288,1,49.35
umangsibal551@oksbi,1,ACC014289,3,297.45
senbhavya844@paytm,1,ACC014290,4,53.89
chakrika13210@oksbi,1,ACC014291,1,29.03
balaydaksha551@okaxis,1,ACC014292,3,414.22
cnagar389@okicici,1,ACC014293,0,0.0
waglerushil586@paytm,1,ACC014294,1,211.73
kashyapcaleb35@oksbi,1,ACC014295,0,0.0
mallvictor560@ybl,1,ACC014296,0,0.0
gaurav72664@paytm,1,ACC014297,1,35.0
ganesanqadim521@okicici,1,ACC014298,0,0.0
aradhana83567@okicici,1,ACC014299,2,20.98
uhanda964@oksbi,1,ACC014300,1,35.0
frederick86747@paytm,1,ACC014301,3,274.25
vyanjana43806@ybl,1,ACC014302,1,17.85
riyaparmer693@ybl,1,ACC014303,1,6.53
buchzashil926@okaxis,1,ACC014304,5,226.44
suletriveni995@paytm,1,ACC014305,0,0.0
anvi78688@paytm,1,ACC014306,7,301.38
tbera997@paytm,1,ACC014307,4,152.09
aryan60893@okhdfcbank,1,ACC014308,0,0.0
odada625@ybl,1,ACC014309,0,0.0
mahika77478@oksbi,1,ACC014310,1,35.0
faras66512@oksbi,1,ACC014311,2,102.53
alka10734@okaxis,1,ACC014312,2,84.18
ykonda754@okicici,1,ACC014313,0,0.0
rsathe276@okicici,1,ACC014314,1,20.28
dev92148@okaxis,1,ACC014315,1,13.65
iaurora355@oksbi,1,ACC014316,0,0.0
bennikita19@oksbi,1,ACC014317,2,777.68
yuvraj12400@okhdfcbank,1,ACC014318,0,0.0
eeshakohli237@paytm,1,ACC014319,3,63.77
ghosekala445@okhdfcbank,1,ACC014320,2,23.41
rtara206@oksbi,1,ACC014321,3,39.0
akala929@okicici,1,ACC014322,1,16.78
aarav29653@oksbi,1,ACC014323,1,37.78
soodcharita835@okaxis,1,ACC014324,0,0.0
ozaodika236@ybl,1,ACC014325,1,40.95
alanka273@okhdfcbank,1,ACC014326,1,47.42
uahluwalia96@oksbi,1,ACC014327,1,16.78
maxchana714@oksbi,1,ACC014328,1,70.0
megha58369@ybl,1,ACC014329,1,20.65
rajatavala754@okhdfcbank,1,ACC014330,0,0.0
nitara41512@okaxis,1,ACC014331,1,20.65
chandran60205@okicici,1,ACC014332,3,53.53
sachiwadhwa41@ybl,1,ACC014333,1,79.1
krish93782@okicici,1,ACC014334,0,0.0
nathaniel71267@paytm,1,ACC014335,1,40.95
ekta741@okhdfcbank,1,ACC014336,2,62.63
ukalita76@ybl,1,ACC014337,0,0.0
farhanarora211@okaxis,1,ACC014338,0,0.0
rroy135@okaxis,1,ACC014339,1,26.95
urmibalakrishnan895@okhdfcbank,1,ACC014340,3,59.39
pavaniganguly621@okaxis,1,ACC014341,0,0.0
manezinal692@okaxis,1,ACC014342,0,0.0
rrattan269@okhdfcbank,1,ACC014343,0,0.0
ekantikamunshi56@okhdfcbank,1,ACC014344,4,63.29
eiravatisuri784@okaxis,1,ACC014345,2,158.2
pantdamini548@okicici,1,ACC014346,0,0.0
xavier4346@ybl,1,ACC014347,1,117.25
yashsura8@oksbi,1,ACC014348,1,20.65
shanchristopher811@okhdfcbank,1,ACC014349,2,31.65
dyalbhavna909@okicici,1,ACC014350,2,67.88
lmemon388@okhdfcbank,1,ACC014351,5,140.49
rachitaupadhyay812@okaxis,1,ACC014352,1,13.65
rayaanbasu491@okaxis,1,ACC014353,1,51.1
jmunshi677@okicici,1,ACC014354,3,150.95
walidhruv94@paytm,1,ACC014355,3,207.9
akurian39@paytm,1,ACC014356,0,0.0
revasolanki476@okaxis,1,ACC014357,1,73.83
karanmerchant856@okaxis,1,ACC014358,1,16.65
csundaram821@okicici,1,ACC014359,1,12.58
hemanidani48@oksbi,1,ACC014360,2,68.23
rushil53427@paytm,1,ACC014361,1,20.28
bbhakta775@okicici,1,ACC014362,1,12.93
norihiral948@ybl,1,ACC014363,0,0.0
quincyrajan894@okicici,1,ACC014364,0,0.0
anirudhtata599@okaxis,1,ACC014365,0,0.0
ativala250@oksbi,1,ACC014366,1,15.57
idikapandit127@okhdfcbank,1,ACC014367,5,173.42
sanghviadvaith825@okhdfcbank,1,ACC014368,3,47.41
abeerkamdar394@ybl,1,ACC014369,2,47.95
devibalveer172@okicici,1,ACC014370,1,12.93
diyagala744@okhdfcbank,1,ACC014371,1,20.65
chowdhurybrinda217@okaxis,1,ACC014372,0,0.0
xdalia899@oksbi,1,ACC014373,1,20.65
arjun29246@paytm,1,ACC014374,1,20.65
rachitbhatt756@okhdfcbank,1,ACC014375,2,82.25
cherianmeghana426@paytm,1,ACC014376,1,32.88
yadavibasak487@okaxis,1,ACC014377,1,14.0
gdesai686@okhdfcbank,1,ACC014378,0,0.0
ekbal12194@okicici,1,ACC014379,4,204.32
manyabose990@okaxis,1,ACC014380,2,61.6
chackozarna165@ybl,1,ACC014381,0,0.0
zsubramaniam914@okaxis,1,ACC014382,0,0.0
brindagoel964@okicici,1,ACC014383,1,8.75
borapeter659@okaxis,1,ACC014384,1,18.9
urviganguly384@ybl,1,ACC014385,2,54.91
vpatla266@oksbi,1,ACC014386,1,73.83
singhalowen639@paytm,1,ACC014387,1,17.15
idoctor615@okaxis,1,ACC014388,0,0.0
pbanik89@okicici,1,ACC014389,2,133.68
oliverkala194@paytm,1,ACC014390,1,55.98
aashi41398@paytm,1,ACC014391,6,99.82
vigmanbir566@okicici,1,ACC014392,3,87.48
bhavnadoctor284@oksbi,1,ACC014393,2,59.15
oakgautami652@oksbi,1,ACC014394,0,0.0
charvi99991@oksbi,1,ACC014395,1,11.1
erana910@okhdfcbank,1,ACC014396,2,48.96
jeremiah18197@oksbi,1,ACC014397,0,0.0
ckata722@oksbi,1,ACC014398,1,13.65
valasamarth864@okhdfcbank,1,ACC014399,1,23.8
wadhwaodika234@paytm,1,ACC014400,1,40.95
gvohra918@ybl,1,ACC014401,2,121.1
sagarpushti597@okaxis,1,ACC014402,0,0.0
ranbir24910@okicici,1,ACC014403,0,0.0
jackpurohit175@okaxis,1,ACC014404,3,275.8
varkeywaida55@oksbi,1,ACC014405,0,0.0
kallaturvi828@okicici,1,ACC014406,1,17.5
divyamallick176@paytm,1,ACC014407,0,0.0
mahikamannan687@oksbi,1,ACC014408,2,117.07
hamsini77112@oksbi,1,ACC014409,2,54.6
advika31391@oksbi,1,ACC014410,1,13.65
vaishnaviraj668@okicici,1,ACC014411,0,0.0
ranganathannathan513@oksbi,1,ACC014412,1,52.5
omisha19278@paytm,1,ACC014413,1,20.28
rdewan973@okhdfcbank,1,ACC014414,3,198.41
msunder435@ybl,1,ACC014415,2,37.41
daniel57919@ybl,1,ACC014416,0,0.0
ishita8450@okicici,1,ACC014417,0,0.0
nimratbahl14@ybl,1,ACC014418,2,41.28
jprasad77@oksbi,1,ACC014419,0,0.0
bahadurjitsuri276@okicici,1,ACC014420,0,0.0
mitalibrar680@okicici,1,ACC014421,0,0.0
dray347@okhdfcbank,1,ACC014422,0,0.0
somosha330@ybl,1,ACC014423,1,299.58
wgoda547@paytm,1,ACC014424,1,117.25
dominic79591@paytm,1,ACC014425,1,35.0
samivarenya654@okicici,1,ACC014426,1,1.73
msethi111@oksbi,1,ACC014427,0,0.0
gdayal228@oksbi,1,ACC014428,1,37.78
senguptaupadhriti721@oksbi,1,ACC014429,2,54.46
yashicasarin900@okhdfcbank,1,ACC014430,1,34.28
kchada776@okhdfcbank,1,ACC014431,0,0.0
deolvrinda307@ybl,1,ACC014432,0,0.0
magardalaja901@ybl,1,ACC014433,1,16.78
dchoudhary366@okicici,1,ACC014434,0,0.0
darpan65909@okhdfcbank,1,ACC014435,0,0.0
mmadan544@oksbi,1,ACC014436,1,73.48
girishdalia559@paytm,1,ACC014437,1,73.48
vasatika81950@paytm,1,ACC014438,0,0.0
majumdarethan67@okhdfcbank,1,ACC014439,5,70.58
chandran96748@okicici,1,ACC014440,0,0.0
talwarchatura34@okhdfcbank,1,ACC014441,0,0.0
takyasti151@paytm,1,ACC014442,1,29.22
dashrudra249@okhdfcbank,1,ACC014443,1,49.35
morarojasvi684@oksbi,1,ACC014444,1,35.0
sameshmanne220@ybl,1,ACC014445,2,172.13
bhatnagarvasana619@okhdfcbank,1,ACC014446,0,0.0
sai91902@okicici,1,ACC014447,1,165.74
bkapur61@ybl,1,ACC014448,1,12.93
chakradharhayer867@okicici,1,ACC014449,1,37.97
vasatika19548@oksbi,1,ACC014450,1,23.97
rkaur953@okicici,1,ACC014451,2,40.93
victormisra599@okicici,1,ACC014452,2,219.45
ishaan72796@ybl,1,ACC014453,5,258.1
sarnalipika57@oksbi,1,ACC014454,1,11.9
baljiwanmital102@paytm,1,ACC014455,1,20.65
sshenoy833@oksbi,1,ACC014456,1,10.61
bpathak805@oksbi,1,ACC014457,2,34.3
anita10831@okicici,1,ACC014458,0,0.0
dayita61935@ybl,1,ACC014459,1,43.75
vasudhavenkataraman666@okaxis,1,ACC014460,3,50.38
qghosh523@oksbi,1,ACC014461,5,257.91
bathamaira206@paytm,1,ACC014462,0,0.0
pauwridesh636@okhdfcbank,1,ACC014463,0,0.0
jnaidu106@oksbi,1,ACC014464,0,0.0
advay61604@oksbi,1,ACC014465,0,0.0
shauryadass558@okicici,1,ACC014466,1,5.67
dattaazad689@okhdfcbank,1,ACC014467,0,0.0
xiti91635@okicici,1,ACC014468,3,137.55
uppalwakeeta133@okaxis,1,ACC014469,2,134.75
qbala140@okicici,1,ACC014470,1,32.2
ivarty662@paytm,1,ACC014471,0,0.0
chatresh8364@okicici,1,ACC014472,1,40.95
wgarg581@paytm,1,ACC014473,1,179.18
solankiamara416@okicici,1,ACC014474,2,215.95
oprabhakar508@okaxis,1,ACC014475,2,41.28
shivansh85282@oksbi,1,ACC014476,0,0.0
omannan60@okicici,1,ACC014477,1,17.5
baliupasna193@ybl,1,ACC014478,1,70.0
chaudhurijhalak825@oksbi,1,ACC014479,0,0.0
viswanathanvinaya627@paytm,1,ACC014480,1,17.5
nanne723@okhdfcbank,1,ACC014481,0,0.0
puriekiya788@okaxis,1,ACC014482,1,40.95
brijesh0475@okicici,1,ACC014483,0,0.0
balayonveer919@okhdfcbank,1,ACC014484,4,390.04
hsangha367@oksbi,1,ACC014485,1,10.83
gauri02332@oksbi,1,ACC014486,3,64.73
aarnavganesh515@ybl,1,ACC014487,3,48.05
lohitchakraborty821@okaxis,1,ACC014488,2,45.31
gaurisaraf751@oksbi,1,ACC014489,0,0.0
nandayahvi120@paytm,1,ACC014490,3,60.08
njohal978@ybl,1,ACC014491,0,0.0
alka06544@okaxis,1,ACC014492,2,103.21
fdada603@okhdfcbank,1,ACC014493,3,78.73
zansisarraf980@paytm,1,ACC014494,1,6.24
sagardevansh576@okicici,1,ACC014495,0,0.0
onveer45619@oksbi,1,ACC014496,3,43.69
korpalguneet810@okaxis,1,ACC014497,2,70.0
riyaraval338@ybl,1,ACC014498,0,0.0
iragrover2@okicici,1,ACC014499,3,79.43
ramachandranbarkha744@oksbi,1,ACC014500,2,151.18
barkhasuresh189@oksbi,1,ACC014501,1,161.52
janujasankaran190@ybl,1,ACC014502,0,0.0
qkarpe996@okaxis,1,ACC014503,1,8.75
knarula965@okhdfcbank,1,ACC014504,2,117.77
atharv35659@okicici,1,ACC014505,0,0.0
urmi04659@ybl,1,ACC014506,4,110.25
bchawla639@okaxis,1,ACC014507,0,0.0
hemabhandari116@paytm,1,ACC014508,1,30.45
tprabhakar188@okaxis,1,ACC014509,0,0.0
dchada185@oksbi,1,ACC014510,0,0.0
bhattacharyyagirik663@oksbi,1,ACC014511,0,0.0
anushabava894@ybl,1,ACC014512,2,34.3
tsrinivas201@okhdfcbank,1,ACC014513,0,0.0
sainigauri123@okhdfcbank,1,ACC014514,1,27.28
azadbiswas361@paytm,1,ACC014515,0,0.0
rakshakapoor141@okhdfcbank,1,ACC014516,1,12.05
jairaj57792@okaxis,1,ACC014517,0,0.0
qrama753@okhdfcbank,1,ACC014518,0,0.0
kabirsawhney451@okicici,1,ACC014519,0,0.0
gaurav60393@ybl,1,ACC014520,1,37.78
prasadreva582@okaxis,1,ACC014521,2,45.83
jai45132@oksbi,1,ACC014522,0,0.0
dugalkamya465@paytm,1,ACC014523,0,0.0
sarthakswamy302@oksbi,1,ACC014524,1,9.98
imaran12661@ybl,1,ACC014525,1,52.5
sameshnagi987@ybl,1,ACC014526,0,0.0
samesh60364@oksbi,1,ACC014527,2,27.79
kantyochana899@okhdfcbank,1,ACC014528,0,0.0
pandeyrishi128@paytm,1,ACC014529,0,0.0
shahkavya163@okaxis,1,ACC014530,0,0.0
bkibe247@okhdfcbank,1,ACC014531,1,20.65
birtanay866@oksbi,1,ACC014532,2,55.65
megha07525@okaxis,1,ACC014533,1,37.78
ydugar890@ybl,1,ACC014534,2,189.35
kritika54271@okaxis,1,ACC014535,3,325.87
hmander302@paytm,1,ACC014536,2,13.65
chaitanyatella309@okaxis,1,ACC014537,2,84.16
duaekiya722@okaxis,1,ACC014538,1,70.0
balvandugar935@oksbi,1,ACC014539,5,84.26
kkara402@oksbi,1,ACC014540,0,0.0
kamala97913@okhdfcbank,1,ACC014541,2,20.3
girish35418@ybl,1,ACC014542,2,89.6
cmorar635@okhdfcbank,1,ACC014543,0,0.0
aryanroy215@ybl,1,ACC014544,3,101.83
bhattidiya124@paytm,1,ACC014545,3,70.66
ekarajsrivastava243@paytm,1,ACC014546,4,339.21
gnatarajan292@oksbi,1,ACC014547,0,0.0
kapadiaupadhriti903@okicici,1,ACC014548,0,0.0
madanwarhi729@ybl,1,ACC014549,0,0.0
chanchal02778@okaxis,1,ACC014550,3,76.26
cgoyal681@paytm,1,ACC014551,1,53.18
rajansamesh394@oksbi,1,ACC014552,2,69.65
jgupta119@okaxis,1,ACC014553,1,55.98
ethakur424@okicici,1,ACC014554,1,75.58
hbrahmbhatt578@okicici,1,ACC014555,1,96.25
waliamaanav155@okicici,1,ACC014556,0,0.0
vedikatak379@okhdfcbank,1,ACC014557,1,106.74
reyanshmore851@okicici,1,ACC014558,0,0.0
chaitalyshroff283@okaxis,1,ACC014559,1,10.07
gaurangibora314@paytm,1,ACC014560,2,81.88
sudikshakala276@okicici,1,ACC014561,1,7.0
gabaamaira537@okaxis,1,ACC014562,2,40.95
jdara68@okaxis,1,ACC014563,3,342.87
oscar03186@paytm,1,ACC014564,3,215.95
hardikarora650@ybl,1,ACC014565,0,0.0
royyashica306@okicici,1,ACC014566,2,71.92
faqid49432@okhdfcbank,1,ACC014567,1,37.78
zarna05434@oksbi,1,ACC014568,0,0.0
usachdev220@okhdfcbank,1,ACC014569,1,16.78
jkulkarni724@okhdfcbank,1,ACC014570,1,13.65
akshay5186@okaxis,1,ACC014571,2,49.68
amore905@okaxis,1,ACC014572,5,313.23
choudhryaashi481@oksbi,1,ACC014573,0,0.0
pallavi69205@okaxis,1,ACC014574,1,40.95
thomassehgal394@okicici,1,ACC014575,1,56.35
agastyabajwa837@okhdfcbank,1,ACC014576,3,55.35
kdate345@oksbi,1,ACC014577,5,142.41
janujakanda305@okaxis,1,ACC014578,1,7.61
ranveer47510@okaxis,1,ACC014579,3,258.63
ahanda619@ybl,1,ACC014580,0,0.0
brahmbhattgeetika222@okhdfcbank,1,ACC014581,2,29.04
ranganathanpatrick54@okaxis,1,ACC014582,3,96.6
yashasvizacharia547@ybl,1,ACC014583,0,0.0
korpaljeevika104@okaxis,1,ACC014584,3,109.9
rastogireva480@okaxis,1,ACC014585,3,105.38
trivenisarna933@okaxis,1,ACC014586,2,62.19
bmane249@okaxis,1,ACC014587,2,235.31
gaurang88982@oksbi,1,ACC014588,4,118.87
parmarvictor741@okicici,1,ACC014589,0,0.0
henrymangat582@ybl,1,ACC014590,4,184.1
chanavanya985@paytm,1,ACC014591,1,98.0
swamyati944@okaxis,1,ACC014592,0,0.0
ojasvibal40@paytm,1,ACC014593,3,143.13
agastya67931@paytm,1,ACC014594,0,0.0
finn95126@ybl,1,ACC014595,2,72.08
davidkunda759@okhdfcbank,1,ACC014596,0,0.0
shankarchakrika389@okaxis,1,ACC014597,0,0.0
doshinathaniel595@okhdfcbank,1,ACC014598,0,0.0
parmertanvi845@ybl,1,ACC014599,1,35.0
aanand616@okicici,1,ACC014600,1,87.5
pallavi18502@okicici,1,ACC014601,1,14.13
beradalaja996@okaxis,1,ACC014602,3,104.98
ggulati198@paytm,1,ACC014603,2,30.42
xkata354@paytm,1,ACC014604,2,42.0
idikaoommen676@okaxis,1,ACC014605,1,27.54
vpall244@okhdfcbank,1,ACC014606,0,0.0
ekapad46820@oksbi,1,ACC014607,2,136.5
frederick72521@okicici,1,ACC014608,0,0.0
iyengarandrew742@okicici,1,ACC014609,2,129.41
panchalishita678@okhdfcbank,1,ACC014610,1,243.23
khannachandran56@okaxis,1,ACC014611,2,10.5
bishakhaseth919@paytm,1,ACC014612,1,20.65
savantnidra701@paytm,1,ACC014613,0,0.0
dbhakta922@oksbi,1,ACC014614,0,0.0
basumanan646@okhdfcbank,1,ACC014615,1,18.9
robertdeo747@oksbi,1,ACC014616,1,55.98
unnatisunder58@oksbi,1,ACC014617,0,0.0
lankareva679@paytm,1,ACC014618,2,131.95
nimratmurthy93@okicici,1,ACC014619,1,37.78
chanagavin867@okhdfcbank,1,ACC014620,1,79.1
manan85120@oksbi,1,ACC014621,0,0.0
swali668@okicici,1,ACC014622,1,8.05
alexander87245@ybl,1,ACC014623,1,17.5
pranit26407@okhdfcbank,1,ACC014624,2,64.32
magarjanaki363@oksbi,1,ACC014625,0,0.0
trivedivarsha480@paytm,1,ACC014626,1,59.85
narayananrachit877@oksbi,1,ACC014627,1,11.9
bachittarpurohit850@okicici,1,ACC014628,0,0.0
udeshmukh948@okaxis,1,ACC014629,1,98.0
rachitanigam584@ybl,1,ACC014630,1,23.78
settykiaan422@oksbi,1,ACC014631,2,45.15
sudikshakeer252@okhdfcbank,1,ACC014632,0,0.0
setheshana564@oksbi,1,ACC014633,2,73.83
psarkar927@oksbi,1,ACC014634,3,305.16
mahikakonda863@ybl,1,ACC014635,3,38.59
xkurian295@okhdfcbank,1,ACC014636,0,0.0
aditya91432@okicici,1,ACC014637,0,0.0
ptiwari346@paytm,1,ACC014638,1,4.4
zsem286@ybl,1,ACC014639,0,0.0
wbhat652@okhdfcbank,1,ACC014640,0,0.0
triyaborde44@ybl,1,ACC014641,0,0.0
bakhshi70775@okaxis,1,ACC014642,1,10.5
bhavsarzansi249@ybl,1,ACC014643,3,92.73
bahllaksh921@okicici,1,ACC014644,2,180.95
harshilmohanty459@okicici,1,ACC014645,0,0.0
venkateshmohini260@okhdfcbank,1,ACC014646,0,0.0
dakshesh45177@oksbi,1,ACC014647,2,46.32
gauri68647@okhdfcbank,1,ACC014648,2,55.28
yuvrajbhasin414@ybl,1,ACC014649,2,29.36
omarora900@oksbi,1,ACC014650,2,100.8
tsagar963@okhdfcbank,1,ACC014651,0,0.0
eesha81264@okicici,1,ACC014652,1,12.37
qushisood421@okaxis,1,ACC014653,0,0.0
chandranagarwal290@ybl,1,ACC014654,1,7.33
deolekalinga418@okhdfcbank,1,ACC014655,3,102.84
ohora253@okicici,1,ACC014656,0,0.0
radhakrishnankrisha518@okaxis,1,ACC014657,0,0.0
ukhosla301@okaxis,1,ACC014658,5,221.54
iryanagarajan723@ybl,1,ACC014659,3,32.63
kiaanmadan487@paytm,1,ACC014660,0,0.0
tanishaggarwal865@okaxis,1,ACC014661,1,55.98
gbalay850@ybl,1,ACC014662,2,31.01
advik28334@oksbi,1,ACC014663,0,0.0
ekbalrana616@paytm,1,ACC014664,5,192.75
daraaishani69@okicici,1,ACC014665,0,0.0
tsha804@paytm,1,ACC014666,0,0.0
yadaviraman964@okhdfcbank,1,ACC014667,1,8.14
hamsini68378@paytm,1,ACC014668,1,15.23
nirja11990@okhdfcbank,1,ACC014669,0,0.0
dev50576@paytm,1,ACC014670,1,52.5
mandaurishilla872@paytm,1,ACC014671,1,87.5
qlala77@paytm,1,ACC014672,0,0.0
ranaojas204@oksbi,1,ACC014673,1,79.1
pallajyoti649@oksbi,1,ACC014674,0,0.0
sheredaksha780@paytm,1,ACC014675,2,56.52
sarinanamika831@oksbi,1,ACC014676,0,0.0
ekaja25370@okicici,1,ACC014677,5,258.98
obera529@oksbi,1,ACC014678,1,20.63
virajsodhi184@okhdfcbank,1,ACC014679,0,0.0
revadutt701@okaxis,1,ACC014680,2,107.78
nrege697@ybl,1,ACC014681,0,0.0
chandatanay96@ybl,1,ACC014682,0,0.0
okannan438@ybl,1,ACC014683,0,0.0
bhattriya770@okaxis,1,ACC014684,2,57.32
deepakar730@okicici,1,ACC014685,0,0.0
peterkonda621@okicici,1,ACC014686,1,37.78
ykanda853@okhdfcbank,1,ACC014687,1,52.5
cbutala846@okaxis,1,ACC014688,0,0.0
logandeshmukh523@oksbi,1,ACC014689,2,17.83
xkarpe559@paytm,1,ACC014690,3,128.8
faraj67346@paytm,1,ACC014691,2,63.68
lsankaran395@ybl,1,ACC014692,1,105.0
udyati25903@okaxis,1,ACC014693,2,273.0
balveerpillay683@paytm,1,ACC014694,0,0.0
chaudharionveer87@okhdfcbank,1,ACC014695,2,90.28
doctoreta959@paytm,1,ACC014696,0,0.0
ikbalaggarwal971@okicici,1,ACC014697,1,55.98
radhika8053@ybl,1,ACC014698,1,70.23
tellaanay668@okicici,1,ACC014699,0,0.0
vermacaleb293@okaxis,1,ACC014700,2,116.88
netraprashad837@okicici,1,ACC014701,2,121.78
anita60983@paytm,1,ACC014702,2,132.99
isami363@okaxis,1,ACC014703,1,73.48
qadimhegde350@paytm,1,ACC014704,1,17.5
bgrewal803@okaxis,1,ACC014705,0,0.0
bhavinimistry49@okaxis,1,ACC014706,0,0.0
dasguptasamuel291@okaxis,1,ACC014707,0,0.0
yachana45720@ybl,1,ACC014708,0,0.0
wazir32926@okaxis,1,ACC014709,0,0.0
balayvictor660@okaxis,1,ACC014710,2,50.1
banjeet79536@okaxis,1,ACC014711,2,31.14
zilmilnarasimhan333@paytm,1,ACC014712,1,11.9
cdeol965@okicici,1,ACC014713,1,17.85
egade893@okicici,1,ACC014714,2,214.55
shettyalka908@ybl,1,ACC014715,1,20.28
janaki68566@okhdfcbank,1,ACC014716,1,10.5
veermallick400@okaxis,1,ACC014717,2,40.58
banerjeesiya187@ybl,1,ACC014718,2,100.8
manderpratyush194@okhdfcbank,1,ACC014719,0,0.0
jeetandra836@ybl,1,ACC014720,0,0.0
hayerneha153@okhdfcbank,1,ACC014721,1,22.56
gollavaishnavi434@oksbi,1,ACC014722,2,92.38
aarush97618@paytm,1,ACC014723,0,0.0
omishasen187@okhdfcbank,1,ACC014724,1,14.82
nraval165@okicici,1,ACC014725,0,0.0
aradhanabasak804@paytm,1,ACC014726,1,105.0
bhavyadass75@okaxis,1,ACC014727,2,32.72
cbhatti31@okicici,1,ACC014728,2,92.73
fariq43657@ybl,1,ACC014729,0,0.0
yochanakonda759@ybl,1,ACC014730,1,20.65
tmann966@okicici,1,ACC014731,1,40.95
naksh86871@okaxis,1,ACC014732,2,61.6
bdhingra685@ybl,1,ACC014733,3,43.46
gbahl776@okaxis,1,ACC014734,0,0.0
atharvkashyap331@okaxis,1,ACC014735,0,0.0
mandom653@ybl,1,ACC014736,4,117.21
gournisha97@okhdfcbank,1,ACC014737,0,0.0
yashasvi55512@oksbi,1,ACC014738,1,17.15
ishanibabu558@okaxis,1,ACC014739,0,0.0
boaseekansh11@paytm,1,ACC014740,1,50.73
odugar875@okhdfcbank,1,ACC014741,0,0.0
kaurwakeeta90@okaxis,1,ACC014742,0,0.0
tsavant958@paytm,1,ACC014743,0,0.0
suhani24320@okhdfcbank,1,ACC014744,1,17.5
chaudharyarunima582@paytm,1,ACC014745,0,0.0
hitesh63311@ybl,1,ACC014746,0,0.0
rdada685@okaxis,1,ACC014747,0,0.0
issacayaan494@okhdfcbank,1,ACC014748,0,0.0
msathe285@paytm,1,ACC014749,1,4.61
gmunshi5@okhdfcbank,1,ACC014750,1,59.85
agastya00633@ybl,1,ACC014751,0,0.0
gautam75687@ybl,1,ACC014752,1,103.93
ganga67474@oksbi,1,ACC014753,0,0.0
tanaykapoor511@okicici,1,ACC014754,2,58.8
timothypillay568@ybl,1,ACC014755,4,457.76
duttaanvi636@paytm,1,ACC014756,0,0.0
comardalaja877@okicici,1,ACC014757,0,0.0
champakben634@oksbi,1,ACC014758,1,17.5
irarajagopal348@paytm,1,ACC014759,0,0.0
oeshi99625@okicici,1,ACC014760,2,101.79
meghanamanne240@okicici,1,ACC014761,0,0.0
srinivaswilliam400@oksbi,1,ACC014762,0,0.0
vinaya94267@oksbi,1,ACC014763,2,43.69
radhapalla660@oksbi,1,ACC014764,0,0.0
srivastavamegha900@oksbi,1,ACC014765,1,46.9
nakshbhardwaj76@ybl,1,ACC014766,2,31.83
grewalranbir620@oksbi,1,ACC014767,2,67.53
skhatri631@okaxis,1,ACC014768,0,0.0
baljiwan42219@okaxis,1,ACC014769,1,257.95
asubramanian841@okicici,1,ACC014770,1,227.48
avnigala902@ybl,1,ACC014771,2,138.24
amrita02604@okaxis,1,ACC014772,0,0.0
wriddhish11349@paytm,1,ACC014773,0,0.0
salvibrijesh148@paytm,1,ACC014774,1,27.28
garima90734@paytm,1,ACC014775,2,27.49
yauvanibava282@okaxis,1,ACC014776,0,0.0
nigambaghyawati531@ybl,1,ACC014777,3,112.54
janakibhargava193@okaxis,1,ACC014778,0,0.0
ckara400@okhdfcbank,1,ACC014779,0,0.0
sainiekta573@okicici,1,ACC014780,0,0.0
usarkar657@okicici,1,ACC014781,2,352.25
wahabsawhney490@paytm,1,ACC014782,4,201.91
mbail680@okicici,1,ACC014783,3,41.63
sawhneyisaac793@paytm,1,ACC014784,0,0.0
ayushman02962@oksbi,1,ACC014785,0,0.0
bishakhaarya612@okicici,1,ACC014786,1,37.78
oeshi37971@okicici,1,ACC014787,1,386.4
gbhagat725@okaxis,1,ACC014788,1,20.63
chakradhar79409@paytm,1,ACC014789,0,0.0
vdatta294@ybl,1,ACC014790,0,0.0
wtalwar564@okhdfcbank,1,ACC014791,0,0.0
chandanikuruvilla384@okaxis,1,ACC014792,4,91.7
ubikabanerjee373@ybl,1,ACC014793,1,25.89
shahxavier524@oksbi,1,ACC014794,1,20.28
warjas0185@okicici,1,ACC014795,2,208.58
yadavi25513@paytm,1,ACC014796,2,44.06
prashadabdul168@paytm,1,ACC014797,0,0.0
ramridhi114@ybl,1,ACC014798,3,118.61
hredhaan71429@paytm,1,ACC014799,3,180.54
zbhakta184@ybl,1,ACC014800,0,0.0
ddugar397@okhdfcbank,1,ACC014801,3,77.29
samesh87509@okhdfcbank,1,ACC014802,0,0.0
ebir945@okicici,1,ACC014803,0,0.0
janiucchal13@okicici,1,ACC014804,0,0.0
sehgaldavid15@okicici,1,ACC014805,1,33.95
wraghavan545@paytm,1,ACC014806,3,56.68
anatarajan796@oksbi,1,ACC014807,0,0.0
manthankala225@okicici,1,ACC014808,0,0.0
fdara46@okaxis,1,ACC014809,1,210.0
lkaur590@oksbi,1,ACC014810,1,17.15
sarmaqasim681@paytm,1,ACC014811,0,0.0
noahreddy813@okaxis,1,ACC014812,1,70.0
wridesh05140@okhdfcbank,1,ACC014813,1,23.45
bhatabhimanyu31@paytm,1,ACC014814,0,0.0
jmisra208@okhdfcbank,1,ACC014815,2,29.2
jkari307@okaxis,1,ACC014816,2,30.53
wpant718@oksbi,1,ACC014817,0,0.0
wasondominic12@paytm,1,ACC014818,0,0.0
jalsa33569@okaxis,1,ACC014819,2,766.49
godabimala193@okaxis,1,ACC014820,0,0.0
zkeer57@okicici,1,ACC014821,0,0.0
solankihardik115@okaxis,1,ACC014822,0,0.0
dhruv93795@okicici,1,ACC014823,3,292.91
pranav39792@okaxis,1,ACC014824,1,30.45
gnazareth936@paytm,1,ACC014825,1,20.28
gayathrihari787@okaxis,1,ACC014826,2,35.35
sarkarjonathan628@okaxis,1,ACC014827,1,52.5
samesh94162@okhdfcbank,1,ACC014828,1,12.58
koshybishakha745@ybl,1,ACC014829,0,0.0
lila5086@paytm,1,ACC014830,0,0.0
ugill110@paytm,1,ACC014831,3,64.4
sandhukashvi107@okhdfcbank,1,ACC014832,0,0.0
anthony55494@okhdfcbank,1,ACC014833,2,359.08
vedakorpal54@oksbi,1,ACC014834,0,0.0
nayarsai586@paytm,1,ACC014835,2,54.6
andrewnarayanan387@okicici,1,ACC014836,0,0.0
chhabramanan794@okaxis,1,ACC014837,1,129.5
sankaranunni710@ybl,1,ACC014838,0,0.0
sidhuadvika223@ybl,1,ACC014839,0,0.0
facharya425@okaxis,1,ACC014840,2,46.88
shahlibni85@okaxis,1,ACC014841,0,0.0
sehgalarjun253@okaxis,1,ACC014842,1,17.5
qasimviswanathan739@paytm,1,ACC014843,0,0.0
thakerrachana542@okicici,1,ACC014844,0,0.0
wgera966@okicici,1,ACC014845,0,0.0
ibrahmbhatt307@okicici,1,ACC014846,0,0.0
samuel37811@oksbi,1,ACC014847,3,50.4
oliverwable517@okhdfcbank,1,ACC014848,0,0.0
xavier348@oksbi,1,ACC014849,2,27.39
tgoyal57@okaxis,1,ACC014850,4,84.56
netramahajan509@oksbi,1,ACC014851,0,0.0
dalaja42218@oksbi,1,ACC014852,1,30.45
ramankashvi570@okaxis,1,ACC014853,0,0.0
contractorudant27@ybl,1,ACC014854,1,2.8
vmody203@okaxis,1,ACC014855,6,191.05
bhatiaanusha170@okhdfcbank,1,ACC014856,2,36.4
miyer15@ybl,1,ACC014857,5,133.83
sroy723@okicici,1,ACC014858,2,47.23
amairakala74@ybl,1,ACC014859,0,0.0
tsarraf627@okhdfcbank,1,ACC014860,2,80.48
indrajitghosh286@paytm,1,ACC014861,2,22.1
wramesh651@paytm,1,ACC014862,3,109.88
abawa60@oksbi,1,ACC014863,0,0.0
rajeshribarad797@okicici,1,ACC014864,0,0.0
jairajpathak553@okicici,1,ACC014865,1,502.6
qsarraf262@paytm,1,ACC014866,3,96.23
parsawahab815@ybl,1,ACC014867,2,93.76
avni97259@oksbi,1,ACC014868,1,36.39
drege202@okaxis,1,ACC014869,4,122.83
nimrat25760@oksbi,1,ACC014870,1,77.68
wdutt431@oksbi,1,ACC014871,1,30.78
isastry352@okicici,1,ACC014872,0,0.0
zaid59157@okicici,1,ACC014873,1,29.03
nmitter382@okaxis,1,ACC014874,2,31.19
balveerroy936@okaxis,1,ACC014875,0,0.0
simonchakrabarti617@oksbi,1,ACC014876,2,234.85
chaman10373@paytm,1,ACC014877,1,35.0
wmand163@okicici,1,ACC014878,1,13.75
basakrudra224@okicici,1,ACC014879,2,564.69
aryadoshi945@okaxis,1,ACC014880,1,17.5
urishillashenoy124@oksbi,1,ACC014881,3,45.48
jonathanshankar487@okaxis,1,ACC014882,0,0.0
gavinjain906@paytm,1,ACC014883,0,0.0
hdeo898@paytm,1,ACC014884,2,73.7
ijaya38377@ybl,1,ACC014885,0,0.0
dmaharaj264@okicici,1,ACC014886,0,0.0
mannevedhika771@paytm,1,ACC014887,0,0.0
ovarma294@paytm,1,ACC014888,3,68.89
girik75837@okhdfcbank,1,ACC014889,1,40.95
chasmum75611@okaxis,1,ACC014890,2,130.18
routfalak529@oksbi,1,ACC014891,1,8.4
varmaindali342@oksbi,1,ACC014892,2,110.25
krishdhingra200@okhdfcbank,1,ACC014893,3,64.05
upadhritidhar54@okaxis,1,ACC014894,0,0.0
chowdhurymanya959@okaxis,1,ACC014895,0,0.0
maanavdeshmukh562@okhdfcbank,1,ACC014896,1,37.78
prashadoni215@ybl,1,ACC014897,0,0.0
zrajagopalan39@ybl,1,ACC014898,3,66.41
usaha139@ybl,1,ACC014899,1,40.95
hemangini98107@paytm,1,ACC014900,0,0.0
qsuresh864@okhdfcbank,1,ACC014901,0,0.0
krishnagoyal514@ybl,1,ACC014902,0,0.0
saanvitak671@ybl,1,ACC014903,0,0.0
ctaneja903@paytm,1,ACC014904,2,102.53
chandachandani964@okaxis,1,ACC014905,0,0.0
nitara89188@okicici,1,ACC014906,3,48.5
murtyaarnav233@okhdfcbank,1,ACC014907,0,0.0
guptasaumya837@ybl,1,ACC014908,3,137.88
charleshora333@okicici,1,ACC014909,4,85.38
nattabeer360@paytm,1,ACC014910,0,0.0
aashisawhney582@okaxis,1,ACC014911,4,148.03
svirk331@okaxis,1,ACC014912,1,54.95
osami650@paytm,1,ACC014913,2,22.48
nihalborra211@okhdfcbank,1,ACC014914,0,0.0
karanshan716@okicici,1,ACC014915,0,0.0
subramanianfalguni510@ybl,1,ACC014916,2,66.59
brindaagrawal438@ybl,1,ACC014917,1,20.28
vnair182@ybl,1,ACC014918,0,0.0
skhurana816@okaxis,1,ACC014919,0,0.0
tejasgaba225@okaxis,1,ACC014920,2,89.93
umajumdar584@oksbi,1,ACC014921,1,74.55
dareiravati211@oksbi,1,ACC014922,0,0.0
vartyzayyan349@ybl,1,ACC014923,1,87.5
ddeol654@ybl,1,ACC014924,2,48.12
yochana42337@okhdfcbank,1,ACC014925,1,7.0
frederickbabu94@okhdfcbank,1,ACC014926,2,134.75
vedikaraghavan298@okicici,1,ACC014927,0,0.0
mananshroff666@okaxis,1,ACC014928,1,40.25
yug8413@okicici,1,ACC014929,1,91.68
gsinha569@oksbi,1,ACC014930,2,157.5
amara57347@ybl,1,ACC014931,0,0.0
arin88305@okicici,1,ACC014932,0,0.0
upadhritidhar320@ybl,1,ACC014933,1,876.39
turvi63423@paytm,1,ACC014934,1,31.5
joshuagole332@okicici,1,ACC014935,1,17.5
ishanvimohan175@okhdfcbank,1,ACC014936,0,0.0
bhavani72804@oksbi,1,ACC014937,1,15.9
haldergautam731@okicici,1,ACC014938,4,81.51
semtarak972@ybl,1,ACC014939,1,9.73
boseira975@oksbi,1,ACC014940,0,0.0
udant53158@okaxis,1,ACC014941,0,0.0
ojasvipillay949@okaxis,1,ACC014942,0,0.0
vasana54442@okaxis,1,ACC014943,1,20.65
pranavnazareth764@paytm,1,ACC014944,0,0.0
jmann71@ybl,1,ACC014945,1,5.25
tsarraf602@okicici,1,ACC014946,1,13.65
dhritisura213@okhdfcbank,1,ACC014947,4,239.14
hiralkhurana364@paytm,1,ACC014948,0,0.0
xyadav917@okhdfcbank,1,ACC014949,1,16.78
khegde868@okhdfcbank,1,ACC014950,0,0.0
nazarethbalveer751@paytm,1,ACC014951,1,12.6
sharmanihal500@oksbi,1,ACC014952,1,30.78
ekalingakothari864@okaxis,1,ACC014953,0,0.0
daminichhabra888@ybl,1,ACC014954,2,41.3
anvi86244@oksbi,1,ACC014955,3,51.87
framachandran646@ybl,1,ACC014956,0,0.0
devika55624@paytm,1,ACC014957,0,0.0
nicholas3192@paytm,1,ACC014958,2,87.5
tparsa209@oksbi,1,ACC014959,5,306.03
zchaudhary136@okhdfcbank,1,ACC014960,1,37.78
vedika70715@okhdfcbank,1,ACC014961,0,0.0
esachdev417@ybl,1,ACC014962,0,0.0
ranbirmody901@okhdfcbank,1,ACC014963,2,129.46
itaneja296@okicici,1,ACC014964,1,40.95
gourchasmum445@okicici,1,ACC014965,1,20.28
babucharvi367@paytm,1,ACC014966,0,0.0
nidrahanda511@ybl,1,ACC014967,2,114.1
uvora482@okicici,1,ACC014968,1,17.15
pallaurishilla997@okaxis,1,ACC014969,2,17.06
schawla188@okaxis,1,ACC014970,1,23.08
zaitra01927@okicici,1,ACC014971,2,48.97
vasana58327@ybl,1,ACC014972,0,0.0
zehaanshenoy750@ybl,1,ACC014973,1,11.54
guneet85188@okhdfcbank,1,ACC014974,1,59.85
fredericksekhon36@okhdfcbank,1,ACC014975,1,33.95
rattiqarin51@okhdfcbank,1,ACC014976,1,59.15
alexanderramachandran671@okaxis,1,ACC014977,2,26.94
kbhakta420@paytm,1,ACC014978,0,0.0
rakshayadav828@okicici,1,ACC014979,0,0.0
bhatdhriti131@okhdfcbank,1,ACC014980,3,114.58
manan83657@okaxis,1,ACC014981,4,213.48
kadefaraj750@okhdfcbank,1,ACC014982,1,49.35
tmaster688@oksbi,1,ACC014983,1,4.37
raghav8668@okhdfcbank,1,ACC014984,3,75.3
aarush018@okhdfcbank,1,ACC014985,0,0.0
faras15522@oksbi,1,ACC014986,0,0.0
groverlaban511@okhdfcbank,1,ACC014987,1,79.1
sehgalcaleb528@oksbi,1,ACC014988,2,27.28
krishnadash384@ybl,1,ACC014989,1,40.25
indrajitrastogi967@okaxis,1,ACC014990,0,0.0
kadakiajai506@ybl,1,ACC014991,0,0.0
dhruv71292@paytm,1,ACC014992,1,278.23
iraborah838@oksbi,1,ACC014993,1,23.78
teerth53910@paytm,1,ACC014994,0,0.0
isaac67638@ybl,1,ACC014995,2,40.95
pallagauri276@okicici,1,ACC014996,0,0.0
sastryindali784@okhdfcbank,1,ACC014997,3,66.09
prishamukhopadhyay273@okaxis,1,ACC014998,2,94.0
wakeetarandhawa652@oksbi,1,ACC014999,0,0.0
tara38224@okaxis,1,ACC015000,1,28.0
fsachdeva829@paytm,1,ACC015001,0,0.0
xthakur228@okaxis,1,ACC015002,3,122.13
auroradhruv796@oksbi,1,ACC015003,2,43.33
anmolbera163@paytm,1,ACC015004,1,49.35
peridakshesh5@okaxis,1,ACC015005,1,8.06
gardekabir101@oksbi,1,ACC015006,1,105.0
mahajanforum192@okicici,1,ACC015007,0,0.0
hkala447@paytm,1,ACC015008,0,0.0
harshchhabra898@oksbi,1,ACC015009,0,0.0
joshuachahal993@oksbi,1,ACC015010,0,0.0
anamika57626@okaxis,1,ACC015011,1,17.5
roychristopher365@okhdfcbank,1,ACC015012,2,55.98
virajdugar585@oksbi,1,ACC015013,2,122.1
ladli17992@paytm,1,ACC015014,0,0.0
ymistry478@okaxis,1,ACC015015,0,0.0
iranadkarni575@okaxis,1,ACC015016,2,41.57
bsanghvi548@okicici,1,ACC015017,1,70.0
bishakhabajwa300@okicici,1,ACC015018,1,35.0
yashicadalia861@okaxis,1,ACC015019,3,43.14
edhitha01261@okhdfcbank,1,ACC015020,0,0.0
wjohal155@oksbi,1,ACC015021,1,164.27
lakshmi01148@okhdfcbank,1,ACC015022,0,0.0
shuklachampak881@oksbi,1,ACC015023,1,270.9
nimrat25827@okicici,1,ACC015024,1,13.65
lakshmi0939@oksbi,1,ACC015025,2,932.01
yashica49813@oksbi,1,ACC015026,2,173.22
uedwin502@oksbi,1,ACC015027,3,85.73
diyer553@paytm,1,ACC015028,2,137.53
ksankar542@okhdfcbank,1,ACC015029,1,29.1
nathaniel4232@oksbi,1,ACC015030,0,0.0
fkalita806@oksbi,1,ACC015031,2,46.9
nahluwalia368@oksbi,1,ACC015032,0,0.0
lajita64846@oksbi,1,ACC015033,2,226.1
mhanda285@okicici,1,ACC015034,1,17.15
dsant28@paytm,1,ACC015035,1,9.39
chasmumkhurana522@paytm,1,ACC015036,1,7.68
dswaminathan226@okaxis,1,ACC015037,1,16.58
bandiansh261@oksbi,1,ACC015038,0,0.0
sekhonnimrat654@okhdfcbank,1,ACC015039,3,186.53
mohanmichael643@okicici,1,ACC015040,1,59.85
anshkeer384@okaxis,1,ACC015041,3,67.88
geraikbal981@okicici,1,ACC015042,0,0.0
thomas28224@okhdfcbank,1,ACC015043,1,20.65
skalla22@okicici,1,ACC015044,0,0.0
ekapad89846@okaxis,1,ACC015045,1,8.48
ramaswamyharrison840@okicici,1,ACC015046,0,0.0
ishanvi82402@okicici,1,ACC015047,3,94.11
balendra06185@ybl,1,ACC015048,5,216.62
dverma677@okaxis,1,ACC015049,0,0.0
aptebalvan41@paytm,1,ACC015050,5,134.03
kbanik346@okhdfcbank,1,ACC015051,1,79.1
banjeet64139@paytm,1,ACC015052,2,72.87
sekhonom72@okhdfcbank,1,ACC015053,0,0.0
ethakkar25@paytm,1,ACC015054,4,79.61
bhavnasolanki576@ybl,1,ACC015055,1,30.78
radha44546@okaxis,1,ACC015056,1,40.95
egupta490@oksbi,1,ACC015057,0,0.0
benjamintaneja789@okhdfcbank,1,ACC015058,0,0.0
vmukherjee890@oksbi,1,ACC015059,0,0.0
valaamol223@ybl,1,ACC015060,1,70.0
yoshitapadmanabhan261@paytm,1,ACC015061,0,0.0
diyahans947@paytm,1,ACC015062,5,376.93
zarnasidhu755@okaxis,1,ACC015063,0,0.0
dartara248@okaxis,1,ACC015064,1,20.28
gmenon768@okicici,1,ACC015065,0,0.0
msoman29@okaxis,1,ACC015066,2,37.06
gabriel03409@okicici,1,ACC015067,1,87.5
ekajavarghese331@ybl,1,ACC015068,1,9.34
babumason840@okicici,1,ACC015069,5,113.71
beditriya45@okhdfcbank,1,ACC015070,0,0.0
iyengarrudra469@ybl,1,ACC015071,0,0.0
dominic04643@oksbi,1,ACC015072,3,182.0
chandran09950@oksbi,1,ACC015073,1,17.15
brinda13944@okicici,1,ACC015074,0,0.0
tanay57557@ybl,1,ACC015075,0,0.0
jagdish00781@paytm,1,ACC015076,0,0.0
naveennagarajan116@ybl,1,ACC015077,0,0.0
anmol23130@ybl,1,ACC015078,1,37.78
hbarad524@okicici,1,ACC015079,1,98.0
jacobbhatnagar207@okhdfcbank,1,ACC015080,0,0.0
vasatikashroff235@okicici,1,ACC015081,4,87.94
wsachdev377@paytm,1,ACC015082,0,0.0
pallavi29259@okicici,1,ACC015083,1,37.78
banjeetdeep585@okhdfcbank,1,ACC015084,1,20.65
balhaarbhagat775@ybl,1,ACC015085,2,197.03
bkaul246@paytm,1,ACC015086,2,93.06
csarkar528@paytm,1,ACC015087,1,9.08
samarajata876@okicici,1,ACC015088,1,30.45
vasarohan341@okaxis,1,ACC015089,1,536.36
chandbanjeet939@okaxis,1,ACC015090,0,0.0
nandasaanvi703@okaxis,1,ACC015091,0,0.0
dayitagoswami795@oksbi,1,ACC015092,2,83.3
dnadkarni41@ybl,1,ACC015093,3,62.24
kevin83733@oksbi,1,ACC015094,1,20.65
janani35490@oksbi,1,ACC015095,1,20.65
jbobal689@paytm,1,ACC015096,2,135.95
hmanne945@okicici,1,ACC015097,1,16.78
virkanusha109@ybl,1,ACC015098,0,0.0
thamankiaan329@paytm,1,ACC015099,2,138.86
rajansara10@paytm,1,ACC015100,1,14.0
mandalxavier368@okhdfcbank,1,ACC015101,1,70.44
merchantshaurya355@okicici,1,ACC015102,1,37.78
zayyan10212@okhdfcbank,1,ACC015103,2,173.23
fkumar109@okhdfcbank,1,ACC015104,1,11.9
radhika21851@paytm,1,ACC015105,1,33.95
kavyapalla209@okicici,1,ACC015106,0,0.0
hgarde201@ybl,1,ACC015107,0,0.0
vbatta947@okaxis,1,ACC015108,5,100.37
dchhabra21@paytm,1,ACC015109,0,0.0
etavenkatesh149@okicici,1,ACC015110,0,0.0
bahldakshesh809@okicici,1,ACC015111,0,0.0
bakhshi91236@okhdfcbank,1,ACC015112,0,0.0
daraguneet442@paytm,1,ACC015113,2,45.38
bansalvrishti101@okicici,1,ACC015114,0,0.0
jananinadkarni508@ybl,1,ACC015115,0,0.0
dbaria224@oksbi,1,ACC015116,3,96.21
amolacharya806@paytm,1,ACC015117,3,144.88
yatanaggarwal643@okaxis,1,ACC015118,1,39.55
daminivohra351@okhdfcbank,1,ACC015119,1,10.15
ukurian566@okicici,1,ACC015120,0,0.0
vincent86545@okicici,1,ACC015121,0,0.0
lipika10931@okhdfcbank,1,ACC015122,1,20.65
mohancharan595@oksbi,1,ACC015123,1,11.1
maxchakraborty130@okicici,1,ACC015124,0,0.0
bhaktavictor929@paytm,1,ACC015125,2,98.27
ishanviwadhwa254@okhdfcbank,1,ACC015126,3,117.25
santtanish156@paytm,1,ACC015127,0,0.0
nakul48491@okicici,1,ACC015128,0,0.0
isaac80947@ybl,1,ACC015129,0,0.0
kiaanbajaj306@okhdfcbank,1,ACC015130,1,73.48
kashvinarula215@okicici,1,ACC015131,1,45.48
zsaini729@okaxis,1,ACC015132,0,0.0
nsankaran825@ybl,1,ACC015133,3,166.93
rajagopalannicholas950@paytm,1,ACC015134,2,50.03
pranit91629@paytm,1,ACC015135,0,0.0
faris32177@ybl,1,ACC015136,4,101.79
lwalla182@paytm,1,ACC015137,3,53.32
harrisontoor46@okicici,1,ACC015138,1,9.0
misrafaras74@okhdfcbank,1,ACC015139,4,107.8
cdass175@oksbi,1,ACC015140,1,5.25
lajitalalla249@okicici,1,ACC015141,5,211.05
wadhwaneel706@okaxis,1,ACC015142,1,40.95
lakshdeol651@paytm,1,ACC015143,0,0.0
raihemangini492@okaxis,1,ACC015144,0,0.0
chandreshmore5@okicici,1,ACC015145,0,0.0
dharnidhi622@paytm,1,ACC015146,1,10.83
gunbir64875@paytm,1,ACC015147,2,20.05
kalemanthan497@paytm,1,ACC015148,1,74.55
advikkrish60@okaxis,1,ACC015149,0,0.0
lakshmi10235@oksbi,1,ACC015150,2,61.6
tom962@okicici,1,ACC015151,0,0.0
kothariamaira606@okhdfcbank,1,ACC015152,4,89.83
nandazinal680@okicici,1,ACC015153,2,99.4
meghana76800@ybl,1,ACC015154,0,0.0
bhagatgaurika155@oksbi,1,ACC015155,1,9.98
patwal947@oksbi,1,ACC015156,0,0.0
ridhimander881@oksbi,1,ACC015157,0,0.0
tanejaguneet792@okicici,1,ACC015158,0,0.0
fshanker740@paytm,1,ACC015159,0,0.0
gsekhon944@paytm,1,ACC015160,5,127.03
zarnasankaran864@ybl,1,ACC015161,1,35.0
ysagar199@okicici,1,ACC015162,3,69.45
vedhikabatta890@okicici,1,ACC015163,0,0.0
zayanbhagat844@okaxis,1,ACC015164,2,41.3
goswamiabeer762@paytm,1,ACC015165,5,168.15
abeer58901@okicici,1,ACC015166,0,0.0
kharenaksh694@okhdfcbank,1,ACC015167,1,106.38
horaamaira575@ybl,1,ACC015168,1,37.97
chandabaghyawati978@okhdfcbank,1,ACC015169,0,0.0
dayamaichandra538@ybl,1,ACC015170,2,55.28
kapurhemangini752@okaxis,1,ACC015171,1,49.17
sodhijatin242@okhdfcbank,1,ACC015172,4,210.68
edara223@okaxis,1,ACC015173,1,22.55
hcomar814@oksbi,1,ACC015174,2,75.95
benjaminraman759@okicici,1,ACC015175,0,0.0
bhallateerth838@paytm,1,ACC015176,2,59.81
ncontractor917@ybl,1,ACC015177,3,52.68
vasudhapalla90@ybl,1,ACC015178,2,108.13
chaudhryfalak293@ybl,1,ACC015179,0,0.0
vedika1157@paytm,1,ACC015180,0,0.0
suraeiravati778@paytm,1,ACC015181,0,0.0
faraj62645@oksbi,1,ACC015182,0,0.0
jaggiom773@okaxis,1,ACC015183,1,148.73
ndubey766@oksbi,1,ACC015184,0,0.0
goswamibarkha797@okaxis,1,ACC015185,5,480.55
upkaar14517@okaxis,1,ACC015186,0,0.0
yauvani12720@okhdfcbank,1,ACC015187,2,26.23
ravalaradhana725@okhdfcbank,1,ACC015188,4,357.67
nandra717@oksbi,1,ACC015189,2,97.98
cdara399@oksbi,1,ACC015190,1,30.78
karnikhemani672@okaxis,1,ACC015191,3,94.83
jyotinaik280@paytm,1,ACC015192,0,0.0
kamdarnikita627@okaxis,1,ACC015193,0,0.0
om41859@okaxis,1,ACC015194,2,93.76
hemanggera655@okaxis,1,ACC015195,3,58.62
amruta02349@ybl,1,ACC015196,1,98.0
patlaabhiram656@paytm,1,ACC015197,1,12.58
vohratanmayi768@paytm,1,ACC015198,0,0.0
kalitavihaan923@okhdfcbank,1,ACC015199,0,0.0
bhaktaaachal217@ybl,1,ACC015200,1,35.0
nkata305@oksbi,1,ACC015201,0,0.0
geetika85883@ybl,1,ACC015202,1,15.57
yashica42921@okicici,1,ACC015203,5,128.06
csama431@okicici,1,ACC015204,1,40.95
radhikashenoy927@ybl,1,ACC015205,1,11.9
ethan57174@okaxis,1,ACC015206,1,20.65
dugalpooja769@oksbi,1,ACC015207,4,226.8
raghav76172@okhdfcbank,1,ACC015208,0,0.0
rachanaratti988@ybl,1,ACC015209,1,20.28
dorafiyaz813@oksbi,1,ACC015210,0,0.0
kumerzaitra779@ybl,1,ACC015211,1,63.33
patrick73620@okhdfcbank,1,ACC015212,0,0.0
johalyashica996@okhdfcbank,1,ACC015213,3,43.74
wvig498@okicici,1,ACC015214,3,66.19
choudharywazir731@okaxis,1,ACC015215,3,80.3
kalelaban530@ybl,1,ACC015216,2,85.38
niharika19393@okhdfcbank,1,ACC015217,0,0.0
sbains147@oksbi,1,ACC015218,0,0.0
ywali388@ybl,1,ACC015219,1,23.97
cherianjagvi936@oksbi,1,ACC015220,0,0.0
ojasvi34428@okhdfcbank,1,ACC015221,1,22.59
dkrishnan786@okicici,1,ACC015222,1,17.15
devika09953@okicici,1,ACC015223,0,0.0
amritayadav39@oksbi,1,ACC015224,1,49.17
gaurangi75341@okhdfcbank,1,ACC015225,0,0.0
girindra6646@paytm,1,ACC015226,0,0.0
masonnatarajan13@ybl,1,ACC015227,3,181.26
devikabahri681@paytm,1,ACC015228,0,0.0
vyasmohammed29@okhdfcbank,1,ACC015229,1,8.08
msachdev426@paytm,1,ACC015230,0,0.0
krishurishilla489@paytm,1,ACC015231,0,0.0
sureshanamika198@okicici,1,ACC015232,2,25.64
magarsneha968@ybl,1,ACC015233,0,0.0
udant43826@paytm,1,ACC015234,0,0.0
ekantika71118@oksbi,1,ACC015235,1,30.78
zbrahmbhatt803@okaxis,1,ACC015236,0,0.0
karansuhani138@ybl,1,ACC015237,1,20.65
irya53759@okaxis,1,ACC015238,2,49.77
khoslaunni275@okicici,1,ACC015239,1,40.95
xsaxena250@ybl,1,ACC015240,3,255.13
advayshere48@okicici,1,ACC015241,0,0.0
hemang5279@okicici,1,ACC015242,2,33.93
qbaral193@okaxis,1,ACC015243,1,10.15
prabhakarzaitra467@okicici,1,ACC015244,2,55.65
ygoswami723@ybl,1,ACC015245,1,16.78
tverma641@paytm,1,ACC015246,1,20.28
tristan956@okaxis,1,ACC015247,1,36.39
aarna48979@oksbi,1,ACC015248,0,0.0
brarmohini716@okicici,1,ACC015249,3,89.56
ojasvisolanki185@oksbi,1,ACC015250,0,0.0
akshayborde84@okhdfcbank,1,ACC015251,2,50.71
uvasa249@paytm,1,ACC015252,0,0.0
pallavipatla159@okaxis,1,ACC015253,0,0.0
shahmaanas900@paytm,1,ACC015254,0,0.0
jeevika49661@okaxis,1,ACC015255,0,0.0
kalahredhaan938@okicici,1,ACC015256,0,0.0
gilladvay956@oksbi,1,ACC015257,1,17.15
lhanda250@okaxis,1,ACC015258,3,317.83
dakshamangal971@ybl,1,ACC015259,0,0.0
warjasgarg397@okaxis,1,ACC015260,2,49.68
ekapadsachdev660@okhdfcbank,1,ACC015261,0,0.0
odika26612@okaxis,1,ACC015262,2,103.07
samar49169@oksbi,1,ACC015263,1,14.33
rushil99995@oksbi,1,ACC015264,1,12.58
oraju618@okicici,1,ACC015265,1,25.53
osidhu679@okhdfcbank,1,ACC015266,4,216.53
kundamohini661@okhdfcbank,1,ACC015267,4,141.02
aadi93125@okaxis,1,ACC015268,1,20.65
lgala206@oksbi,1,ACC015269,0,0.0
udhaliwal897@oksbi,1,ACC015270,2,54.93
finnguha524@okaxis,1,ACC015271,1,12.58
sarthak62276@okhdfcbank,1,ACC015272,2,88.89
asehgal458@okicici,1,ACC015273,1,87.5
kalaridhi141@paytm,1,ACC015274,3,80.48
nathanielmalhotra303@ybl,1,ACC015275,4,110.64
varshabadami504@oksbi,1,ACC015276,0,0.0
singhaltanveer187@okhdfcbank,1,ACC015277,2,82.6
turvibabu669@oksbi,1,ACC015278,2,39.2
chaudharidamyanti289@paytm,1,ACC015279,1,17.15
maanav85907@paytm,1,ACC015280,3,110.56
dominicdada831@okicici,1,ACC015281,3,50.45
brinda9916@okaxis,1,ACC015282,1,10.15
niharikavarma63@oksbi,1,ACC015283,0,0.0
erana83@ybl,1,ACC015284,0,0.0
neelima33766@okhdfcbank,1,ACC015285,0,0.0
choudhurydhriti798@oksbi,1,ACC015286,0,0.0
saneyashodhara522@oksbi,1,ACC015287,1,18.88
uvig235@okicici,1,ACC015288,0,0.0
tanmayi62610@ybl,1,ACC015289,2,78.73
baljiwan29614@ybl,1,ACC015290,1,8.71
champak08828@ybl,1,ACC015291,0,0.0
bhagatkrishna716@okhdfcbank,1,ACC015292,4,106.69
bhatiasaanvi940@okicici,1,ACC015293,2,69.28
lalamrita424@okhdfcbank,1,ACC015294,2,47.36
rkarnik385@paytm,1,ACC015295,1,10.15
anaykrishna106@oksbi,1,ACC015296,1,13.13
jhalak19903@paytm,1,ACC015297,0,0.0
akalita696@oksbi,1,ACC015298,1,35.0
avibhavsar860@okhdfcbank,1,ACC015299,2,77.51
sarmaharsh246@okhdfcbank,1,ACC015300,1,111.12
hritikchaudhari978@ybl,1,ACC015301,0,0.0
baralomisha863@okhdfcbank,1,ACC015302,0,0.0
yogifaqid851@okicici,1,ACC015303,4,363.63
llala917@okicici,1,ACC015304,0,0.0
nadkarnimax140@okhdfcbank,1,ACC015305,3,39.35
ekantaarora983@paytm,1,ACC015306,1,79.1
ndasgupta736@paytm,1,ACC015307,2,29.71
agrawalfarhan719@ybl,1,ACC015308,0,0.0
chandpatrick609@ybl,1,ACC015309,1,117.25
sanya48820@okicici,1,ACC015310,1,20.65
warriorabhimanyu900@ybl,1,ACC015311,0,0.0
divangirindra57@okhdfcbank,1,ACC015312,0,0.0
ishapalla934@paytm,1,ACC015313,1,155.75
joshuakumer577@ybl,1,ACC015314,0,0.0
sarrafzilmil106@okicici,1,ACC015315,3,315.31
lallaodika715@paytm,1,ACC015316,1,3.64
dinindira106@oksbi,1,ACC015317,0,0.0
fiyaz40620@okhdfcbank,1,ACC015318,2,52.85
shethishani648@paytm,1,ACC015319,0,0.0
fdyal776@paytm,1,ACC015320,1,87.5
rsachdev432@paytm,1,ACC015321,1,19.07
dasbalhaar130@paytm,1,ACC015322,4,137.2
reyanshmander648@okhdfcbank,1,ACC015323,1,26.25
charzayan927@ybl,1,ACC015324,4,155.9
ubasak820@ybl,1,ACC015325,3,194.15
tbose104@okhdfcbank,1,ACC015326,1,35.0
ranveerjoshi178@oksbi,1,ACC015327,3,122.67
yachana10436@paytm,1,ACC015328,2,33.21
khuranakamya82@okicici,1,ACC015329,0,0.0
netravarkey927@okhdfcbank,1,ACC015330,1,8.24
reyanshsampath140@ybl,1,ACC015331,2,47.95
anirudhmerchant289@okicici,1,ACC015332,3,52.15
magarjonathan158@ybl,1,ACC015333,0,0.0
varughesehenry380@okicici,1,ACC015334,2,118.99
amblevyanjana679@okicici,1,ACC015335,0,0.0
radha32933@paytm,1,ACC015336,1,64.73
bsawhney299@okaxis,1,ACC015337,0,0.0
jkaul831@oksbi,1,ACC015338,5,232.18
hbahl586@okhdfcbank,1,ACC015339,0,0.0
bhatwyatt333@ybl,1,ACC015340,3,227.81
bhavanipandey597@okaxis,1,ACC015341,1,15.57
ozaurmi642@paytm,1,ACC015342,1,12.58
trivenichaudry456@okicici,1,ACC015343,1,9.08
thakkarlibni266@okaxis,1,ACC015344,4,839.79
ekaja10501@paytm,1,ACC015345,0,0.0
azadborah726@paytm,1,ACC015346,0,0.0
vdash503@okicici,1,ACC015347,1,18.9
gardemohammed351@paytm,1,ACC015348,2,30.63
ztaneja863@okhdfcbank,1,ACC015349,2,18.02
ikbaloommen537@okaxis,1,ACC015350,1,7.19
ekansh2539@okhdfcbank,1,ACC015351,4,337.23
sinhazashil582@okicici,1,ACC015352,2,133.33
perimanthan125@paytm,1,ACC015353,3,583.25
lakshitdeshpande322@okaxis,1,ACC015354,0,0.0
vverma741@oksbi,1,ACC015355,1,38.13
jairajray265@okicici,1,ACC015356,1,55.98
rwali266@ybl,1,ACC015357,1,13.98
balithomas651@okaxis,1,ACC015358,1,47.23
bakhshibanik788@ybl,1,ACC015359,2,98.33
megha47576@okaxis,1,ACC015360,1,17.5
samaksh9236@ybl,1,ACC015361,0,0.0
vansha79770@ybl,1,ACC015362,1,91.0
khalsamekhala449@ybl,1,ACC015363,1,29.4
ronithghosh401@oksbi,1,ACC015364,3,56.33
suhani94424@okaxis,1,ACC015365,0,0.0
xdate436@okhdfcbank,1,ACC015366,0,0.0
ikapadia253@okicici,1,ACC015367,0,0.0
ssanghvi971@oksbi,1,ACC015368,1,35.17
forumgole321@okaxis,1,ACC015369,0,0.0
godabakhshi460@okhdfcbank,1,ACC015370,3,166.95
hredhaan95341@ybl,1,ACC015371,0,0.0
ojasvi2953@ybl,1,ACC015372,1,8.57
lkadakia117@oksbi,1,ACC015373,1,73.48
eiravatidyal547@ybl,1,ACC015374,1,16.78
omya31276@paytm,1,ACC015375,2,118.26
bdayal209@okaxis,1,ACC015376,0,0.0
kalpit48137@ybl,1,ACC015377,4,217.68
udyatisekhon915@oksbi,1,ACC015378,1,4.93
matthewlata473@ybl,1,ACC015379,0,0.0
cpanchal127@paytm,1,ACC015380,1,17.15
darafaris606@oksbi,1,ACC015381,4,73.2
sneha18309@okicici,1,ACC015382,1,20.65
csahota516@oksbi,1,ACC015383,0,0.0
ranveer72828@okicici,1,ACC015384,0,0.0
rayaandutta324@okaxis,1,ACC015385,0,0.0
narangnicholas167@ybl,1,ACC015386,1,20.65
kevin00987@okicici,1,ACC015387,0,0.0
anika95599@okhdfcbank,1,ACC015388,1,59.85
nairtriya235@okicici,1,ACC015389,0,0.0
mangatmanbir483@oksbi,1,ACC015390,0,0.0
peter06662@okicici,1,ACC015391,1,15.4
cpadmanabhan86@okhdfcbank,1,ACC015392,1,6.08
jmunshi440@okicici,1,ACC015393,2,30.07
wsubramanian938@okhdfcbank,1,ACC015394,0,0.0
sehgaltripti89@oksbi,1,ACC015395,1,14.0
fluthra170@ybl,1,ACC015396,1,11.9
tkeer817@paytm,1,ACC015397,1,216.53
ishitakorpal586@okhdfcbank,1,ACC015398,0,0.0
benrajeshri102@okhdfcbank,1,ACC015399,1,73.48
fdas185@paytm,1,ACC015400,2,77.7
chandupkaar528@okhdfcbank,1,ACC015401,1,73.48
baghyawatitripathi706@okhdfcbank,1,ACC015402,5,190.97
aachalmore597@okicici,1,ACC015403,1,20.65
hemang631@ybl,1,ACC015404,0,0.0
vamakshi97967@ybl,1,ACC015405,0,0.0
yahvisur564@ybl,1,ACC015406,0,0.0
xbadal931@ybl,1,ACC015407,0,0.0
jackson35232@okicici,1,ACC015408,2,44.06
zarna02390@oksbi,1,ACC015409,0,0.0
neelimanagi327@ybl,1,ACC015410,0,0.0
sanyatata83@okaxis,1,ACC015411,0,0.0
ekbal01584@ybl,1,ACC015412,0,0.0
aryasaanvi758@ybl,1,ACC015413,1,31.13
reyansh35212@okaxis,1,ACC015414,1,40.95
harinakshimerchant322@okhdfcbank,1,ACC015415,0,0.0
gaurangbanerjee866@okhdfcbank,1,ACC015416,0,0.0
diptasunder839@okaxis,1,ACC015417,1,17.87
svora848@ybl,1,ACC015418,2,41.3
sbera318@okaxis,1,ACC015419,1,40.95
rmenon534@paytm,1,ACC015420,2,52.15
indalisama730@paytm,1,ACC015421,0,0.0
yahvirege779@paytm,1,ACC015422,1,8.4
cmani377@okhdfcbank,1,ACC015423,1,81.18
opillai343@okaxis,1,ACC015424,1,37.97
onkar3458@okicici,1,ACC015425,1,12.58
osunder953@okaxis,1,ACC015426,0,0.0
yasti05223@paytm,1,ACC015427,0,0.0
ylad418@okicici,1,ACC015428,2,23.3
kapooridika381@ybl,1,ACC015429,0,0.0
ywalia797@paytm,1,ACC015430,2,46.45
gayathri0650@okicici,1,ACC015431,0,0.0
rayaan21951@paytm,1,ACC015432,4,167.69
falanraja256@oksbi,1,ACC015433,0,0.0
manyakrishna506@okhdfcbank,1,ACC015434,1,1017.78
gaurigoswami783@paytm,1,ACC015435,1,2.8
nirja34685@okhdfcbank,1,ACC015436,2,34.65
bathinaya634@okhdfcbank,1,ACC015437,4,281.75
kamya8281@paytm,1,ACC015438,0,0.0
ati9090@ybl,1,ACC015439,0,0.0
ekbal17748@oksbi,1,ACC015440,5,171.15
doctorwridesh504@oksbi,1,ACC015441,1,10.15
xavierbrahmbhatt845@okicici,1,ACC015442,1,56.33
atipatil741@oksbi,1,ACC015443,0,0.0
dakshmanda175@okaxis,1,ACC015444,1,1061.05
azaanmutti414@oksbi,1,ACC015445,1,16.78
nagyurvashi715@okhdfcbank,1,ACC015446,1,70.0
anikaoak626@paytm,1,ACC015447,0,0.0
hemal01674@okicici,1,ACC015448,0,0.0
nitara56914@okhdfcbank,1,ACC015449,1,20.28
dgera639@okaxis,1,ACC015450,0,0.0
teerthgrewal189@okaxis,1,ACC015451,1,23.78
reddyyauvani79@okhdfcbank,1,ACC015452,0,0.0
manedarsh299@paytm,1,ACC015453,0,0.0
zaitrabassi270@oksbi,1,ACC015454,1,502.6
panchalradhika799@okhdfcbank,1,ACC015455,1,98.0
gayathri33324@okaxis,1,ACC015456,3,125.3
vyohannan299@okhdfcbank,1,ACC015457,1,35.0
cnagarajan875@paytm,1,ACC015458,0,0.0
yadavimahal51@paytm,1,ACC015459,0,0.0
caleb5781@okaxis,1,ACC015460,1,5.25
pahalpillai569@oksbi,1,ACC015461,0,0.0
mdeshpande920@ybl,1,ACC015462,0,0.0
tnagar385@okicici,1,ACC015463,0,0.0
taraksachdeva944@oksbi,1,ACC015464,0,0.0
mahalaashi943@paytm,1,ACC015465,1,11.9
flad245@okaxis,1,ACC015466,2,206.19
dhruv7367@okaxis,1,ACC015467,1,37.78
brahmbhattdevika962@okhdfcbank,1,ACC015468,1,13.65
lavanyachacko75@okhdfcbank,1,ACC015469,3,110.53
vasatikachacko10@ybl,1,ACC015470,2,37.08
lakshit60756@ybl,1,ACC015471,2,77.24
yatanom511@okicici,1,ACC015472,1,19.6
horaaradhana727@paytm,1,ACC015473,3,217.33
chavvirama964@oksbi,1,ACC015474,0,0.0
eesha57449@oksbi,1,ACC015475,1,17.15
gdayal116@okaxis,1,ACC015476,2,116.88
udyatikota836@ybl,1,ACC015477,0,0.0
galaupma265@okaxis,1,ACC015478,0,0.0
kevin14951@ybl,1,ACC015479,1,13.65
wsinha589@okicici,1,ACC015480,0,0.0
farisgade469@okaxis,1,ACC015481,0,0.0
thamanpooja728@okhdfcbank,1,ACC015482,0,0.0
oakaarnav577@oksbi,1,ACC015483,5,193.5
bhavanisha370@okaxis,1,ACC015484,1,79.1
pooja09564@okaxis,1,ACC015485,1,54.57
epandey375@oksbi,1,ACC015486,0,0.0
forum76250@ybl,1,ACC015487,1,16.78
sarnachatura140@okhdfcbank,1,ACC015488,3,84.62
qmannan683@okaxis,1,ACC015489,0,0.0
zthaker387@okhdfcbank,1,ACC015490,3,161.5
anirudh69873@okicici,1,ACC015491,0,0.0
qbuch55@okaxis,1,ACC015492,1,40.95
murthysachi822@okicici,1,ACC015493,1,137.82
aayush49219@okaxis,1,ACC015494,3,42.85
maanas64384@ybl,1,ACC015495,0,0.0
obora721@okhdfcbank,1,ACC015496,5,181.96
sanyasagar136@oksbi,1,ACC015497,2,154.35
nbiswas939@okaxis,1,ACC015498,1,83.03
katajeet370@ybl,1,ACC015499,2,156.96
omajathaman723@okicici,1,ACC015500,0,0.0
mallickharita23@paytm,1,ACC015501,0,0.0
gabriel74964@ybl,1,ACC015502,2,85.38
chaturaratti336@okicici,1,ACC015503,1,17.13
anamika50634@okhdfcbank,1,ACC015504,2,185.83
ykrishnamurthy875@ybl,1,ACC015505,1,19.07
vanya2744@paytm,1,ACC015506,1,12.93
miteshmahajan568@okaxis,1,ACC015507,3,99.32
prishakrishnan742@oksbi,1,ACC015508,1,407.73
mandfiyaz6@oksbi,1,ACC015509,1,9.86
lalageorge332@okicici,1,ACC015510,0,0.0
dev51213@okaxis,1,ACC015511,1,12.24
chanchaldora654@okaxis,1,ACC015512,1,26.95
anika62281@okicici,1,ACC015513,1,17.15
ria23947@paytm,1,ACC015514,1,11.9
cheemayatan625@okaxis,1,ACC015515,1,18.2
frado21438@okhdfcbank,1,ACC015516,2,61.58
timothyyogi15@okicici,1,ACC015517,5,94.4
dhingraandrew991@okhdfcbank,1,ACC015518,5,159.93
qaggarwal482@okicici,1,ACC015519,3,533.71
yashica09517@okaxis,1,ACC015520,0,0.0
manya9932@paytm,1,ACC015521,2,73.15
ayaan1129@ybl,1,ACC015522,1,77.7
saiben87@okaxis,1,ACC015523,0,0.0
chanakya30229@oksbi,1,ACC015524,1,20.28
gram624@okaxis,1,ACC015525,1,17.5
yashvi57717@okicici,1,ACC015526,0,0.0
ipalan978@oksbi,1,ACC015527,1,9.08
fkhare118@okaxis,1,ACC015528,2,126.31
ukhosla872@okhdfcbank,1,ACC015529,0,0.0
cvohra408@paytm,1,ACC015530,2,41.9
bkota528@okicici,1,ACC015531,2,49.7
mandaanay670@oksbi,1,ACC015532,0,0.0
shravya49612@okaxis,1,ACC015533,1,13.63
umorar996@okicici,1,ACC015534,2,72.78
jkota476@okicici,1,ACC015535,5,137.84
kdin88@okhdfcbank,1,ACC015536,0,0.0
onveer59426@ybl,1,ACC015537,1,40.95
uprakash862@okaxis,1,ACC015538,1,26.95
tanvibatta224@oksbi,1,ACC015539,0,0.0
kumeragastya459@paytm,1,ACC015540,4,195.26
virajsawhney646@ybl,1,ACC015541,0,0.0
mannanveda420@paytm,1,ACC015542,2,57.73
isaiah7666@oksbi,1,ACC015543,1,12.58
pallpranit427@okhdfcbank,1,ACC015544,0,0.0
gautamianand795@okaxis,1,ACC015545,1,20.65
lparmer496@okaxis,1,ACC015546,1,98.0
tristan96821@paytm,1,ACC015547,1,17.5
ethanshankar857@paytm,1,ACC015548,1,29.03
qarya510@okhdfcbank,1,ACC015549,0,0.0
zwarrior209@paytm,1,ACC015550,1,35.0
riyasastry41@okaxis,1,ACC015551,2,164.5
ekapadpurohit261@okaxis,1,ACC015552,1,40.95
balhaar07526@okicici,1,ACC015553,0,0.0
valachandran954@paytm,1,ACC015554,1,17.15
xnagy600@okicici,1,ACC015555,1,317.78
qkaran656@okicici,1,ACC015556,0,0.0
uyadav115@okicici,1,ACC015557,1,9.08
modyvritti575@okhdfcbank,1,ACC015558,4,124.46
tanveerdin489@okhdfcbank,1,ACC015559,0,0.0
horaupkaar185@okhdfcbank,1,ACC015560,1,40.95
wridesh77134@oksbi,1,ACC015561,1,23.78
ogulati808@ybl,1,ACC015562,1,319.18
hritik45154@okicici,1,ACC015563,1,59.85
ravelaadhya976@ybl,1,ACC015564,0,0.0
sureshjackson141@okaxis,1,ACC015565,0,0.0
tchokshi504@ybl,1,ACC015566,0,0.0
bina36636@ybl,1,ACC015567,0,0.0
tamanna01270@okhdfcbank,1,ACC015568,0,0.0
abdulmutti847@oksbi,1,ACC015569,2,30.78
teerth22278@paytm,1,ACC015570,1,386.4
cpatil991@okhdfcbank,1,ACC015571,0,0.0
bimalaravi321@okhdfcbank,1,ACC015572,2,654.48
sridharhardik640@okhdfcbank,1,ACC015573,0,0.0
chaudhariwahab135@okaxis,1,ACC015574,0,0.0
nchawla139@ybl,1,ACC015575,1,12.58
somishwar664@okaxis,1,ACC015576,2,65.07
eshana84903@oksbi,1,ACC015577,0,0.0
fganesh470@okicici,1,ACC015578,2,61.56
ramarachita869@okhdfcbank,1,ACC015579,5,362.94
zinal13710@okaxis,1,ACC015580,1,26.95
abhamital287@oksbi,1,ACC015581,0,0.0
liyengar355@oksbi,1,ACC015582,1,37.78
sanyabatra609@oksbi,1,ACC015583,0,0.0
sahotabalveer321@oksbi,1,ACC015584,0,0.0
bina15492@oksbi,1,ACC015585,0,0.0
rehaanpalla67@paytm,1,ACC015586,4,109.06
lilachaudhari541@paytm,1,ACC015587,0,0.0
deedhitha425@okicici,1,ACC015588,0,0.0
imaranbail980@okaxis,1,ACC015589,0,0.0
xbiswas607@okicici,1,ACC015590,0,0.0
venkataramanlaban150@okhdfcbank,1,ACC015591,3,66.46
vaidyahamsini218@okicici,1,ACC015592,0,0.0
ranbir23733@okhdfcbank,1,ACC015593,4,155.57
sswaminathan789@okicici,1,ACC015594,1,10.15
vkarpe630@paytm,1,ACC015595,0,0.0
veershukla481@okicici,1,ACC015596,1,20.65
janya62917@paytm,1,ACC015597,2,49.0
adya01514@okicici,1,ACC015598,3,125.98
osinghal381@paytm,1,ACC015599,0,0.0
upma77250@paytm,1,ACC015600,0,0.0
saanviravi410@ybl,1,ACC015601,3,142.11
balanicholas156@paytm,1,ACC015602,0,0.0
kvasa169@okaxis,1,ACC015603,0,0.0
narasimhanudarsh342@okicici,1,ACC015604,2,55.3
asahni883@ybl,1,ACC015605,0,0.0
chavvi07367@oksbi,1,ACC015606,1,29.03
atwalumang145@paytm,1,ACC015607,2,37.79
suleadweta811@okhdfcbank,1,ACC015608,1,140.0
indalimahal873@paytm,1,ACC015609,1,285.6
berayadavi195@paytm,1,ACC015610,0,0.0
saisachdeva289@okaxis,1,ACC015611,0,0.0
adweta14357@ybl,1,ACC015612,0,0.0
brinda48600@oksbi,1,ACC015613,1,79.1
janani76259@paytm,1,ACC015614,2,35.81
azadramakrishnan679@okaxis,1,ACC015615,0,0.0
anshkohli548@okaxis,1,ACC015616,0,0.0
balveerbajwa964@okicici,1,ACC015617,0,0.0
naveenparmar479@okicici,1,ACC015618,0,0.0
parikhgopal76@paytm,1,ACC015619,2,110.42
chandanilima856@okicici,1,ACC015620,1,70.0
maxdugal434@okhdfcbank,1,ACC015621,0,0.0
gwali614@okhdfcbank,1,ACC015622,5,139.67
mallaradhana403@okhdfcbank,1,ACC015623,0,0.0
rehaansoman853@okicici,1,ACC015624,0,0.0
neel71472@paytm,1,ACC015625,1,5.58
cbuch857@paytm,1,ACC015626,1,12.27
bansalbhanumati72@oksbi,1,ACC015627,5,249.11
odeep615@okicici,1,ACC015628,0,0.0
farassaran49@okicici,1,ACC015629,1,10.15
yashawinimitra767@okicici,1,ACC015630,3,75.77
orattan682@okhdfcbank,1,ACC015631,0,0.0
shivanisaini677@okicici,1,ACC015632,2,123.89
shankerbalveer259@okaxis,1,ACC015633,0,0.0
gauri25142@oksbi,1,ACC015634,1,37.78
goyalvyanjana44@okicici,1,ACC015635,1,47.23
thakkararjun893@okhdfcbank,1,ACC015636,1,57.32
pathakwazir559@okaxis,1,ACC015637,1,27.58
okeer428@ybl,1,ACC015638,2,29.4
abhiramkothari307@okicici,1,ACC015639,3,95.89
shahmugdha594@paytm,1,ACC015640,0,0.0
ekalinga23718@okicici,1,ACC015641,1,26.95
wadhwaonveer969@oksbi,1,ACC015642,0,0.0
gopalmegha504@ybl,1,ACC015643,2,79.99
gautamnori881@paytm,1,ACC015644,0,0.0
vwali477@oksbi,1,ACC015645,1,9.08
shettyaarna480@okaxis,1,ACC015646,0,0.0
lbuch585@okaxis,1,ACC015647,0,0.0
jeremiah24381@okhdfcbank,1,ACC015648,3,87.13
dewancaleb509@okhdfcbank,1,ACC015649,2,262.83
vincentradhakrishnan3@ybl,1,ACC015650,0,0.0
kai57807@okhdfcbank,1,ACC015651,0,0.0
vincentsengupta251@okaxis,1,ACC015652,0,0.0
deepamannan478@okaxis,1,ACC015653,2,137.9
ijaya33129@okhdfcbank,1,ACC015654,0,0.0
gtara620@okhdfcbank,1,ACC015655,1,40.95
akshay00492@paytm,1,ACC015656,0,0.0
benjamin03582@ybl,1,ACC015657,1,9.08
xgupta407@okhdfcbank,1,ACC015658,1,13.65
prasadxalak377@ybl,1,ACC015659,4,184.93
wakeetamemon772@paytm,1,ACC015660,0,0.0
hemanibatra691@okicici,1,ACC015661,2,31.97
utkarsh38630@okicici,1,ACC015662,0,0.0
meghananagar924@oksbi,1,ACC015663,1,9.08
kondavarsha326@ybl,1,ACC015664,1,20.65
ushenoy466@ybl,1,ACC015665,1,52.5
anirudh87127@okhdfcbank,1,ACC015666,0,0.0
eraj259@oksbi,1,ACC015667,3,190.68
lnarayanan66@ybl,1,ACC015668,2,58.1
bhavya25849@oksbi,1,ACC015669,2,45.14
wzachariah995@okaxis,1,ACC015670,1,33.95
vsem336@paytm,1,ACC015671,1,20.65
handalakshmi24@okhdfcbank,1,ACC015672,2,42.98
wazir05681@ybl,1,ACC015673,2,26.31
gaurangswamy206@paytm,1,ACC015674,0,0.0
benjaminatwal743@paytm,1,ACC015675,1,36.03
jagdish47770@ybl,1,ACC015676,1,32.75
nitaradewan217@ybl,1,ACC015677,0,0.0
zguha393@okaxis,1,ACC015678,0,0.0
warjaschaudhari56@okicici,1,ACC015679,0,0.0
kevinmitter356@okhdfcbank,1,ACC015680,1,52.5
dhingraadweta8@oksbi,1,ACC015681,0,0.0
wakeeta58922@ybl,1,ACC015682,0,0.0
sbhalla922@oksbi,1,ACC015683,1,144.53
jalsabasak53@ybl,1,ACC015684,1,32.2
qarinrastogi553@ybl,1,ACC015685,0,0.0
naveendoshi143@okicici,1,ACC015686,1,183.73
kadeanirudh20@oksbi,1,ACC015687,3,54.28
brijesh45580@okicici,1,ACC015688,2,31.11
christopher14230@ybl,1,ACC015689,1,39.2
bhardwajzaid226@okhdfcbank,1,ACC015690,1,37.78
gunbirdara493@ybl,1,ACC015691,0,0.0
tarabaljiwan836@ybl,1,ACC015692,2,105.0
yashodaahluwalia960@okicici,1,ACC015693,0,0.0
tristan29457@okhdfcbank,1,ACC015694,1,37.78
gerajanuja779@okhdfcbank,1,ACC015695,1,31.13
ygolla378@okhdfcbank,1,ACC015696,5,379.38
aryachandran956@ybl,1,ACC015697,3,86.1
divanunni143@okicici,1,ACC015698,0,0.0
bachittarsinghal161@okaxis,1,ACC015699,0,0.0
gautamsibal931@okaxis,1,ACC015700,0,0.0
kashvi81237@okhdfcbank,1,ACC015701,1,25.2
vedika66970@okicici,1,ACC015702,1,256.9
wchaudhry581@okhdfcbank,1,ACC015703,3,101.11
xavierchana277@okaxis,1,ACC015704,1,45.67
samarthkuruvilla444@okicici,1,ACC015705,2,25.86
michaelmallick283@okhdfcbank,1,ACC015706,1,13.65
farhan61731@okhdfcbank,1,ACC015707,0,0.0
dhriti70849@paytm,1,ACC015708,0,0.0
vedantpingle532@okicici,1,ACC015709,2,46.53
irama259@okaxis,1,ACC015710,2,51.78
agour814@paytm,1,ACC015711,2,95.18
thakkarnicholas650@ybl,1,ACC015712,3,52.4
anandmadhav775@okicici,1,ACC015713,1,33.95
routmichael742@paytm,1,ACC015714,0,0.0
tsalvi674@paytm,1,ACC015715,4,109.69
lkanda255@okhdfcbank,1,ACC015716,0,0.0
liam20694@okaxis,1,ACC015717,2,26.8
warjasshukla876@okaxis,1,ACC015718,1,20.28
idixit50@paytm,1,ACC015719,2,26.93
naveen01889@paytm,1,ACC015720,0,0.0
tsahni288@okicici,1,ACC015721,0,0.0
lopaborah855@oksbi,1,ACC015722,0,0.0
qushi37220@okhdfcbank,1,ACC015723,0,0.0
dhruvthakur771@okhdfcbank,1,ACC015724,5,228.16
hemanibhatnagar90@okaxis,1,ACC015725,3,148.37
minhasbalveer284@paytm,1,ACC015726,0,0.0
osha75865@okaxis,1,ACC015727,0,0.0
ishwar56896@ybl,1,ACC015728,3,33.31
ramanamaira577@okhdfcbank,1,ACC015729,2,33.93
indirabarad796@paytm,1,ACC015730,0,0.0
alkakadakia695@okhdfcbank,1,ACC015731,2,40.93
warinder17811@okaxis,1,ACC015732,1,26.95
revamagar30@okicici,1,ACC015733,0,0.0
yatanvarkey468@ybl,1,ACC015734,0,0.0
qissac411@oksbi,1,ACC015735,1,40.95
girish99358@okaxis,1,ACC015736,0,0.0
hsavant703@okhdfcbank,1,ACC015737,1,37.78
kamdarinaya780@okaxis,1,ACC015738,6,144.57
advikganguly449@paytm,1,ACC015739,0,0.0
umangnigam785@okaxis,1,ACC015740,0,0.0
rajanrajeshri777@paytm,1,ACC015741,1,542.49
fkapur537@ybl,1,ACC015742,0,0.0
nathankapoor920@okicici,1,ACC015743,1,11.18
doraekiya666@ybl,1,ACC015744,0,0.0
hsundaram167@oksbi,1,ACC015745,2,30.43
dayitabhatia171@oksbi,1,ACC015746,1,7.0
peter31555@okhdfcbank,1,ACC015747,0,0.0
zashil98532@ybl,1,ACC015748,0,0.0
daliaayaan818@oksbi,1,ACC015749,2,51.1
hredhaan00539@oksbi,1,ACC015750,0,0.0
nidrabose881@oksbi,1,ACC015751,2,36.32
chandranhans688@okaxis,1,ACC015752,0,0.0
pbuch285@oksbi,1,ACC015753,2,103.6
fradomangal738@ybl,1,ACC015754,0,0.0
unnati38539@okhdfcbank,1,ACC015755,2,37.8
kaurrachita868@oksbi,1,ACC015756,5,193.84
upasna60278@okaxis,1,ACC015757,0,0.0
tsridhar984@okicici,1,ACC015758,1,40.95
ybaral611@oksbi,1,ACC015759,3,64.73
sanghvikamala107@oksbi,1,ACC015760,2,33.93
zarna74172@okaxis,1,ACC015761,1,45.48
maanasbedi732@ybl,1,ACC015762,0,0.0
laladalbir541@paytm,1,ACC015763,0,0.0
nihal53127@okaxis,1,ACC015764,1,10.83
indiradutta287@okicici,1,ACC015765,0,0.0
andrewmadan903@okhdfcbank,1,ACC015766,1,5.25
kiaandhar186@oksbi,1,ACC015767,1,15.03
jhaverikashish483@okaxis,1,ACC015768,2,55.28
yutikavarma889@okicici,1,ACC015769,3,160.63
naveen51206@okaxis,1,ACC015770,0,0.0
snaik611@paytm,1,ACC015771,1,35.0
sai79734@okhdfcbank,1,ACC015772,0,0.0
geetika7938@okicici,1,ACC015773,1,9.06
shivani32715@okhdfcbank,1,ACC015774,2,39.55
turvi89620@okhdfcbank,1,ACC015775,0,0.0
kaulaishani778@okaxis,1,ACC015776,1,22.75
janani60539@okicici,1,ACC015777,1,12.58
mangalzilmil629@okhdfcbank,1,ACC015778,0,0.0
kiaanbarman685@paytm,1,ACC015779,0,0.0
achowdhury639@ybl,1,ACC015780,3,139.27
barkhadhar862@okhdfcbank,1,ACC015781,1,20.28
netra01546@okicici,1,ACC015782,2,38.15
yaminishroff925@okhdfcbank,1,ACC015783,1,19.25
isaackarnik762@paytm,1,ACC015784,1,18.55
kiyer750@okaxis,1,ACC015785,1,7.0
anya42454@okaxis,1,ACC015786,1,19.58
sodhikamya761@okicici,1,ACC015787,1,107.62
indrajit43194@okhdfcbank,1,ACC015788,1,8.75
upmabora820@okaxis,1,ACC015789,3,52.83
brijesh46314@oksbi,1,ACC015790,0,0.0
eta45701@okaxis,1,ACC015791,1,21.0
bakhshichadha561@okaxis,1,ACC015792,3,98.33
fbuch616@okaxis,1,ACC015793,2,28.49
sodhijackson926@ybl,1,ACC015794,0,0.0
munshitanveer295@paytm,1,ACC015795,0,0.0
bhavna2580@okicici,1,ACC015796,0,0.0
pandeyyashawini622@oksbi,1,ACC015797,3,110.58
ishanvi70995@oksbi,1,ACC015798,1,25.88
fedwin631@okhdfcbank,1,ACC015799,0,0.0
ubrahmbhatt360@okhdfcbank,1,ACC015800,0,0.0
watika25948@okhdfcbank,1,ACC015801,0,0.0
jatindutta139@paytm,1,ACC015802,2,31.02
vorapriya272@oksbi,1,ACC015803,3,157.31
kmallick46@paytm,1,ACC015804,0,0.0
teerth67559@paytm,1,ACC015805,0,0.0
divyadas608@okhdfcbank,1,ACC015806,1,12.58
vasatikamohan498@paytm,1,ACC015807,3,89.91
rchaudhary148@okhdfcbank,1,ACC015808,2,142.76
yashodachahal510@paytm,1,ACC015809,1,20.65
kalitadevansh941@okhdfcbank,1,ACC015810,0,0.0
agarg149@okaxis,1,ACC015811,0,0.0
jackpau340@ybl,1,ACC015812,0,0.0
chandmanya599@oksbi,1,ACC015813,0,0.0
chaudhrymaanav610@oksbi,1,ACC015814,0,0.0
chatreshbedi88@okhdfcbank,1,ACC015815,1,18.95
ekalinga26802@oksbi,1,ACC015816,1,37.45
ndoshi955@okicici,1,ACC015817,3,118.58
munikai184@okaxis,1,ACC015818,2,61.23
yagnesh01316@okicici,1,ACC015819,3,235.1
osha12862@paytm,1,ACC015820,0,0.0
jeremiah67796@okaxis,1,ACC015821,0,0.0
qvaidya554@paytm,1,ACC015822,2,38.15
faqid92315@okicici,1,ACC015823,0,0.0
sodhiyash243@ybl,1,ACC015824,1,54.24
yagneshvenkataraman872@ybl,1,ACC015825,1,79.1
danielvora406@okaxis,1,ACC015826,0,0.0
mannpranav792@paytm,1,ACC015827,3,41.1
nagiaditya542@oksbi,1,ACC015828,0,0.0
vedhikadhillon171@paytm,1,ACC015829,1,109.53
baradkamala986@paytm,1,ACC015830,2,52.15
ode461@paytm,1,ACC015831,0,0.0
anmol78703@ybl,1,ACC015832,1,9.08
maanav46524@okhdfcbank,1,ACC015833,2,150.83
hchatterjee761@okhdfcbank,1,ACC015834,0,0.0
raygaurika792@oksbi,1,ACC015835,2,148.38
chakradevlall299@oksbi,1,ACC015836,1,243.23
xvarkey579@oksbi,1,ACC015837,2,37.8
cmanda506@okaxis,1,ACC015838,2,67.9
reyansh04761@okhdfcbank,1,ACC015839,5,265.19
chamandube503@okicici,1,ACC015840,0,0.0
choudhryriya165@okaxis,1,ACC015841,2,27.28
ndash70@paytm,1,ACC015842,1,15.75
zayyansrinivas840@ybl,1,ACC015843,1,5.97
waidagoswami272@okicici,1,ACC015844,2,503.09
sachisavant270@paytm,1,ACC015845,1,11.9
dmittal376@paytm,1,ACC015846,1,3.28
lohitchaudhuri400@ybl,1,ACC015847,1,19.77
ladli34592@oksbi,1,ACC015848,0,0.0
farhanpradhan790@okicici,1,ACC015849,2,71.75
naveen14425@okaxis,1,ACC015850,0,0.0
omishagoswami146@ybl,1,ACC015851,1,37.78
abhimanyu85914@oksbi,1,ACC015852,0,0.0
rgoel127@oksbi,1,ACC015853,0,0.0
ekaja86979@paytm,1,ACC015854,1,12.25
meera78206@okicici,1,ACC015855,2,34.52
mkashyap127@okicici,1,ACC015856,3,51.76
danielvyas135@oksbi,1,ACC015857,1,24.74
odika04941@okaxis,1,ACC015858,2,58.41
edhitha72491@oksbi,1,ACC015859,2,91.0
chhabraubika114@paytm,1,ACC015860,2,40.22
fshetty1@ybl,1,ACC015861,3,140.33
vigjeet849@okhdfcbank,1,ACC015862,5,141.36
nadigchaitaly323@oksbi,1,ACC015863,3,97.08
anirudh77318@okicici,1,ACC015864,3,68.82
indiradesai892@okaxis,1,ACC015865,2,58.1
jsinha234@okicici,1,ACC015866,1,122.5
pkata254@oksbi,1,ACC015867,2,64.03
tsinghal863@okhdfcbank,1,ACC015868,4,148.01
waliupma655@okhdfcbank,1,ACC015869,1,28.0
advik38866@paytm,1,ACC015870,0,0.0
anthony73587@oksbi,1,ACC015871,1,1.81
utkarsh76272@oksbi,1,ACC015872,1,55.98
pbora1@okhdfcbank,1,ACC015873,0,0.0
aachal80943@ybl,1,ACC015874,2,130.18
dakshesh4837@okhdfcbank,1,ACC015875,2,47.6
jsha488@okaxis,1,ACC015876,0,0.0
ekansh54173@okhdfcbank,1,ACC015877,2,37.78
zsarma482@paytm,1,ACC015878,0,0.0
daminiseth817@oksbi,1,ACC015879,0,0.0
suraisha342@okaxis,1,ACC015880,0,0.0
shroffraghav109@okhdfcbank,1,ACC015881,0,0.0
shivani09951@paytm,1,ACC015882,1,35.0
khalsapavani475@okaxis,1,ACC015883,1,77.35
dkadakia350@paytm,1,ACC015884,1,12.58
pradhantarak856@ybl,1,ACC015885,1,13.65
mukherjeevrishti980@paytm,1,ACC015886,2,44.06
wbarad468@okaxis,1,ACC015887,2,55.28
janaki15522@ybl,1,ACC015888,1,7.35
ekantavarty96@ybl,1,ACC015889,1,79.1
anyagarde634@oksbi,1,ACC015890,2,48.61
usingh315@paytm,1,ACC015891,1,20.65
ati08512@oksbi,1,ACC015892,2,76.28
fariq54117@okhdfcbank,1,ACC015893,0,0.0
daniyashodhara964@okhdfcbank,1,ACC015894,0,0.0
rehaan11167@oksbi,1,ACC015895,2,166.07
idin624@ybl,1,ACC015896,3,316.49
mannyasti138@ybl,1,ACC015897,0,0.0
upma94921@paytm,1,ACC015898,3,48.34
rakshamagar712@paytm,1,ACC015899,1,40.95
mohammedbalay408@paytm,1,ACC015900,0,0.0
wkata96@paytm,1,ACC015901,2,43.03
naveen11304@okhdfcbank,1,ACC015902,3,107.07
radha2096@okhdfcbank,1,ACC015903,2,55.91
loyalnimrat816@okaxis,1,ACC015904,1,9.08
krishnamannan742@oksbi,1,ACC015905,0,0.0
isaactara314@okaxis,1,ACC015906,1,20.65
upasnapillay461@paytm,1,ACC015907,1,17.5
madangaurangi582@okicici,1,ACC015908,2,28.17
ekalingasharaf521@paytm,1,ACC015909,0,0.0
kashyapabhimanyu572@okicici,1,ACC015910,2,64.4
karan1733@okicici,1,ACC015911,2,30.43
wbrar498@paytm,1,ACC015912,5,301.46
kamala22338@paytm,1,ACC015913,0,0.0
ishwarpradhan860@okaxis,1,ACC015914,0,0.0
zprakash315@oksbi,1,ACC015915,3,75.85
mganesan772@ybl,1,ACC015916,0,0.0
indrajit54499@okaxis,1,ACC015917,4,488.6
rajanjason877@ybl,1,ACC015918,1,34.98
pallasamesh89@paytm,1,ACC015919,1,483.16
dubeyyamini257@okicici,1,ACC015920,0,0.0
bakhshikarpe781@oksbi,1,ACC015921,3,76.28
ljoshi342@okicici,1,ACC015922,3,380.43
laban13296@okhdfcbank,1,ACC015923,0,0.0
bobalharinakshi844@okhdfcbank,1,ACC015924,2,38.61
xgala416@oksbi,1,ACC015925,2,46.18
sureshdaniel403@okicici,1,ACC015926,1,40.95
cmohanty280@ybl,1,ACC015927,1,17.15
jack56882@okaxis,1,ACC015928,3,66.46
ramanadvika605@okicici,1,ACC015929,1,9.34
miteshbobal457@okicici,1,ACC015930,1,37.78
chaudryjagat447@okicici,1,ACC015931,3,141.36
trivediqushi158@paytm,1,ACC015932,0,0.0
chandani21217@paytm,1,ACC015933,0,0.0
igoda711@oksbi,1,ACC015934,0,0.0
wpalla878@okaxis,1,ACC015935,2,543.86
kapurrachit649@okicici,1,ACC015936,3,27.61
gsama163@okhdfcbank,1,ACC015937,0,0.0
ubhatti434@okicici,1,ACC015938,0,0.0
bsaxena179@paytm,1,ACC015939,0,0.0
aryachawla720@paytm,1,ACC015940,0,0.0
ochowdhury999@ybl,1,ACC015941,1,10.15
psunder612@okicici,1,ACC015942,0,0.0
hamsini35630@oksbi,1,ACC015943,1,39.55
paijack472@ybl,1,ACC015944,1,16.78
mprasad86@okhdfcbank,1,ACC015945,1,20.65
chaitanyaramaswamy530@okicici,1,ACC015946,0,0.0
tellazayyan133@ybl,1,ACC015947,3,159.19
lukekapoor788@oksbi,1,ACC015948,1,79.1
bnaik374@okaxis,1,ACC015949,0,0.0
madhav16147@ybl,1,ACC015950,0,0.0
thakkarkevin106@ybl,1,ACC015951,1,12.58
shravya77627@ybl,1,ACC015952,0,0.0
tsinghal142@oksbi,1,ACC015953,0,0.0
pkara944@okicici,1,ACC015954,0,0.0
vasudha72890@okhdfcbank,1,ACC015955,1,37.78
kibetarak959@okaxis,1,ACC015956,2,62.28
janaki694@paytm,1,ACC015957,3,149.43
udin756@ybl,1,ACC015958,1,117.25
anjalidate554@oksbi,1,ACC015959,1,52.5
urvi82688@oksbi,1,ACC015960,0,0.0
kritikachander568@okicici,1,ACC015961,3,62.65
sharafjagvi182@okhdfcbank,1,ACC015962,0,0.0
vsagar210@okhdfcbank,1,ACC015963,0,0.0
sethvincent732@paytm,1,ACC015964,2,44.24
udarshhora564@ybl,1,ACC015965,0,0.0
qcontractor143@okicici,1,ACC015966,4,710.61
kulkarniurvashi646@ybl,1,ACC015967,1,36.39
elata909@okhdfcbank,1,ACC015968,0,0.0
balaynitara302@okicici,1,ACC015969,0,0.0
rajaayush432@okicici,1,ACC015970,0,0.0
jhalakmishra500@okhdfcbank,1,ACC015971,1,73.83
bandiadvika872@oksbi,1,ACC015972,3,107.8
unnati56259@paytm,1,ACC015973,0,0.0
yatanthakur251@okicici,1,ACC015974,1,20.28
jtalwar738@paytm,1,ACC015975,1,23.78
revapadmanabhan795@ybl,1,ACC015976,5,88.78
faraj14714@okaxis,1,ACC015977,1,32.2
tanveer27562@okaxis,1,ACC015978,2,71.92
luke66631@oksbi,1,ACC015979,0,0.0
odass225@okicici,1,ACC015980,0,0.0
kabirbhatia480@paytm,1,ACC015981,2,53.88
zansichaudhari333@okicici,1,ACC015982,0,0.0
atharvmurthy175@paytm,1,ACC015983,3,76.61
kashish25297@ybl,1,ACC015984,0,0.0
tanveer36879@okicici,1,ACC015985,5,74.47
hemalbatra247@paytm,1,ACC015986,0,0.0
raonandini622@ybl,1,ACC015987,1,98.0
bguha35@paytm,1,ACC015988,0,0.0
anmol65507@okaxis,1,ACC015989,1,40.95
ochad765@ybl,1,ACC015990,0,0.0
savantjoshua871@oksbi,1,ACC015991,1,10.13
tristansamra622@okaxis,1,ACC015992,0,0.0
dugalyashoda753@okicici,1,ACC015993,2,58.78
sacharbhanumati895@okicici,1,ACC015994,0,0.0
timothy42439@oksbi,1,ACC015995,0,0.0
chahaldayamai649@okaxis,1,ACC015996,2,85.93
zbuch297@ybl,1,ACC015997,2,299.21
balanvedika584@oksbi,1,ACC015998,3,178.11
chaudryvansha545@okhdfcbank,1,ACC015999,0,0.0
jasmitluthra765@ybl,1,ACC016000,1,17.5
xsaxena801@ybl,1,ACC016001,1,17.89
ozavedika570@okaxis,1,ACC016002,0,0.0
chasmumswaminathan833@okhdfcbank,1,ACC016003,3,101.48
kiaantailor57@okicici,1,ACC016004,1,18.88
aiyengar177@ybl,1,ACC016005,3,66.52
manthan68256@oksbi,1,ACC016006,1,15.05
anamika6735@okaxis,1,ACC016007,2,27.65
misrachavvi626@okaxis,1,ACC016008,3,93.43
pjohal902@okaxis,1,ACC016009,0,0.0
mchaudhuri858@okaxis,1,ACC016010,1,17.15
fbora431@okicici,1,ACC016011,0,0.0
henry76456@okaxis,1,ACC016012,1,17.13
aroraekani757@okicici,1,ACC016013,1,9.3
jgala590@okhdfcbank,1,ACC016014,0,0.0
yahvimohan219@okaxis,1,ACC016015,3,103.3
ebrahmbhatt541@okicici,1,ACC016016,0,0.0
balayunni844@oksbi,1,ACC016017,1,11.18
miteshtrivedi405@ybl,1,ACC016018,2,54.98
ksathe869@oksbi,1,ACC016019,3,72.43
pahal10164@oksbi,1,ACC016020,2,108.83
ldey994@ybl,1,ACC016021,0,0.0
mgandhi823@ybl,1,ACC016022,3,61.21
ucchal12295@okicici,1,ACC016023,3,89.21
bhanumatisoni918@okaxis,1,ACC016024,4,73.07
goyaljai195@okicici,1,ACC016025,3,90.59
vrittibhardwaj233@ybl,1,ACC016026,0,0.0
pdada471@paytm,1,ACC016027,0,0.0
kmaster411@okicici,1,ACC016028,0,0.0
dbuch424@ybl,1,ACC016029,0,0.0
zsuri305@paytm,1,ACC016030,0,0.0
bailviraj309@oksbi,1,ACC016031,2,170.08
waliayoshita811@paytm,1,ACC016032,1,20.65
imaranperi689@okhdfcbank,1,ACC016033,2,24.45
yutikachad201@paytm,1,ACC016034,0,0.0
nikita90449@oksbi,1,ACC016035,1,26.25
rajatanazareth200@okaxis,1,ACC016036,4,159.91
janyamittal554@ybl,1,ACC016037,0,0.0
cnatt735@okicici,1,ACC016038,2,120.01
jprabhu164@ybl,1,ACC016039,0,0.0
yogiharita324@ybl,1,ACC016040,1,84.68
ojas88400@okaxis,1,ACC016041,1,25.53
kadakianaksh925@okicici,1,ACC016042,1,5.71
tgokhale145@paytm,1,ACC016043,0,0.0
natarajanyuvraj650@okhdfcbank,1,ACC016044,1,37.3
lmody485@okicici,1,ACC016045,3,67.66
gmangal108@okaxis,1,ACC016046,3,352.8
elijah60381@oksbi,1,ACC016047,4,60.05
ishanibassi175@okaxis,1,ACC016048,0,0.0
jalsaanand446@okaxis,1,ACC016049,0,0.0
hamsinipillay608@paytm,1,ACC016050,1,20.63
tbera724@okaxis,1,ACC016051,1,155.75
warinderraju73@paytm,1,ACC016052,1,26.25
gautami91805@okaxis,1,ACC016053,1,4.02
bhandariharini325@okhdfcbank,1,ACC016054,2,222.79
ekapad60488@paytm,1,ACC016055,4,124.82
chaitalysarna175@paytm,1,ACC016056,2,129.13
maya71454@ybl,1,ACC016057,1,12.58
vaidyaarin856@okhdfcbank,1,ACC016058,1,15.75
dassradha41@okaxis,1,ACC016059,0,0.0
xaviershroff893@okicici,1,ACC016060,2,210.33
theodoreshan817@okicici,1,ACC016061,0,0.0
ladli71736@okaxis,1,ACC016062,3,133.6
rajeshridua660@paytm,1,ACC016063,2,47.93
maanassundaram153@oksbi,1,ACC016064,2,52.83
waliafrado400@paytm,1,ACC016065,0,0.0
avyas962@paytm,1,ACC016066,1,16.78
nidrasur771@okaxis,1,ACC016067,1,38.13
xcheema660@paytm,1,ACC016068,2,148.03
zghosh587@ybl,1,ACC016069,2,77.81
brinda36340@paytm,1,ACC016070,1,30.45
devanabhiram986@oksbi,1,ACC016071,2,63.43
ekantika51501@oksbi,1,ACC016072,1,16.78
geetika97330@ybl,1,ACC016073,0,0.0
chatura00769@paytm,1,ACC016074,1,13.65
matthewdivan406@ybl,1,ACC016075,3,110.91
anamikawali931@ybl,1,ACC016076,2,36.03
dhillonmekhala850@oksbi,1,ACC016077,1,17.15
kamya0924@okhdfcbank,1,ACC016078,0,0.0
menonzarna677@oksbi,1,ACC016079,2,37.43
nagarajanchandresh958@paytm,1,ACC016080,2,28.0
ikshita63690@okicici,1,ACC016081,2,49.7
ypillai209@ybl,1,ACC016082,1,20.65
adhingra754@okicici,1,ACC016083,0,0.0
ekansh97560@oksbi,1,ACC016084,1,5.92
banjeet39834@oksbi,1,ACC016085,2,34.63
lakshvyas776@okicici,1,ACC016086,0,0.0
xaggarwal440@okhdfcbank,1,ACC016087,1,11.9
daniel28476@okaxis,1,ACC016088,2,23.08
yastidhar729@ybl,1,ACC016089,2,48.05
uvora554@okicici,1,ACC016090,1,17.5
tristan17387@paytm,1,ACC016091,3,119.31
chandresh49307@okicici,1,ACC016092,2,972.64
etasavant88@okaxis,1,ACC016093,2,45.13
rachitabath141@okaxis,1,ACC016094,3,56.11
irya8932@ybl,1,ACC016095,1,193.9
narainanamika418@okicici,1,ACC016096,1,37.78
issacgarima105@okicici,1,ACC016097,0,0.0
binajani247@oksbi,1,ACC016098,0,0.0
falgunidara602@okicici,1,ACC016099,2,134.4
maxnadkarni144@oksbi,1,ACC016100,2,48.61
upkaarchaudhry251@okicici,1,ACC016101,0,0.0
vyasanvi580@okicici,1,ACC016102,2,71.75
kgoel165@okaxis,1,ACC016103,2,21.49
xkulkarni1@okicici,1,ACC016104,2,41.23
aadi01665@okicici,1,ACC016105,3,63.0
sanedarsh415@okaxis,1,ACC016106,1,10.5
indali14698@okhdfcbank,1,ACC016107,1,20.65
lila28267@okaxis,1,ACC016108,0,0.0
mananswamy223@okhdfcbank,1,ACC016109,0,0.0
ebrahmbhatt149@okhdfcbank,1,ACC016110,1,96.25
jsastry664@okicici,1,ACC016111,2,25.35
luthrachatresh918@ybl,1,ACC016112,2,149.78
rattichanakya961@paytm,1,ACC016113,0,0.0
zchaudhary962@okhdfcbank,1,ACC016114,2,34.28
balveerwali728@ybl,1,ACC016115,2,581.0
amara77413@oksbi,1,ACC016116,0,0.0
hmistry723@okicici,1,ACC016117,3,91.15
badalaradhana172@okaxis,1,ACC016118,0,0.0
kapadiapushti361@ybl,1,ACC016119,1,79.1
sridharshivani930@oksbi,1,ACC016120,0,0.0
qarin33972@okhdfcbank,1,ACC016121,1,9.08
jatin13249@okhdfcbank,1,ACC016122,1,19.07
onkaranand88@okaxis,1,ACC016123,1,37.78
william09279@okicici,1,ACC016124,3,75.25
kavyasani795@paytm,1,ACC016125,1,37.78
jpalla909@ybl,1,ACC016126,2,20.93
deviakshay303@okicici,1,ACC016127,1,8.75
waglejagat786@ybl,1,ACC016128,0,0.0
jagdishkhalsa432@okaxis,1,ACC016129,1,11.9
mahajanupasna682@okaxis,1,ACC016130,1,16.78
baraladvika219@okicici,1,ACC016131,1,3.01
krish0392@okhdfcbank,1,ACC016132,0,0.0
nnagi526@paytm,1,ACC016133,3,111.83
benjamin80256@okicici,1,ACC016134,0,0.0
triveniswamy581@ybl,1,ACC016135,1,165.18
varshaom648@oksbi,1,ACC016136,0,0.0
yug54286@okaxis,1,ACC016137,0,0.0
rachit7028@ybl,1,ACC016138,0,0.0
vedikadate685@okhdfcbank,1,ACC016139,3,207.25
nraghavan53@okicici,1,ACC016140,1,35.0
iyengardominic716@okaxis,1,ACC016141,1,20.28
veda87984@oksbi,1,ACC016142,1,26.95
upadhriti49940@okaxis,1,ACC016143,1,20.65
nathankanda536@okaxis,1,ACC016144,1,27.64
rajawidisha178@ybl,1,ACC016145,3,196.07
ishadhar569@ybl,1,ACC016146,1,35.0
cdhar702@okhdfcbank,1,ACC016147,4,124.89
amolsachdev455@paytm,1,ACC016148,0,0.0
tkibe595@okaxis,1,ACC016149,3,536.55
anirudh13403@oksbi,1,ACC016150,0,0.0
praneel39325@okaxis,1,ACC016151,1,18.76
wardanagarajan801@okhdfcbank,1,ACC016152,2,90.98
abhimanyu21343@paytm,1,ACC016153,1,17.5
mgoda148@oksbi,1,ACC016154,2,182.7
xaviersen383@okaxis,1,ACC016155,0,0.0
farisseth706@okicici,1,ACC016156,0,0.0
faris20253@ybl,1,ACC016157,0,0.0
goyalluke823@oksbi,1,ACC016158,1,55.98
yashawini31862@paytm,1,ACC016159,3,35.5
daksh206@ybl,1,ACC016160,3,93.62
ranganathanriya224@okaxis,1,ACC016161,1,20.65
nroy229@oksbi,1,ACC016162,0,0.0
hemanghayer987@oksbi,1,ACC016163,2,51.94
udyati76392@okicici,1,ACC016164,0,0.0
dashunni64@okicici,1,ACC016165,3,143.78
rkurian492@ybl,1,ACC016166,0,0.0
libni10664@okhdfcbank,1,ACC016167,1,12.58
vincent38396@paytm,1,ACC016168,1,109.18
karpeadvay447@okhdfcbank,1,ACC016169,0,0.0
duttayashvi712@ybl,1,ACC016170,1,3.8
psodhi325@okicici,1,ACC016171,2,33.42
mgoda820@okaxis,1,ACC016172,0,0.0
ntata80@ybl,1,ACC016173,1,87.5
oakosha361@oksbi,1,ACC016174,1,35.0
parsarushil650@okaxis,1,ACC016175,2,46.2
anay52114@paytm,1,ACC016176,2,13.65
chanchal81767@ybl,1,ACC016177,2,185.15
nakul2443@paytm,1,ACC016178,1,232.4
qravel878@oksbi,1,ACC016179,3,231.31
lvasa970@ybl,1,ACC016180,1,20.65
mangatrishi323@ybl,1,ACC016181,0,0.0
divanorinder114@oksbi,1,ACC016182,2,54.25
wazirbose646@okaxis,1,ACC016183,3,334.68
nikitabandi987@ybl,1,ACC016184,2,62.1
bobaldayita496@paytm,1,ACC016185,1,20.65
samawidisha87@oksbi,1,ACC016186,0,0.0
ryan0939@paytm,1,ACC016187,0,0.0
vrindaviswanathan102@okicici,1,ACC016188,0,0.0
rajagopalanyatin843@okaxis,1,ACC016189,1,42.17
ekanshbath82@okhdfcbank,1,ACC016190,0,0.0
chanderchaman173@ybl,1,ACC016191,1,49.0
aurorarobert36@paytm,1,ACC016192,1,126.68
frederickchada838@okhdfcbank,1,ACC016193,2,332.3
raagini56692@ybl,1,ACC016194,2,93.08
somtriya92@okaxis,1,ACC016195,2,20.65
boraeiravati28@paytm,1,ACC016196,2,14.39
surianvi210@ybl,1,ACC016197,1,23.78
zansi63411@ybl,1,ACC016198,2,33.6
kallarohan265@paytm,1,ACC016199,3,203.66
udarshbhatnagar211@oksbi,1,ACC016200,3,87.83
deunnati438@oksbi,1,ACC016201,0,0.0
ogour906@oksbi,1,ACC016202,2,37.8
rchakrabarti300@ybl,1,ACC016203,0,0.0
hsaxena846@paytm,1,ACC016204,0,0.0
gandhiarunima438@okaxis,1,ACC016205,1,35.0
hsandal390@ybl,1,ACC016206,3,142.41
yahvi4183@okaxis,1,ACC016207,1,87.5
solankizashil260@oksbi,1,ACC016208,1,40.95
somrishi480@paytm,1,ACC016209,2,214.18
diyacontractor127@okaxis,1,ACC016210,4,177.78
obaria232@paytm,1,ACC016211,2,31.3
nakshramakrishnan721@oksbi,1,ACC016212,3,61.25
lipika36434@okaxis,1,ACC016213,3,83.63
jhadipta405@oksbi,1,ACC016214,1,8.38
abhimanyu90649@paytm,1,ACC016215,2,122.11
fiyazbora21@ybl,1,ACC016216,0,0.0
gdhar356@paytm,1,ACC016217,1,283.15
vritti93672@okicici,1,ACC016218,0,0.0
hbarman814@oksbi,1,ACC016219,1,30.45
yauvanibanik604@oksbi,1,ACC016220,2,108.15
biswasekaraj506@okaxis,1,ACC016221,0,0.0
goza364@okicici,1,ACC016222,0,0.0
patrick72714@oksbi,1,ACC016223,4,109.65
advikasachdev241@okhdfcbank,1,ACC016224,0,0.0
abdulyogi790@ybl,1,ACC016225,2,45.81
vdutta376@okhdfcbank,1,ACC016226,0,0.0
vjaggi384@okhdfcbank,1,ACC016227,0,0.0
issacqarin435@okhdfcbank,1,ACC016228,1,26.25
golaekaja348@ybl,1,ACC016229,1,52.5
abhimanyu37958@paytm,1,ACC016230,0,0.0
dakshavirk365@okicici,1,ACC016231,1,10.83
nborra565@paytm,1,ACC016232,1,37.78
ekanshhayre839@okaxis,1,ACC016233,1,20.28
borrarachita696@okicici,1,ACC016234,2,136.21
zashilbaral285@okaxis,1,ACC016235,0,0.0
raugunbir362@okicici,1,ACC016236,0,0.0
owalia300@oksbi,1,ACC016237,0,0.0
mannegopal975@okicici,1,ACC016238,1,20.65
vihaanrajagopal260@ybl,1,ACC016239,1,11.79
bshetty874@okicici,1,ACC016240,1,40.95
gautami5421@okicici,1,ACC016241,0,0.0
vincenttalwar232@oksbi,1,ACC016242,2,141.9
dinethan897@ybl,1,ACC016243,1,8.37
avi14711@ybl,1,ACC016244,2,64.73
david47426@okhdfcbank,1,ACC016245,0,0.0
aditya05279@okaxis,1,ACC016246,0,0.0
wdesai555@ybl,1,ACC016247,1,19.77
ryanbaral970@okicici,1,ACC016248,1,111.12
sanghagauri66@okhdfcbank,1,ACC016249,0,0.0
qprabhakar607@ybl,1,ACC016250,1,24.32
samarth07847@ybl,1,ACC016251,0,0.0
bassiprisha705@paytm,1,ACC016252,2,92.73
hegdeisaiah824@oksbi,1,ACC016253,0,0.0
faraj54710@okicici,1,ACC016254,0,0.0
raaginisethi90@paytm,1,ACC016255,1,73.48
kabir90573@oksbi,1,ACC016256,4,205.34
gautam99428@paytm,1,ACC016257,0,0.0
balakrishnaneesha895@okaxis,1,ACC016258,0,0.0
pallavi72689@okaxis,1,ACC016259,1,11.9
dmukherjee28@paytm,1,ACC016260,0,0.0
devchoudhury457@okhdfcbank,1,ACC016261,1,74.55
gandhinitesh492@okaxis,1,ACC016262,2,61.58
wmurthy692@ybl,1,ACC016263,3,55.19
maanavguha550@okicici,1,ACC016264,1,22.03
saumyawali544@okhdfcbank,1,ACC016265,2,5.28
dhingraganga920@okaxis,1,ACC016266,0,0.0
jalsa78606@oksbi,1,ACC016267,3,56.69
charnicholas975@okhdfcbank,1,ACC016268,1,17.5
aarini20662@okicici,1,ACC016269,0,0.0
deeparaval892@okicici,1,ACC016270,0,0.0
nimrat26103@okhdfcbank,1,ACC016271,1,7.33
ojasvibiswas907@okaxis,1,ACC016272,0,0.0
lbir588@paytm,1,ACC016273,2,114.1
gaurav04573@paytm,1,ACC016274,2,426.61
chandani09836@oksbi,1,ACC016275,0,0.0
mallfiyaz799@okaxis,1,ACC016276,1,257.95
advikkohli81@paytm,1,ACC016277,0,0.0
yasti64627@oksbi,1,ACC016278,1,36.75
ayush43771@okhdfcbank,1,ACC016279,1,117.25
tsengupta954@paytm,1,ACC016280,1,311.72
arorazilmil619@ybl,1,ACC016281,1,40.95
krishna63476@oksbi,1,ACC016282,0,0.0
fkurian161@okhdfcbank,1,ACC016283,0,0.0
aashiloyal931@okicici,1,ACC016284,2,42.31
lopashukla590@ybl,1,ACC016285,2,58.43
hritik21524@ybl,1,ACC016286,1,15.57
anirudh11891@okaxis,1,ACC016287,1,30.78
chandavinaya911@oksbi,1,ACC016288,1,8.75
zansi45161@oksbi,1,ACC016289,3,96.42
savantbalvan159@okhdfcbank,1,ACC016290,1,37.78
devansh56905@okicici,1,ACC016291,1,10.83
siyasengupta368@okhdfcbank,1,ACC016292,3,56.31
neha20187@paytm,1,ACC016293,0,0.0
petersharma664@ybl,1,ACC016294,0,0.0
luke60506@okicici,1,ACC016295,1,55.98
yuvraj06430@oksbi,1,ACC016296,2,134.05
gparsa126@oksbi,1,ACC016297,0,0.0
xmemon400@okaxis,1,ACC016298,1,26.95
tsinha169@paytm,1,ACC016299,1,35.0
grewalzaid813@paytm,1,ACC016300,0,0.0
faraj5460@ybl,1,ACC016301,0,0.0
dalalzaid633@okhdfcbank,1,ACC016302,4,142.1
zilmilrau955@oksbi,1,ACC016303,0,0.0
devansh09693@okaxis,1,ACC016304,1,70.0
narulaharish552@oksbi,1,ACC016305,0,0.0
jairajdevi141@okaxis,1,ACC016306,1,36.39
jagvinaik147@okicici,1,ACC016307,1,17.5
amolsinghal137@oksbi,1,ACC016308,3,90.98
baradpatrick44@okicici,1,ACC016309,0,0.0
ekbal21644@okhdfcbank,1,ACC016310,0,0.0
jonathan13843@ybl,1,ACC016311,0,0.0
laladvaith938@oksbi,1,ACC016312,2,217.5
dalbirchoudhry819@paytm,1,ACC016313,1,117.25
tankakshay642@okicici,1,ACC016314,0,0.0
ekta21683@okicici,1,ACC016315,0,0.0
gangaramesh200@paytm,1,ACC016316,3,90.72
warjasdeshmukh649@ybl,1,ACC016317,1,39.55
victor54724@ybl,1,ACC016318,4,246.75
hraja919@oksbi,1,ACC016319,6,224.48
ykoshy180@okicici,1,ACC016320,3,67.14
nadkarnihiral930@ybl,1,ACC016321,1,18.53
kallafalguni169@paytm,1,ACC016322,0,0.0
pushti3675@okaxis,1,ACC016323,1,37.78
pranit36177@okaxis,1,ACC016324,0,0.0
nehabalakrishnan48@okhdfcbank,1,ACC016325,1,14.0
sachi5059@okhdfcbank,1,ACC016326,1,17.5
imaster745@okaxis,1,ACC016327,3,96.23
aviagate590@oksbi,1,ACC016328,1,21.0
mprashad62@oksbi,1,ACC016329,2,50.75
krishanarula712@okaxis,1,ACC016330,1,33.95
suhanichaudhuri253@okicici,1,ACC016331,1,33.95
hritik14279@ybl,1,ACC016332,1,40.95
anamikasankaran924@okicici,1,ACC016333,1,17.5
mohiniraju734@ybl,1,ACC016334,2,30.43
hemang45691@okhdfcbank,1,ACC016335,2,46.7
wdora30@okhdfcbank,1,ACC016336,0,0.0
lchauhan50@okhdfcbank,1,ACC016337,2,117.6
dev85917@okicici,1,ACC016338,0,0.0
nicholas73258@oksbi,1,ACC016339,1,10.15
hchoudhry96@paytm,1,ACC016340,0,0.0
guneetdubey996@paytm,1,ACC016341,0,0.0
ranveerloyal11@ybl,1,ACC016342,0,0.0
isankaran309@paytm,1,ACC016343,1,31.15
nsani249@okaxis,1,ACC016344,0,0.0
chanakyaaggarwal304@ybl,1,ACC016345,1,40.95
indalisarraf533@paytm,1,ACC016346,1,4.31
suralka165@okaxis,1,ACC016347,0,0.0
baralowen410@okhdfcbank,1,ACC016348,0,0.0
gverma183@ybl,1,ACC016349,1,20.28
maanas01456@okaxis,1,ACC016350,1,35.0
farajvarkey801@okhdfcbank,1,ACC016351,2,23.1
narasimhanmitesh27@paytm,1,ACC016352,0,0.0
butalarajeshri153@ybl,1,ACC016353,1,20.28
choprakrishna481@ybl,1,ACC016354,0,0.0
dasguptaindrajit572@paytm,1,ACC016355,1,11.9
wazirkoshy829@paytm,1,ACC016356,1,26.25
pbhatia73@paytm,1,ACC016357,2,78.73
pahal27348@oksbi,1,ACC016358,1,105.0
upatil575@paytm,1,ACC016359,0,0.0
tataekansh208@okhdfcbank,1,ACC016360,0,0.0
neelimaparmer143@ybl,1,ACC016361,1,37.78
brinda85232@okicici,1,ACC016362,1,30.78
vasananayak591@ybl,1,ACC016363,2,31.89
jagdish46906@paytm,1,ACC016364,1,136.5
sachdevayadavi148@oksbi,1,ACC016365,1,40.95
talwarjeremiah649@okhdfcbank,1,ACC016366,0,0.0
patrickbobal397@ybl,1,ACC016367,0,0.0
dayalnidra490@okhdfcbank,1,ACC016368,0,0.0
andrewsur234@oksbi,1,ACC016369,0,0.0
chandaniacharya6@oksbi,1,ACC016370,1,40.95
kibeveer165@okaxis,1,ACC016371,2,48.08
george5497@paytm,1,ACC016372,2,55.98
duttaamara637@okhdfcbank,1,ACC016373,3,129.85
csavant169@ybl,1,ACC016374,2,43.28
sdutt526@okhdfcbank,1,ACC016375,2,41.28
nihal57313@ybl,1,ACC016376,1,18.89
praneelrattan44@oksbi,1,ACC016377,1,3.5
loyalnakul46@ybl,1,ACC016378,0,0.0
shuklajonathan469@okicici,1,ACC016379,1,10.5
nthaman106@oksbi,1,ACC016380,0,0.0
sabharwalharita397@okhdfcbank,1,ACC016381,1,27.64
mbhattacharyya790@okhdfcbank,1,ACC016382,0,0.0
raileena69@paytm,1,ACC016383,2,37.8
bakhshi13434@oksbi,1,ACC016384,0,0.0
esharaf30@ybl,1,ACC016385,1,40.95
kritika51175@oksbi,1,ACC016386,0,0.0
ahujaisaac878@okicici,1,ACC016387,3,145.93
kapoorvedika713@okaxis,1,ACC016388,0,0.0
chandanirastogi983@okicici,1,ACC016389,2,22.57
yashodamital377@ybl,1,ACC016390,3,122.09
mganesan230@ybl,1,ACC016391,0,0.0
ramanathansanaya628@ybl,1,ACC016392,0,0.0
chaitaly72637@paytm,1,ACC016393,0,0.0
ftata802@oksbi,1,ACC016394,0,0.0
dprabhu743@okicici,1,ACC016395,3,70.08
anita23578@okicici,1,ACC016396,1,11.9
ksibal107@okicici,1,ACC016397,3,50.08
wasonchandresh548@paytm,1,ACC016398,0,0.0
magarfitan128@okaxis,1,ACC016399,2,160.28
hemanginisrinivas115@okicici,1,ACC016400,1,544.06
raiharinakshi743@oksbi,1,ACC016401,0,0.0
smody662@ybl,1,ACC016402,0,0.0
surudyati627@paytm,1,ACC016403,0,0.0
joshua07670@okhdfcbank,1,ACC016404,1,27.28
finn03365@paytm,1,ACC016405,2,54.56
fkumar301@okhdfcbank,1,ACC016406,1,79.1
gsani473@oksbi,1,ACC016407,3,344.0
devansh62407@ybl,1,ACC016408,1,10.15
siyapant224@okicici,1,ACC016409,0,0.0
rajagopalnachiket613@ybl,1,ACC016410,1,5.58
nathanielbalakrishnan139@ybl,1,ACC016411,0,0.0
adhawan179@oksbi,1,ACC016412,2,59.13
gulatihema795@paytm,1,ACC016413,1,17.15
raaginibose846@okaxis,1,ACC016414,1,43.75
anvi20641@ybl,1,ACC016415,2,212.18
mandaganga149@ybl,1,ACC016416,0,0.0
owensathe891@oksbi,1,ACC016417,3,61.58
acontractor412@ybl,1,ACC016418,0,0.0
kalahenry903@oksbi,1,ACC016419,2,60.02
anirudh51211@oksbi,1,ACC016420,0,0.0
ikrishnan550@ybl,1,ACC016421,0,0.0
ramangautami983@okhdfcbank,1,ACC016422,0,0.0
reyansh12620@okaxis,1,ACC016423,1,40.95
ynarayanan762@oksbi,1,ACC016424,1,220.13
kadakiaanjali846@oksbi,1,ACC016425,1,70.0
emall823@paytm,1,ACC016426,0,0.0
owensubramanian758@okicici,1,ACC016427,3,61.56
xdhawan165@oksbi,1,ACC016428,0,0.0
yashvi27206@okaxis,1,ACC016429,1,18.08
meghana68157@okicici,1,ACC016430,2,212.08
bhaktajagdish967@paytm,1,ACC016431,1,9.08
ctripathi383@okaxis,1,ACC016432,2,35.85
rauamrita86@oksbi,1,ACC016433,0,0.0
devansh67813@oksbi,1,ACC016434,1,20.65
pkamdar178@paytm,1,ACC016435,1,17.15
anaysandhu842@okicici,1,ACC016436,2,25.45
oliver93592@okhdfcbank,1,ACC016437,2,189.71
duttabarkha250@paytm,1,ACC016438,2,49.68
andravedant554@oksbi,1,ACC016439,1,616.35
nidrachadha683@paytm,1,ACC016440,1,73.83
gavin55828@paytm,1,ACC016441,2,55.04
dhawanjack407@okaxis,1,ACC016442,1,175.0
advay28174@oksbi,1,ACC016443,0,0.0
jdhingra135@oksbi,1,ACC016444,0,0.0
ramapratyush24@okicici,1,ACC016445,0,0.0
qabil97883@okicici,1,ACC016446,2,87.39
jdalia183@oksbi,1,ACC016447,1,14.0
nirjakhanna188@okicici,1,ACC016448,1,26.25
kalpit44954@okaxis,1,ACC016449,0,0.0
sdey28@oksbi,1,ACC016450,1,43.75
qdalia872@okicici,1,ACC016451,1,552.58
reddyjasmit44@ybl,1,ACC016452,0,0.0
dpuri701@okhdfcbank,1,ACC016453,0,0.0
hredhaandeol753@ybl,1,ACC016454,0,0.0
jananitalwar878@ybl,1,ACC016455,1,10.83
saumya89596@okaxis,1,ACC016456,1,9.06
yahvidara174@okicici,1,ACC016457,0,0.0
khannagavin465@ybl,1,ACC016458,1,13.64
nihalsachar741@ybl,1,ACC016459,0,0.0
madhavi62536@oksbi,1,ACC016460,0,0.0
wkorpal274@okhdfcbank,1,ACC016461,1,20.65
mammendayita118@okicici,1,ACC016462,0,0.0
uchakrabarti691@oksbi,1,ACC016463,1,308.0
abhiramdash454@okhdfcbank,1,ACC016464,2,210.0
unnatiupadhyay927@ybl,1,ACC016465,0,0.0
lnagi511@ybl,1,ACC016466,1,19.06
salviaarav427@oksbi,1,ACC016467,1,17.15
mukhopadhyayavni748@okhdfcbank,1,ACC016468,0,0.0
kurianaditya187@okicici,1,ACC016469,1,66.83
goyalnikita963@okaxis,1,ACC016470,1,64.05
abdul40839@oksbi,1,ACC016471,1,20.28
nkata738@oksbi,1,ACC016472,1,7.0
elijahchander972@okhdfcbank,1,ACC016473,1,6.98
patelchakrika504@okaxis,1,ACC016474,1,243.23
tsom181@okhdfcbank,1,ACC016475,0,0.0
manthanlad914@okicici,1,ACC016476,1,2.8
wmadan378@paytm,1,ACC016477,1,19.25
khareaadi417@oksbi,1,ACC016478,0,0.0
ssangha778@okhdfcbank,1,ACC016479,2,214.55
ijha54@okicici,1,ACC016480,3,31.03
jonathan45837@oksbi,1,ACC016481,0,0.0
puriishwar557@okhdfcbank,1,ACC016482,2,33.01
suradvaith188@okhdfcbank,1,ACC016483,2,26.23
moditurvi73@okaxis,1,ACC016484,1,117.25
aachalkhare309@okaxis,1,ACC016485,0,0.0
aarini50516@oksbi,1,ACC016486,1,14.35
nilimakota752@oksbi,1,ACC016487,4,113.56
abhasama263@okhdfcbank,1,ACC016488,0,0.0
bhasinpanini544@ybl,1,ACC016489,0,0.0
xbal452@paytm,1,ACC016490,0,0.0
petertaneja109@paytm,1,ACC016491,0,0.0
upkaar29284@oksbi,1,ACC016492,1,17.15
zehaandugar649@oksbi,1,ACC016493,1,20.28
mitraleena763@ybl,1,ACC016494,0,0.0
rkulkarni595@oksbi,1,ACC016495,1,46.9
dakshsunder38@okaxis,1,ACC016496,1,59.85
qadim56630@okaxis,1,ACC016497,3,63.55
thakkarjason829@ybl,1,ACC016498,1,26.95
jacob31489@ybl,1,ACC016499,1,19.95
keya89937@paytm,1,ACC016500,0,0.0
fitan21270@ybl,1,ACC016501,0,0.0
qray133@oksbi,1,ACC016502,1,43.75
vbuch783@paytm,1,ACC016503,2,116.88
urvashi49315@okicici,1,ACC016504,0,0.0
ridhidevi674@ybl,1,ACC016505,0,0.0
qwalia621@ybl,1,ACC016506,0,0.0
ganeshradhika240@paytm,1,ACC016507,2,76.73
rastogiucchal429@okhdfcbank,1,ACC016508,0,0.0
dipta26396@okhdfcbank,1,ACC016509,0,0.0
nairsanaya15@okicici,1,ACC016510,2,44.45
upasna24351@oksbi,1,ACC016511,1,10.15
kbrahmbhatt48@okaxis,1,ACC016512,1,37.78
lilasaraf160@okhdfcbank,1,ACC016513,0,0.0
saksham1587@oksbi,1,ACC016514,0,0.0
sagartanish488@paytm,1,ACC016515,0,0.0
vihaanmahajan446@okicici,1,ACC016516,0,0.0
chawlalibni94@paytm,1,ACC016517,2,57.38
omramaswamy691@okicici,1,ACC016518,0,0.0
kchand63@okhdfcbank,1,ACC016519,0,0.0
thakurmaya546@okaxis,1,ACC016520,1,20.65
brinda95620@ybl,1,ACC016521,2,64.38
aparekh996@ybl,1,ACC016522,3,96.23
balayashawini889@oksbi,1,ACC016523,1,79.1
abhirambrahmbhatt308@oksbi,1,ACC016524,0,0.0
bassivasana845@okicici,1,ACC016525,2,45.95
idika44144@paytm,1,ACC016526,1,20.28
jeremiah55446@okaxis,1,ACC016527,1,13.74
ipalla307@okaxis,1,ACC016528,0,0.0
ahalder479@okhdfcbank,1,ACC016529,0,0.0
agrawalakshay127@okicici,1,ACC016530,3,187.56
vaidyaavni280@okicici,1,ACC016531,1,175.0
shivani72521@paytm,1,ACC016532,0,0.0
tpatil629@okicici,1,ACC016533,2,11.14
ekantikabir601@okhdfcbank,1,ACC016534,0,0.0
pooja8162@okaxis,1,ACC016535,1,55.98
jason31395@paytm,1,ACC016536,0,0.0
emall109@okicici,1,ACC016537,0,0.0
vincenthora791@okhdfcbank,1,ACC016538,0,0.0
gaurang6454@paytm,1,ACC016539,1,24.13
damyantikarpe666@okaxis,1,ACC016540,0,0.0
rsinha159@oksbi,1,ACC016541,2,76.26
cshetty484@okhdfcbank,1,ACC016542,2,248.85
dayalindrajit421@okaxis,1,ACC016543,0,0.0
kakarnikita994@okaxis,1,ACC016544,2,56.35
gagan05382@oksbi,1,ACC016545,1,73.48
roak545@ybl,1,ACC016546,0,0.0
garima52600@paytm,1,ACC016547,1,10.61
naiduarin697@okhdfcbank,1,ACC016548,0,0.0
maanav73796@okhdfcbank,1,ACC016549,3,83.28
aarav93436@ybl,1,ACC016550,4,598.11
ssaraf854@paytm,1,ACC016551,2,61.6
yochana69118@oksbi,1,ACC016552,0,0.0
vasatika56273@okhdfcbank,1,ACC016553,2,32.53
vedikaramakrishnan219@oksbi,1,ACC016554,0,0.0
obhat790@okaxis,1,ACC016555,1,20.28
kakarmanan293@okhdfcbank,1,ACC016556,0,0.0
laksh19250@paytm,1,ACC016557,1,52.5
manepallavi996@paytm,1,ACC016558,1,32.88
krishna45504@oksbi,1,ACC016559,1,30.45
apanchal693@ybl,1,ACC016560,1,81.53
tanaybanik777@ybl,1,ACC016561,1,10.15
ssane666@ybl,1,ACC016562,1,38.13
wridesh46162@okaxis,1,ACC016563,1,105.0
zanand601@okhdfcbank,1,ACC016564,4,76.19
zachariahpratyush871@okaxis,1,ACC016565,1,17.15
pkaur280@ybl,1,ACC016566,2,80.5
pallavi43213@okhdfcbank,1,ACC016567,0,0.0
orinderyadav181@okicici,1,ACC016568,1,9.22
arege321@oksbi,1,ACC016569,3,147.67
yashasvimangal566@okicici,1,ACC016570,1,55.98
nimratbhattacharyya815@okaxis,1,ACC016571,1,40.95
koza674@oksbi,1,ACC016572,1,14.0
jdara965@okhdfcbank,1,ACC016573,1,8.75
vdhawan676@okaxis,1,ACC016574,1,20.65
rajanniharika58@okhdfcbank,1,ACC016575,0,0.0
johalsaanvi670@ybl,1,ACC016576,2,52.11
tristan12216@okicici,1,ACC016577,2,125.98
brahmbhattagastya847@ybl,1,ACC016578,1,155.75
upma53698@oksbi,1,ACC016579,0,0.0
sudikshanaidu234@okhdfcbank,1,ACC016580,1,21.0
saanvirama55@ybl,1,ACC016581,2,48.12
dhaliwalbimala211@ybl,1,ACC016582,0,0.0
yadavadvaith778@okhdfcbank,1,ACC016583,1,70.35
anvi23669@okicici,1,ACC016584,0,0.0
pnagi874@paytm,1,ACC016585,0,0.0
buchsara829@paytm,1,ACC016586,1,6.99
jeremiahrau133@ybl,1,ACC016587,1,51.1
shaurya72266@ybl,1,ACC016588,0,0.0
champakrastogi740@oksbi,1,ACC016589,3,111.96
baljiwan39833@oksbi,1,ACC016590,1,3.01
farhan46299@okhdfcbank,1,ACC016591,0,0.0
lopa14132@paytm,1,ACC016592,1,47.42
dalalpriya821@okicici,1,ACC016593,0,0.0
devangeetika407@oksbi,1,ACC016594,0,0.0
srinivasangopal682@okhdfcbank,1,ACC016595,0,0.0
lkeer847@okicici,1,ACC016596,0,0.0
vasatika89587@okhdfcbank,1,ACC016597,1,10.83
qguha278@okaxis,1,ACC016598,1,13.65
sakshamkurian11@okhdfcbank,1,ACC016599,0,0.0
hiteshkadakia34@okicici,1,ACC016600,1,3.5
zashilkant520@okhdfcbank,1,ACC016601,0,0.0
kakarfaras130@oksbi,1,ACC016602,1,59.85
xbhatt871@oksbi,1,ACC016603,2,100.8
khannafarhan598@ybl,1,ACC016604,0,0.0
simon69395@ybl,1,ACC016605,2,41.3
ekalingahayre31@oksbi,1,ACC016606,1,14.0
ekansh58804@okaxis,1,ACC016607,1,20.65
banikekapad692@okaxis,1,ACC016608,0,0.0
ppau625@paytm,1,ACC016609,1,40.95
bhavna98721@okicici,1,ACC016610,0,0.0
swagle730@okicici,1,ACC016611,0,0.0
nicholas6474@okhdfcbank,1,ACC016612,0,0.0
chatura74763@paytm,1,ACC016613,0,0.0
dayitaprakash289@paytm,1,ACC016614,3,46.5
lukebobal550@okhdfcbank,1,ACC016615,1,6.64
urmi98269@okicici,1,ACC016616,0,0.0
ebarad744@oksbi,1,ACC016617,2,30.72
shroffqabil473@paytm,1,ACC016618,0,0.0
hbhatti398@okaxis,1,ACC016619,2,169.4
ogandhi583@oksbi,1,ACC016620,0,0.0
pooja70795@ybl,1,ACC016621,0,0.0
anirudh4551@oksbi,1,ACC016622,3,82.6
hansirya206@okicici,1,ACC016623,2,179.2
kalemekhala982@oksbi,1,ACC016624,0,0.0
kohliojas254@okicici,1,ACC016625,1,17.5
pprashad73@okicici,1,ACC016626,0,0.0
kmerchant728@okaxis,1,ACC016627,0,0.0
contractorsanaya28@ybl,1,ACC016628,0,0.0
ighose820@paytm,1,ACC016629,2,45.32
pyogi130@ybl,1,ACC016630,0,0.0
kannanekaja142@oksbi,1,ACC016631,0,0.0
anthony22998@paytm,1,ACC016632,1,11.54
ttaneja93@okaxis,1,ACC016633,0,0.0
urvashisamra499@paytm,1,ACC016634,2,69.63
dasguptavedika60@ybl,1,ACC016635,2,26.23
rajmugdha414@okaxis,1,ACC016636,0,0.0
cwali633@ybl,1,ACC016637,2,17.82
ngoyal827@oksbi,1,ACC016638,0,0.0
rohan57500@okicici,1,ACC016639,1,10.32
januja6046@okicici,1,ACC016640,0,0.0
kpatla687@okaxis,1,ACC016641,0,0.0
adya34250@ybl,1,ACC016642,2,99.93
kalawali278@oksbi,1,ACC016643,0,0.0
omisha76958@okaxis,1,ACC016644,2,93.76
rajeshritaneja165@oksbi,1,ACC016645,2,76.63
dugarthomas717@paytm,1,ACC016646,1,16.78
devika1196@okhdfcbank,1,ACC016647,1,37.78
siya89385@okicici,1,ACC016648,1,27.28
iaurora516@okaxis,1,ACC016649,1,11.9
qbanik751@okicici,1,ACC016650,1,40.95
ksachdev482@ybl,1,ACC016651,1,5.58
zayan2521@ybl,1,ACC016652,1,93.1
zinalyadav6@okicici,1,ACC016653,0,0.0
qsibal510@paytm,1,ACC016654,1,39.55
hredhaanganesh678@okhdfcbank,1,ACC016655,1,7.0
bhasinkavya75@ybl,1,ACC016656,2,92.84
vrishtiarya377@paytm,1,ACC016657,1,40.95
lpuri761@ybl,1,ACC016658,2,87.5
vrittisalvi910@paytm,1,ACC016659,2,61.58
idika99125@okhdfcbank,1,ACC016660,1,22.16
balayvedika708@ybl,1,ACC016661,1,25.18
bachittarbumb580@ybl,1,ACC016662,0,0.0
sarthakkuruvilla559@paytm,1,ACC016663,0,0.0
turvilala340@okaxis,1,ACC016664,0,0.0
gadesachi175@oksbi,1,ACC016665,2,41.98
wadhwakamala686@okaxis,1,ACC016666,2,36.03
laban07267@paytm,1,ACC016667,0,0.0
varghesetara786@ybl,1,ACC016668,0,0.0
neelima83559@ybl,1,ACC016669,3,75.28
dalajapandya373@ybl,1,ACC016670,0,0.0
ide939@paytm,1,ACC016671,2,35.68
lalishanvi171@ybl,1,ACC016672,1,18.9
harshil40570@ybl,1,ACC016673,0,0.0
janakipadmanabhan928@okicici,1,ACC016674,2,156.8
chandrankalla413@okaxis,1,ACC016675,1,5.58
banjeet37453@okicici,1,ACC016676,0,0.0
groverpriya911@paytm,1,ACC016677,1,56.33
yadavi77107@okicici,1,ACC016678,2,58.78
jshroff214@okaxis,1,ACC016679,1,6.11
harinakshi89303@ybl,1,ACC016680,0,0.0
sachdeveesha962@oksbi,1,ACC016681,0,0.0
chowdhurychameli905@okicici,1,ACC016682,1,70.0
triveni10188@okaxis,1,ACC016683,2,21.57
omkaardhar739@okaxis,1,ACC016684,1,52.85
gadevihaan758@ybl,1,ACC016685,2,30.8
maxsolanki478@okhdfcbank,1,ACC016686,2,30.8
chatreshmital825@okicici,1,ACC016687,1,30.45
indali17275@oksbi,1,ACC016688,1,67.53
ayushman48264@oksbi,1,ACC016689,2,40.25
gaurav19302@paytm,1,ACC016690,2,125.23
vedarastogi383@okhdfcbank,1,ACC016691,4,168.4
lallaryan320@okicici,1,ACC016692,0,0.0
forum04943@paytm,1,ACC016693,1,35.0
lkapoor622@paytm,1,ACC016694,2,38.83
hanssiya290@okicici,1,ACC016695,2,26.57
wakeetaravi606@oksbi,1,ACC016696,1,12.25
ranveerkrishna448@okicici,1,ACC016697,2,133.29
ansh78738@paytm,1,ACC016698,0,0.0
idika7476@okicici,1,ACC016699,2,25.53
laksh12499@ybl,1,ACC016700,1,20.28
ztata566@okicici,1,ACC016701,1,35.0
neel03362@okicici,1,ACC016702,1,20.28
rishi95521@okicici,1,ACC016703,2,27.3
ngour979@ybl,1,ACC016704,0,0.0
zilmilpandya534@okicici,1,ACC016705,1,49.35
anjali77387@ybl,1,ACC016706,2,32.72
handaqushi270@okaxis,1,ACC016707,0,0.0
mukherjeemitali487@ybl,1,ACC016708,1,30.78
gunbir19619@okicici,1,ACC016709,0,0.0
nkhanna757@oksbi,1,ACC016710,0,0.0
anusharaval60@ybl,1,ACC016711,3,199.13
rajeshri69466@paytm,1,ACC016712,0,0.0
bchaudhuri900@okhdfcbank,1,ACC016713,1,40.95
gchowdhury690@okicici,1,ACC016714,2,187.23
swalla979@okhdfcbank,1,ACC016715,0,0.0
rushilmukherjee285@ybl,1,ACC016716,0,0.0
ekantadhar526@oksbi,1,ACC016717,2,175.42
gsen452@okicici,1,ACC016718,0,0.0
damini4853@oksbi,1,ACC016719,1,59.85
iamble555@okicici,1,ACC016720,1,45.48
vsethi570@paytm,1,ACC016721,1,10.15
zashilpradhan713@okhdfcbank,1,ACC016722,0,0.0
brijesh99461@paytm,1,ACC016723,2,143.83
ridhivarghese652@ybl,1,ACC016724,0,0.0
sathvik2458@oksbi,1,ACC016725,1,20.28
anarang3@oksbi,1,ACC016726,0,0.0
onarain551@oksbi,1,ACC016727,0,0.0
falanmaster427@paytm,1,ACC016728,1,30.78
madanharish288@ybl,1,ACC016729,0,0.0
obalay946@paytm,1,ACC016730,2,31.15
neel46627@okaxis,1,ACC016731,0,0.0
sandaljeremiah714@oksbi,1,ACC016732,2,72.8
pchoudhry25@okicici,1,ACC016733,0,0.0
amara8291@okhdfcbank,1,ACC016734,0,0.0
vermamekhala865@paytm,1,ACC016735,1,52.5
masterlakshit83@paytm,1,ACC016736,0,0.0
dhillonriya906@okicici,1,ACC016737,2,226.8
zansikuruvilla963@okicici,1,ACC016738,1,21.27
ngade21@okicici,1,ACC016739,0,0.0
awagle20@paytm,1,ACC016740,0,0.0
krisha60795@paytm,1,ACC016741,0,0.0
ekani77840@ybl,1,ACC016742,0,0.0
vdeol952@okaxis,1,ACC016743,0,0.0
tooryoshita961@paytm,1,ACC016744,1,14.35
nayakubika992@okaxis,1,ACC016745,0,0.0
mahikajoshi739@paytm,1,ACC016746,1,20.28
purohittarak343@paytm,1,ACC016747,0,0.0
xchauhan615@okicici,1,ACC016748,2,38.15
onveer19802@okhdfcbank,1,ACC016749,0,0.0
hdhillon305@okaxis,1,ACC016750,1,0.31
balijagat669@oksbi,1,ACC016751,0,0.0
udarsh51445@ybl,1,ACC016752,0,0.0
borahvinaya337@ybl,1,ACC016753,0,0.0
daksheshbhasin915@okaxis,1,ACC016754,1,37.78
omand449@ybl,1,ACC016755,0,0.0
ubika23129@okhdfcbank,1,ACC016756,0,0.0
harinakshideol384@okaxis,1,ACC016757,0,0.0
chanchalkashyap773@oksbi,1,ACC016758,0,0.0
bishakhapalla372@okhdfcbank,1,ACC016759,1,111.12
kmander830@oksbi,1,ACC016760,0,0.0
xmerchant789@ybl,1,ACC016761,1,111.12
badalyug273@paytm,1,ACC016762,0,0.0
nakul1934@ybl,1,ACC016763,1,79.1
riya42188@okaxis,1,ACC016764,1,7.49
logan67323@okicici,1,ACC016765,0,0.0
skhatri949@ybl,1,ACC016766,0,0.0
krishna00715@paytm,1,ACC016767,0,0.0
thomasbhasin696@ybl,1,ACC016768,0,0.0
sinhaaashi657@okhdfcbank,1,ACC016769,0,0.0
smody443@okhdfcbank,1,ACC016770,0,0.0
mukhopadhyaymatthew180@okhdfcbank,1,ACC016771,0,0.0
zayyanpadmanabhan389@okaxis,1,ACC016772,0,0.0
hredhaan98608@okaxis,1,ACC016773,0,0.0
sharmaedhitha162@paytm,1,ACC016774,1,40.95
chandranekapad11@okhdfcbank,1,ACC016775,0,0.0
bassibalendra198@ybl,1,ACC016776,0,0.0
gautam34922@paytm,1,ACC016777,1,8.75
ekantakeer953@oksbi,1,ACC016778,0,0.0
jagrati9290@oksbi,1,ACC016779,1,139.63
andrewloke370@oksbi,1,ACC016780,1,37.78
dayamaimander747@okaxis,1,ACC016781,2,249.9
chaitanya34665@ybl,1,ACC016782,0,0.0
warjas114@okicici,1,ACC016783,1,35.0
suraakshay190@ybl,1,ACC016784,0,0.0
gayathri2115@ybl,1,ACC016785,1,40.95
zashilrout312@okicici,1,ACC016786,0,0.0
uchakraborty110@okicici,1,ACC016787,0,0.0
vasudha93586@oksbi,1,ACC016788,2,116.53
chawlasarthak861@okaxis,1,ACC016789,1,17.5
benmanbir360@ybl,1,ACC016790,1,104.98
kmane607@ybl,1,ACC016791,1,15.57
dayamaikala757@paytm,1,ACC016792,1,1017.78
paninigarg832@oksbi,1,ACC016793,0,0.0
dhritibhasin652@okicici,1,ACC016794,1,12.58
groverekiya858@okaxis,1,ACC016795,1,35.0
aadithaman312@okicici,1,ACC016796,0,0.0
edhithapai429@okicici,1,ACC016797,0,0.0
jcheema530@oksbi,1,ACC016798,0,0.0
damini42411@ybl,1,ACC016799,1,10.83
nsood835@okaxis,1,ACC016800,1,165.74
jasmit72369@okicici,1,ACC016801,0,0.0
nsahni773@okicici,1,ACC016802,0,0.0
soniurvi37@okaxis,1,ACC016803,1,40.95
akalla755@okhdfcbank,1,ACC016804,0,0.0
kmannan235@oksbi,1,ACC016805,2,44.43
jackseth53@oksbi,1,ACC016806,1,79.1
chaturabora320@paytm,1,ACC016807,1,20.65
ghoshsneha384@paytm,1,ACC016808,1,38.13
abeermallick524@okicici,1,ACC016809,0,0.0
girik89453@paytm,1,ACC016810,0,0.0
tandonkamya603@paytm,1,ACC016811,0,0.0
ikannan899@paytm,1,ACC016812,2,152.58
yashodharabuch229@okhdfcbank,1,ACC016813,0,0.0
uwadhwa433@oksbi,1,ACC016814,0,0.0
rishi79638@ybl,1,ACC016815,0,0.0
ukala352@okaxis,1,ACC016816,0,0.0
dkumer893@okhdfcbank,1,ACC016817,0,0.0
anmoliyer726@okicici,1,ACC016818,0,0.0
msetty702@paytm,1,ACC016819,0,0.0
upasna95685@okhdfcbank,1,ACC016820,0,0.0
laksh40964@okhdfcbank,1,ACC016821,0,0.0
onichoudhry366@okhdfcbank,1,ACC016822,0,0.0
roberthora37@paytm,1,ACC016823,0,0.0
ekanshprakash142@okhdfcbank,1,ACC016824,0,0.0
somandamyanti963@okicici,1,ACC016825,0,0.0
bakhshi21644@ybl,1,ACC016826,0,0.0
harshsubramanian223@okhdfcbank,1,ACC016827,1,51.1
mistryliam114@paytm,1,ACC016828,0,0.0
dhriti3818@oksbi,1,ACC016829,1,10.24
indirabalakrishnan989@ybl,1,ACC016830,1,30.78
xkashyap187@paytm,1,ACC016831,0,0.0
benjamin60812@okhdfcbank,1,ACC016832,0,0.0
xdatta168@okicici,1,ACC016833,1,117.25
jagvikoshy945@okaxis,1,ACC016834,1,79.1
guptavrishti337@oksbi,1,ACC016835,0,0.0
falguni41632@ybl,1,ACC016836,1,14.0
pingleekantika510@okhdfcbank,1,ACC016837,0,0.0
kamyabadami145@ybl,1,ACC016838,1,20.65
xborra271@oksbi,1,ACC016839,0,0.0
ldalal150@paytm,1,ACC016840,0,0.0
girish95769@paytm,1,ACC016841,1,10.83
suriliam514@okicici,1,ACC016842,3,40.82
anmolraman512@oksbi,1,ACC016843,0,0.0
dasspanini114@okicici,1,ACC016844,1,20.28
vdua907@ybl,1,ACC016845,0,0.0
anitakumar493@okicici,1,ACC016846,0,0.0
lakshitkant306@okicici,1,ACC016847,1,75.23
natarajanmeghana742@okicici,1,ACC016848,0,0.0
pranavbasak707@paytm,1,ACC016849,2,34.3
lguha70@ybl,1,ACC016850,2,22.29
shauryadatta902@okhdfcbank,1,ACC016851,0,0.0
jlall695@okhdfcbank,1,ACC016852,1,37.78
nagigeorge323@okicici,1,ACC016853,1,26.25
ekar20@okicici,1,ACC016854,2,47.93
saksham03500@paytm,1,ACC016855,0,0.0
advay74189@ybl,1,ACC016856,1,38.13
hsethi643@paytm,1,ACC016857,1,20.65
akari75@ybl,1,ACC016858,0,0.0
zsama138@paytm,1,ACC016859,0,0.0
frama915@okaxis,1,ACC016860,1,79.1
tanmayiradhakrishnan865@okaxis,1,ACC016861,0,0.0
samadayita318@okaxis,1,ACC016862,1,10.15
svarty845@paytm,1,ACC016863,0,0.0
unni2679@paytm,1,ACC016864,2,190.91
gwali569@okicici,1,ACC016865,0,0.0
praneeldeshpande9@okaxis,1,ACC016866,0,0.0
odikasami561@okaxis,1,ACC016867,0,0.0
falan7419@okicici,1,ACC016868,1,26.95
advikamerchant896@okaxis,1,ACC016869,0,0.0
ekalingatailor524@okaxis,1,ACC016870,0,0.0
anaymadan933@okhdfcbank,1,ACC016871,0,0.0
zayan98744@ybl,1,ACC016872,0,0.0
gchowdhury17@paytm,1,ACC016873,1,70.0
lajita60290@ybl,1,ACC016874,0,0.0
prishabhavsar967@okaxis,1,ACC016875,1,30.8
anandqasim251@okaxis,1,ACC016876,1,90.98
bsalvi459@okicici,1,ACC016877,0,0.0
veda57393@okhdfcbank,1,ACC016878,1,262.5
ramakrishnandaniel388@ybl,1,ACC016879,0,0.0
sparmer203@oksbi,1,ACC016880,2,49.68
vagarwal800@okaxis,1,ACC016881,0,0.0
walihamsini188@paytm,1,ACC016882,0,0.0
okade278@okaxis,1,ACC016883,0,0.0
sudiksha69648@okicici,1,ACC016884,2,28.0
urishillapillai74@ybl,1,ACC016885,1,30.97
harshmahal300@paytm,1,ACC016886,0,0.0
zrau185@paytm,1,ACC016887,1,98.0
kandaoviya160@okicici,1,ACC016888,0,0.0
sudiksha36373@okaxis,1,ACC016889,0,0.0
ymodi428@okaxis,1,ACC016890,0,0.0
xchoudhry453@oksbi,1,ACC016891,0,0.0
aishanibajaj349@okhdfcbank,1,ACC016892,0,0.0
travel966@oksbi,1,ACC016893,1,117.25
lhans305@okicici,1,ACC016894,0,0.0
savantsara273@ybl,1,ACC016895,0,0.0
lbhasin179@ybl,1,ACC016896,0,0.0
anjali1449@ybl,1,ACC016897,1,59.85
bhatmaya643@paytm,1,ACC016898,0,0.0
sodhiranbir621@okaxis,1,ACC016899,1,70.0
ksankaran656@paytm,1,ACC016900,0,0.0
reva70460@ybl,1,ACC016901,2,86.63
yauvani08161@oksbi,1,ACC016902,4,152.03
jasonnadkarni156@oksbi,1,ACC016903,0,0.0
dayamai34807@okaxis,1,ACC016904,0,0.0
prashadrachana973@ybl,1,ACC016905,3,352.8
bhasineesha44@okhdfcbank,1,ACC016906,0,0.0
atoor79@okicici,1,ACC016907,0,0.0
mkaur389@oksbi,1,ACC016908,0,0.0
vrittidasgupta664@okicici,1,ACC016909,1,15.4
ayushman77684@okicici,1,ACC016910,0,0.0
jeevika83489@ybl,1,ACC016911,0,0.0
orama717@okaxis,1,ACC016912,0,0.0
waida85582@okhdfcbank,1,ACC016913,1,10.15
vyohannan774@okaxis,1,ACC016914,0,0.0
jasmitranganathan564@okaxis,1,ACC016915,0,0.0
aarini59580@paytm,1,ACC016916,0,0.0
fsodhi343@oksbi,1,ACC016917,2,28.68
virajkeer830@okhdfcbank,1,ACC016918,0,0.0
urishilla82940@okhdfcbank,1,ACC016919,0,0.0
adya35566@okicici,1,ACC016920,0,0.0
sram725@ybl,1,ACC016921,1,26.25
vpatla834@okhdfcbank,1,ACC016922,2,129.81
sahotaanvi726@oksbi,1,ACC016923,3,563.38
chadaleela232@oksbi,1,ACC016924,0,0.0
nikitasawhney900@okhdfcbank,1,ACC016925,1,11.32
widishasha347@paytm,1,ACC016926,0,0.0
kashishagarwal550@ybl,1,ACC016927,1,20.65
sabharwalladli873@okicici,1,ACC016928,0,0.0
zjani180@okhdfcbank,1,ACC016929,1,10.15
vedant53710@ybl,1,ACC016930,0,0.0
soodsai610@okaxis,1,ACC016931,0,0.0
aahanachana338@paytm,1,ACC016932,0,0.0
boasekalpit98@ybl,1,ACC016933,0,0.0
ravelbishakha982@okhdfcbank,1,ACC016934,0,0.0
avianne253@paytm,1,ACC016935,1,17.15
rattaeesha463@paytm,1,ACC016936,0,0.0
geetikadubey733@okaxis,1,ACC016937,0,0.0
shuklachandran649@okaxis,1,ACC016938,1,365.73
unatarajan782@okicici,1,ACC016939,1,11.35
santekanta534@paytm,1,ACC016940,0,0.0
tejaschaudhry961@okaxis,1,ACC016941,1,4.19
prishasanghvi668@okhdfcbank,1,ACC016942,2,38.83
moreyamini797@okicici,1,ACC016943,1,20.63
gchoudhry882@okicici,1,ACC016944,0,0.0
yashawini65198@paytm,1,ACC016945,0,0.0
ayushman58674@okhdfcbank,1,ACC016946,2,31.29
nathaniel8674@okhdfcbank,1,ACC016947,0,0.0
anirudh27937@paytm,1,ACC016948,0,0.0
ayushman29407@ybl,1,ACC016949,0,0.0
urvashi39219@okaxis,1,ACC016950,1,8.4
dharnihal437@okhdfcbank,1,ACC016951,0,0.0
pchaudhry955@ybl,1,ACC016952,3,91.31
ghosehardik200@oksbi,1,ACC016953,1,17.15
mrandhawa132@paytm,1,ACC016954,1,17.5
mannejagvi743@oksbi,1,ACC016955,1,16.78
rajusai686@oksbi,1,ACC016956,0,0.0
shankarsuhani84@okaxis,1,ACC016957,1,20.28
sureshsanya895@oksbi,1,ACC016958,0,0.0
ebasak324@okhdfcbank,1,ACC016959,0,0.0
jeremiah19913@okicici,1,ACC016960,0,0.0
chandanikita737@okhdfcbank,1,ACC016961,0,0.0
reyansh36912@oksbi,1,ACC016962,0,0.0
theodore35199@ybl,1,ACC016963,0,0.0
vgandhi39@paytm,1,ACC016964,0,0.0
bakhshibanerjee121@okaxis,1,ACC016965,0,0.0
tmangat549@okaxis,1,ACC016966,0,0.0
isaiahbhardwaj690@paytm,1,ACC016967,0,0.0
edhithamittal676@okaxis,1,ACC016968,1,87.5
dhingraodika987@okaxis,1,ACC016969,1,59.5
harsh22398@okicici,1,ACC016970,0,0.0
balimugdha911@okhdfcbank,1,ACC016971,0,0.0
ywable556@okicici,1,ACC016972,0,0.0
obhalla178@okhdfcbank,1,ACC016973,1,33.95
sidhuradhika869@okaxis,1,ACC016974,0,0.0
naveenpradhan466@ybl,1,ACC016975,0,0.0
gbail140@oksbi,1,ACC016976,0,0.0
zdhillon265@okicici,1,ACC016977,0,0.0
dalbircheema821@oksbi,1,ACC016978,1,17.15
takrudra830@ybl,1,ACC016979,0,0.0
srivastavaliam26@okhdfcbank,1,ACC016980,1,40.23
ramachandranadvay918@paytm,1,ACC016981,0,0.0
binabarman79@okicici,1,ACC016982,2,167.63
garavictor765@okaxis,1,ACC016983,0,0.0
krisha10986@ybl,1,ACC016984,0,0.0
xaggarwal70@okaxis,1,ACC016985,0,0.0
ira54274@ybl,1,ACC016986,0,0.0
shravya85984@okaxis,1,ACC016987,0,0.0
victorvora105@ybl,1,ACC016988,1,20.65
chadalila911@okaxis,1,ACC016989,2,34.28
padmanabhanlaksh956@okaxis,1,ACC016990,0,0.0
batravasudha316@okicici,1,ACC016991,0,0.0
wanand570@ybl,1,ACC016992,0,0.0
qasim0587@oksbi,1,ACC016993,1,20.65
sahnijack879@paytm,1,ACC016994,0,0.0
dorajeremiah67@okicici,1,ACC016995,0,0.0
azadgole155@paytm,1,ACC016996,0,0.0
ekanipai697@okicici,1,ACC016997,1,18.08
khareekta109@okhdfcbank,1,ACC016998,1,37.78
jbhatnagar739@ybl,1,ACC016999,0,0.0
vivaandhar470@okhdfcbank,1,ACC017000,0,0.0
baralanika164@paytm,1,ACC017001,1,70.0
henry64745@okaxis,1,ACC017002,0,0.0
brijesh46695@paytm,1,ACC017003,1,49.35
rajagopalanlaban919@paytm,1,ACC017004,1,126.0
cbadami116@okicici,1,ACC017005,2,58.25
isha18840@okaxis,1,ACC017006,1,4.26
hmandal288@oksbi,1,ACC017007,1,20.28
suriaayush664@okicici,1,ACC017008,1,17.15
vedhika8258@okhdfcbank,1,ACC017009,0,0.0
unadig512@paytm,1,ACC017010,0,0.0
omaja44378@oksbi,1,ACC017011,0,0.0
randhawatarak670@okhdfcbank,1,ACC017012,0,0.0
charangola650@okaxis,1,ACC017013,1,82.25
ranveerjoshi840@okicici,1,ACC017014,0,0.0
warjas36228@paytm,1,ACC017015,0,0.0
skrish666@oksbi,1,ACC017016,2,49.68
gkaran751@oksbi,1,ACC017017,0,0.0
dayamaibera433@okicici,1,ACC017018,0,0.0
bassipraneel170@okhdfcbank,1,ACC017019,1,40.95
luke48604@okaxis,1,ACC017020,0,0.0
edalia329@ybl,1,ACC017021,1,20.65
adeshpande552@paytm,1,ACC017022,0,0.0
shivani60173@okicici,1,ACC017023,0,0.0
yashodharachanda136@okaxis,1,ACC017024,0,0.0
varenyadani999@ybl,1,ACC017025,0,0.0
fiyazbhandari985@okaxis,1,ACC017026,3,59.79
sharafomya402@paytm,1,ACC017027,1,37.78
psane453@okhdfcbank,1,ACC017028,3,97.65
mdubey313@ybl,1,ACC017029,1,79.1
ikshitabahri439@ybl,1,ACC017030,0,0.0
qarinsahni613@ybl,1,ACC017031,0,0.0
gautamiapte733@paytm,1,ACC017032,0,0.0
bumbyashodhara102@paytm,1,ACC017033,0,0.0
rayaanraman923@okicici,1,ACC017034,2,44.45
parsakabir157@oksbi,1,ACC017035,1,35.0
banjeet77327@oksbi,1,ACC017036,0,0.0
ygoda762@okaxis,1,ACC017037,0,0.0
toorsamuel690@okicici,1,ACC017038,0,0.0
iparikh179@oksbi,1,ACC017039,0,0.0
mbarad862@okicici,1,ACC017040,0,0.0
vasudha05267@okicici,1,ACC017041,0,0.0
tdoshi574@oksbi,1,ACC017042,0,0.0
swamyturvi647@okaxis,1,ACC017043,1,55.98
satheqasim265@oksbi,1,ACC017044,1,59.85
skrishnan816@okicici,1,ACC017045,0,0.0
ravelrachita624@okaxis,1,ACC017046,1,157.5
ati03833@okaxis,1,ACC017047,2,60.2
unnatihanda829@okaxis,1,ACC017048,0,0.0
manecharvi102@okicici,1,ACC017049,0,0.0
yadavudant658@oksbi,1,ACC017050,1,17.5
xmagar849@okaxis,1,ACC017051,0,0.0
bhavya05962@oksbi,1,ACC017052,1,79.1
barmancharles546@paytm,1,ACC017053,2,49.68
harita94580@ybl,1,ACC017054,1,10.5
ichakrabarti598@oksbi,1,ACC017055,3,76.96
eesha61421@okhdfcbank,1,ACC017056,0,0.0
bansalfitan242@ybl,1,ACC017057,0,0.0
swamyvinaya383@paytm,1,ACC017058,1,59.85
mukhopadhyaykala840@okicici,1,ACC017059,0,0.0
samarthgade437@oksbi,1,ACC017060,1,3.5
khanda898@okhdfcbank,1,ACC017061,0,0.0
tejas89309@okicici,1,ACC017062,1,12.81
zraghavan362@ybl,1,ACC017063,2,31.48
wahab99949@ybl,1,ACC017064,2,52.5
sachibal948@okhdfcbank,1,ACC017065,1,193.9
vansha06210@oksbi,1,ACC017066,0,0.0
chavvikanda246@paytm,1,ACC017067,1,55.98
wablekala957@oksbi,1,ACC017068,2,50.38
aarna28326@okaxis,1,ACC017069,0,0.0
mangalsamarth842@oksbi,1,ACC017070,0,0.0
maanas37404@okhdfcbank,1,ACC017071,0,0.0
deansh82@oksbi,1,ACC017072,0,0.0
zayannagy900@okaxis,1,ACC017073,0,0.0
jagvibatra92@paytm,1,ACC017074,1,20.28
siya78847@ybl,1,ACC017075,2,40.93
davidsachdeva39@okicici,1,ACC017076,1,13.65
atharv20381@okaxis,1,ACC017077,0,0.0
tdevi574@okicici,1,ACC017078,0,0.0
morebaghyawati428@okhdfcbank,1,ACC017079,0,0.0
ayaan76916@oksbi,1,ACC017080,0,0.0
vanshavaidya932@ybl,1,ACC017081,1,10.83
pradhanvaishnavi218@paytm,1,ACC017082,1,2.96
mason45888@okicici,1,ACC017083,0,0.0
yashasvipathak136@okicici,1,ACC017084,1,37.78
vidhi46559@okaxis,1,ACC017085,1,5.75
wazir71928@okaxis,1,ACC017086,2,25.53
rajagopalanekansh942@ybl,1,ACC017087,1,11.94
netra7623@ybl,1,ACC017088,0,0.0
rameshnandini79@ybl,1,ACC017089,0,0.0
dalaja33117@okaxis,1,ACC017090,0,0.0
gopalojasvi839@oksbi,1,ACC017091,1,20.28
gaurang61617@okicici,1,ACC017092,0,0.0
djoshi346@ybl,1,ACC017093,0,0.0
htoor662@oksbi,1,ACC017094,1,17.5
nverma43@oksbi,1,ACC017095,0,0.0
jacksonloyal771@oksbi,1,ACC017096,0,0.0
cbhargava196@okhdfcbank,1,ACC017097,1,11.9
raotriya704@oksbi,1,ACC017098,0,0.0
saksham53361@ybl,1,ACC017099,0,0.0
yashasvi58639@okhdfcbank,1,ACC017100,2,46.18
zbaral206@okicici,1,ACC017101,1,8.12
osangha352@okicici,1,ACC017102,2,29.36
manbirupadhyay109@paytm,1,ACC017103,0,0.0
tom267@okhdfcbank,1,ACC017104,0,0.0
agastyanatt719@oksbi,1,ACC017105,0,0.0
bishakhaatwal914@okhdfcbank,1,ACC017106,0,0.0
yauvani42840@okicici,1,ACC017107,2,44.1
uppalronith135@oksbi,1,ACC017108,0,0.0
sanaya82752@okhdfcbank,1,ACC017109,1,52.5
duttxavier342@ybl,1,ACC017110,0,0.0
hemakari239@paytm,1,ACC017111,1,18.95
indira50474@ybl,1,ACC017112,1,18.89
ebose658@okicici,1,ACC017113,1,17.15
avi82933@ybl,1,ACC017114,0,0.0
pandyahema912@okaxis,1,ACC017115,0,0.0
kchada553@okaxis,1,ACC017116,0,0.0
aarnavmani672@oksbi,1,ACC017117,1,19.25
som381@oksbi,1,ACC017118,0,0.0
nicholasravel844@ybl,1,ACC017119,0,0.0
cdas643@paytm,1,ACC017120,1,20.65
anjaliiyer376@paytm,1,ACC017121,0,0.0
mandalchakrika251@okhdfcbank,1,ACC017122,1,40.95
ronith01948@oksbi,1,ACC017123,0,0.0
kannanfaqid260@okhdfcbank,1,ACC017124,1,79.1
zansi42743@okhdfcbank,1,ACC017125,1,23.78
uprabhakar690@okicici,1,ACC017126,1,20.65
noah68311@ybl,1,ACC017127,2,429.08
hsridhar626@paytm,1,ACC017128,0,0.0
xmistry737@okicici,1,ACC017129,0,0.0
ugopal53@okhdfcbank,1,ACC017130,1,73.48
oniganesh146@ybl,1,ACC017131,1,19.6
vram418@okhdfcbank,1,ACC017132,0,0.0
inaya87742@oksbi,1,ACC017133,1,104.45
thakerhredhaan533@oksbi,1,ACC017134,1,13.65
iyengarchaitaly702@okaxis,1,ACC017135,2,282.31
okoshy466@paytm,1,ACC017136,2,49.7
farajnayak784@okaxis,1,ACC017137,0,0.0
atwalmohini786@ybl,1,ACC017138,1,15.4
kandajacob59@okhdfcbank,1,ACC017139,1,120.36
gkhanna957@paytm,1,ACC017140,2,22.03
chauhanchandran204@oksbi,1,ACC017141,0,0.0
wazirbaral241@oksbi,1,ACC017142,1,12.58
nihal25943@paytm,1,ACC017143,2,50.03
jainkeya856@okicici,1,ACC017144,0,0.0
akshaydada26@paytm,1,ACC017145,0,0.0
dakshesh5239@okaxis,1,ACC017146,0,0.0
manyamemon730@okhdfcbank,1,ACC017147,1,11.9
xbal951@okhdfcbank,1,ACC017148,0,0.0
bassiekavir246@paytm,1,ACC017149,0,0.0
rswaminathan148@okhdfcbank,1,ACC017150,1,30.97
batholiver735@okhdfcbank,1,ACC017151,0,0.0
zayan36417@oksbi,1,ACC017152,0,0.0
kumerrachit942@okaxis,1,ACC017153,0,0.0
kallasai961@ybl,1,ACC017154,0,0.0
maxchowdhury49@paytm,1,ACC017155,1,16.49
raymason228@oksbi,1,ACC017156,0,0.0
mandalshivani157@okaxis,1,ACC017157,1,12.58
qchopra251@oksbi,1,ACC017158,0,0.0
karafaras861@okicici,1,ACC017159,0,0.0
rachitbutala638@okhdfcbank,1,ACC017160,0,0.0
hrau996@paytm,1,ACC017161,0,0.0
omishakamdar867@oksbi,1,ACC017162,0,0.0
brijeshagrawal186@paytm,1,ACC017163,0,0.0
hemasankaran640@oksbi,1,ACC017164,0,0.0
jonathan81226@ybl,1,ACC017165,0,0.0
buchchaaya412@okaxis,1,ACC017166,0,0.0
dayita65914@okhdfcbank,1,ACC017167,1,54.95
choudhuryfalak948@okaxis,1,ACC017168,0,0.0
oliver68180@okicici,1,ACC017169,0,0.0
ktak175@oksbi,1,ACC017170,0,0.0
salvijacob501@paytm,1,ACC017171,0,0.0
sachdevekta134@okhdfcbank,1,ACC017172,0,0.0
rohanbhatia960@okhdfcbank,1,ACC017173,0,0.0
cbandi146@ybl,1,ACC017174,0,0.0
daksh76241@oksbi,1,ACC017175,0,0.0
wmitter558@okhdfcbank,1,ACC017176,1,68.6
maanav41740@oksbi,1,ACC017177,2,176.4
sanghamekhala136@okicici,1,ACC017178,0,0.0
igolla193@okaxis,1,ACC017179,0,0.0
ramakrishnanraksha329@ybl,1,ACC017180,0,0.0
sramachandran97@okicici,1,ACC017181,0,0.0
jayaramankiaan775@okhdfcbank,1,ACC017182,0,0.0
mishragarima304@okicici,1,ACC017183,3,78.75
bbrar836@okhdfcbank,1,ACC017184,1,38.13
onkarbhasin620@okicici,1,ACC017185,2,221.7
darpanchaudhary32@paytm,1,ACC017186,0,0.0
kbobal149@okicici,1,ACC017187,2,23.8
kalakai222@oksbi,1,ACC017188,1,10.15
daksheshsoni355@okicici,1,ACC017189,0,0.0
ladkala322@okhdfcbank,1,ACC017190,0,0.0
farajbalan806@okhdfcbank,1,ACC017191,0,0.0
fbahl511@oksbi,1,ACC017192,0,0.0
ekantavenkataraman503@paytm,1,ACC017193,0,0.0
daliahredhaan563@okaxis,1,ACC017194,0,0.0
gerawarjas149@okicici,1,ACC017195,0,0.0
jchoudhry433@okaxis,1,ACC017196,2,168.31
lsawhney972@okaxis,1,ACC017197,1,40.23
golesiya117@okhdfcbank,1,ACC017198,0,0.0
aahanavohra952@paytm,1,ACC017199,1,257.95
bhatnagarodika986@okicici,1,ACC017200,2,31.11
savantniharika837@paytm,1,ACC017201,1,3.71
aryankala393@oksbi,1,ACC017202,1,8.4
barkha61648@okaxis,1,ACC017203,1,11.88
deshpandeanjali982@okhdfcbank,1,ACC017204,1,20.28
vaishnavimangat992@okhdfcbank,1,ACC017205,1,37.78
vamakshi93808@oksbi,1,ACC017206,1,23.22
parikhnitara319@oksbi,1,ACC017207,0,0.0
lallhitesh281@okaxis,1,ACC017208,0,0.0
saranwidisha624@oksbi,1,ACC017209,0,0.0
adityachakrabarti937@paytm,1,ACC017210,0,0.0
anmol44464@oksbi,1,ACC017211,0,0.0
ekaraj06472@ybl,1,ACC017212,0,0.0
chakradharchada113@paytm,1,ACC017213,1,40.95
laladvaith298@ybl,1,ACC017214,0,0.0
chatura3959@okhdfcbank,1,ACC017215,1,9.08
umang78328@oksbi,1,ACC017216,0,0.0
dominic58745@okhdfcbank,1,ACC017217,1,79.1
adate187@okicici,1,ACC017218,0,0.0
poojamander143@okhdfcbank,1,ACC017219,1,36.39
qborra708@okaxis,1,ACC017220,1,15.84
virajratta880@oksbi,1,ACC017221,0,0.0
hariekavir150@okicici,1,ACC017222,0,0.0
eesha91569@okhdfcbank,1,ACC017223,1,17.5
rsachar36@ybl,1,ACC017224,0,0.0
riya7821@okaxis,1,ACC017225,3,82.28
abadal755@okhdfcbank,1,ACC017226,0,0.0
azadbora101@paytm,1,ACC017227,1,51.1
kuppal870@oksbi,1,ACC017228,3,84.64
sathvikborde832@okhdfcbank,1,ACC017229,0,0.0
tbajaj577@ybl,1,ACC017230,2,17.32
iraju767@ybl,1,ACC017231,1,12.58
ekansh97836@okicici,1,ACC017232,0,0.0
arjun24710@okhdfcbank,1,ACC017233,0,0.0
gborra558@paytm,1,ACC017234,0,0.0
dayamainatarajan991@paytm,1,ACC017235,1,37.78
jalsakumar350@oksbi,1,ACC017236,0,0.0
kadakiaanthony135@okicici,1,ACC017237,1,11.9
henry27127@ybl,1,ACC017238,0,0.0
thamanethan891@paytm,1,ACC017239,0,0.0
jeet49333@paytm,1,ACC017240,1,49.35
pramaswamy569@okhdfcbank,1,ACC017241,0,0.0
lkoshy591@oksbi,1,ACC017242,1,17.15
mshukla920@oksbi,1,ACC017243,0,0.0
tara83846@okicici,1,ACC017244,1,20.65
boasevrishti836@okaxis,1,ACC017245,0,0.0
ekaja43928@ybl,1,ACC017246,0,0.0
chaitanyatella257@okhdfcbank,1,ACC017247,0,0.0
gsura937@ybl,1,ACC017248,1,29.03
dakshsamra726@paytm,1,ACC017249,0,0.0
mpandey232@oksbi,1,ACC017250,1,16.78
gagan61499@okicici,1,ACC017251,1,37.78
charvibajwa204@paytm,1,ACC017252,0,0.0
dalaja80183@oksbi,1,ACC017253,0,0.0
jkar276@okhdfcbank,1,ACC017254,0,0.0
vsani62@okaxis,1,ACC017255,0,0.0
bhallaojasvi796@paytm,1,ACC017256,2,101.83
sjaggi854@okhdfcbank,1,ACC017257,1,16.78
warda33496@okicici,1,ACC017258,3,190.68
kborah6@ybl,1,ACC017259,1,54.95
contractormanya679@oksbi,1,ACC017260,0,0.0
janujanagi793@oksbi,1,ACC017261,1,70.0
aishani22501@okhdfcbank,1,ACC017262,0,0.0
charita30610@okhdfcbank,1,ACC017263,0,0.0
yashodhara13671@paytm,1,ACC017264,0,0.0
liambrar622@paytm,1,ACC017265,0,0.0
pdada294@okaxis,1,ACC017266,0,0.0
simon24833@paytm,1,ACC017267,1,12.93
vchhabra941@okhdfcbank,1,ACC017268,0,0.0
lkannan469@okicici,1,ACC017269,0,0.0
jalsa50190@paytm,1,ACC017270,1,9.08
kdalal715@okicici,1,ACC017271,1,36.39
udantmital830@paytm,1,ACC017272,1,17.14
ekajanatt484@paytm,1,ACC017273,0,0.0
chaaya16546@okicici,1,ACC017274,1,16.78
rnarayan874@okhdfcbank,1,ACC017275,1,17.5
mananbala638@oksbi,1,ACC017276,0,0.0
benxavier866@paytm,1,ACC017277,0,0.0
jagvi35604@paytm,1,ACC017278,1,16.78
chanakavya974@oksbi,1,ACC017279,1,179.88
ekiyadatta474@okicici,1,ACC017280,3,185.48
vmuni901@oksbi,1,ACC017281,0,0.0
amairaganesan302@oksbi,1,ACC017282,0,0.0
banerjeeyachana894@okaxis,1,ACC017283,1,27.28
anya23504@oksbi,1,ACC017284,2,43.03
surarachit689@okicici,1,ACC017285,1,12.58
asolanki436@oksbi,1,ACC017286,1,79.1
ekantikapalan213@okhdfcbank,1,ACC017287,2,47.23
leela41710@paytm,1,ACC017288,1,19.07
uchana326@oksbi,1,ACC017289,0,0.0
ijayamallick277@okicici,1,ACC017290,2,60.88
csarin607@oksbi,1,ACC017291,1,79.1
falaktailor464@okhdfcbank,1,ACC017292,2,53.53
maharajaarav89@okaxis,1,ACC017293,1,20.65
saanvikant683@oksbi,1,ACC017294,0,0.0
voraisha517@ybl,1,ACC017295,2,174.28
garimaseshadri417@okhdfcbank,1,ACC017296,0,0.0
alexanderjha313@oksbi,1,ACC017297,0,0.0
ide961@oksbi,1,ACC017298,2,79.39
ekari870@okaxis,1,ACC017299,1,37.97
dateedhitha509@paytm,1,ACC017300,1,14.0
adash545@oksbi,1,ACC017301,1,37.97
ndin804@oksbi,1,ACC017302,0,0.0
bhardwajrohan563@oksbi,1,ACC017303,1,79.1
iramesh487@oksbi,1,ACC017304,0,0.0
seshadrivanya706@okaxis,1,ACC017305,0,0.0
jack43219@okaxis,1,ACC017306,0,0.0
gunbirpathak196@oksbi,1,ACC017307,0,0.0
waliisaac606@okicici,1,ACC017308,0,0.0
senrobert886@okaxis,1,ACC017309,0,0.0
shivanshbhatia314@ybl,1,ACC017310,0,0.0
keyavasa534@okhdfcbank,1,ACC017311,2,27.28
januja50295@paytm,1,ACC017312,2,14.87
utkarsh3652@okaxis,1,ACC017313,1,27.83
vasana75419@okhdfcbank,1,ACC017314,0,0.0
ddasgupta215@paytm,1,ACC017315,0,0.0
boasetejas91@oksbi,1,ACC017316,0,0.0
johalnaksh28@okhdfcbank,1,ACC017317,0,0.0
rvarghese840@oksbi,1,ACC017318,1,11.9
dsankar746@ybl,1,ACC017319,0,0.0
balalibni263@okaxis,1,ACC017320,0,0.0
thakerpavani352@okhdfcbank,1,ACC017321,0,0.0
snigam682@okicici,1,ACC017322,0,0.0
qasim45852@oksbi,1,ACC017323,0,0.0
phayer978@ybl,1,ACC017324,1,20.28
logan918@okaxis,1,ACC017325,0,0.0
madhav9964@okaxis,1,ACC017326,1,17.15
tgulati210@okhdfcbank,1,ACC017327,1,8.75
warinder75372@okicici,1,ACC017328,2,80.5
praneelganesh734@okicici,1,ACC017329,1,5.67
okohli111@okicici,1,ACC017330,1,20.65
cbhatia893@okaxis,1,ACC017331,0,0.0
settyxiti584@okhdfcbank,1,ACC017332,0,0.0
chhabraqabil667@paytm,1,ACC017333,1,28.68
tanvi31764@oksbi,1,ACC017334,0,0.0
dewanchakradev29@okhdfcbank,1,ACC017335,0,0.0
ujaggi353@okicici,1,ACC017336,0,0.0
brarhardik69@okhdfcbank,1,ACC017337,0,0.0
kakarupma658@okicici,1,ACC017338,0,0.0
dhargavin869@oksbi,1,ACC017339,1,30.78
tanvi08731@okicici,1,ACC017340,2,80.85
dominicsankar515@okicici,1,ACC017341,2,301.52
gnath472@okicici,1,ACC017342,3,145.75
hemang08444@okaxis,1,ACC017343,1,47.23
vmaster985@ybl,1,ACC017344,1,15.57
pkhosla321@paytm,1,ACC017345,0,0.0
fkoshy216@okaxis,1,ACC017346,0,0.0
nazarethranveer947@ybl,1,ACC017347,1,10.15
yashasvikurian797@ybl,1,ACC017348,0,0.0
darairya436@okicici,1,ACC017349,0,0.0
bandialexander314@okicici,1,ACC017350,0,0.0
hkalita375@oksbi,1,ACC017351,0,0.0
yoshitadoshi449@okicici,1,ACC017352,0,0.0
netranadkarni889@okicici,1,ACC017353,0,0.0
waidakala331@okicici,1,ACC017354,0,0.0
reyansh06651@okhdfcbank,1,ACC017355,0,0.0
aggarwaladweta286@okhdfcbank,1,ACC017356,0,0.0
aishanibalasubramanian926@oksbi,1,ACC017357,0,0.0
aishani65827@ybl,1,ACC017358,1,11.9
parekhanay236@oksbi,1,ACC017359,0,0.0
znagarajan700@okhdfcbank,1,ACC017360,0,0.0
chavvikarpe423@paytm,1,ACC017361,0,0.0
qsingh323@ybl,1,ACC017362,0,0.0
rattantripti451@ybl,1,ACC017363,0,0.0
dhritiandra142@ybl,1,ACC017364,2,31.15
hvarma135@okhdfcbank,1,ACC017365,0,0.0
agatekai259@ybl,1,ACC017366,0,0.0
ekhurana456@ybl,1,ACC017367,1,17.15
madhavivarughese652@paytm,1,ACC017368,1,10.83
buchnimrat911@okaxis,1,ACC017369,0,0.0
gagansama911@ybl,1,ACC017370,0,0.0
fagate710@okicici,1,ACC017371,0,0.0
wishi21481@ybl,1,ACC017372,0,0.0
ahujachatresh718@okhdfcbank,1,ACC017373,1,40.95
dearadhana478@ybl,1,ACC017374,0,0.0
damyantikhurana358@paytm,1,ACC017375,0,0.0
kallaalexander939@okaxis,1,ACC017376,0,0.0
kabirgrover852@paytm,1,ACC017377,0,0.0
valafiyaz644@oksbi,1,ACC017378,0,0.0
fmukherjee759@ybl,1,ACC017379,0,0.0
hiraltaneja780@okaxis,1,ACC017380,0,0.0
triyagoda476@paytm,1,ACC017381,0,0.0
thomastrivedi889@oksbi,1,ACC017382,2,36.03
nakultank682@paytm,1,ACC017383,0,0.0
aradhana13740@okhdfcbank,1,ACC017384,1,5.46
dipta41504@okhdfcbank,1,ACC017385,1,99.03
esood255@okaxis,1,ACC017386,0,0.0
etella285@okaxis,1,ACC017387,2,19.39
dominictiwari605@okaxis,1,ACC017388,1,10.5
vedant3463@ybl,1,ACC017389,0,0.0
harya674@okhdfcbank,1,ACC017390,1,109.18
bsandal451@okhdfcbank,1,ACC017391,3,193.2
deolria110@paytm,1,ACC017392,1,70.0
tristan76516@okaxis,1,ACC017393,1,18.53
prasadikshita468@okaxis,1,ACC017394,0,0.0
knagi952@okhdfcbank,1,ACC017395,1,2.99
gaurangi4850@oksbi,1,ACC017396,0,0.0
waliasai750@okhdfcbank,1,ACC017397,2,22.73
oeshi83584@ybl,1,ACC017398,0,0.0
jai30900@paytm,1,ACC017399,2,19.89
boranilima414@okaxis,1,ACC017400,1,26.95
zilmil43937@oksbi,1,ACC017401,2,105.18
lboase87@okaxis,1,ACC017402,0,0.0
harrisonbehl173@okhdfcbank,1,ACC017403,2,58.45
chans500@okicici,1,ACC017404,0,0.0
tlanka218@okaxis,1,ACC017405,0,0.0
utkarsh64596@okicici,1,ACC017406,0,0.0
ochander277@oksbi,1,ACC017407,1,17.15
tejas33769@paytm,1,ACC017408,0,0.0
fradorai727@paytm,1,ACC017409,0,0.0
chaitanya77831@okaxis,1,ACC017410,1,52.85
snehabhalla370@okicici,1,ACC017411,0,0.0
pmandal77@ybl,1,ACC017412,2,65.43
tripti9087@okaxis,1,ACC017413,1,20.65
wdevan241@okicici,1,ACC017414,1,20.28
nchanda33@okaxis,1,ACC017415,1,4.95
pavani57652@okhdfcbank,1,ACC017416,2,139.75
panditjanuja614@paytm,1,ACC017417,0,0.0
maanav11110@ybl,1,ACC017418,0,0.0
dasbishakha426@okicici,1,ACC017419,2,38.15
omyaviswanathan283@ybl,1,ACC017420,2,47.25
liamrajagopalan216@oksbi,1,ACC017421,0,0.0
omaja26301@okhdfcbank,1,ACC017422,0,0.0
kuruvillaudarsh913@paytm,1,ACC017423,0,0.0
jyoti66359@okaxis,1,ACC017424,0,0.0
oanne97@okicici,1,ACC017425,2,57.75
csule292@okaxis,1,ACC017426,2,87.48
sawhneyfarhan461@okicici,1,ACC017427,1,20.28
uramanathan483@ybl,1,ACC017428,2,78.73
krish32962@ybl,1,ACC017429,2,60.2
parthbarad297@oksbi,1,ACC017430,1,98.0
vansha22852@okicici,1,ACC017431,0,0.0
amrutaparikh172@paytm,1,ACC017432,0,0.0
harrison70384@oksbi,1,ACC017433,0,0.0
chamanvarughese756@okhdfcbank,1,ACC017434,3,72.78
reddyhemang830@okhdfcbank,1,ACC017435,0,0.0
oscar58471@okicici,1,ACC017436,1,3.5
madhaviramanathan709@oksbi,1,ACC017437,0,0.0
fiyazlalla467@paytm,1,ACC017438,1,35.0
barmanwishi676@oksbi,1,ACC017439,3,83.45
kapoorgirindra46@oksbi,1,ACC017440,0,0.0
crama335@oksbi,1,ACC017441,1,3.5
kloke277@oksbi,1,ACC017442,0,0.0
jalsadass2@okhdfcbank,1,ACC017443,0,0.0
abarman249@okhdfcbank,1,ACC017444,0,0.0
rattanorinder555@okhdfcbank,1,ACC017445,1,59.85
lila70958@ybl,1,ACC017446,1,40.95
ambleekaraj989@paytm,1,ACC017447,0,0.0
faras20993@okhdfcbank,1,ACC017448,1,35.0
fradorau384@okhdfcbank,1,ACC017449,1,7.45
smutti808@okaxis,1,ACC017450,1,98.0
hdass156@okicici,1,ACC017451,0,0.0
noah21367@okhdfcbank,1,ACC017452,3,114.06
anayrastogi623@okaxis,1,ACC017453,0,0.0
purohitbanjeet833@paytm,1,ACC017454,2,36.05
jkari735@okaxis,1,ACC017455,1,182.58
nidradatta973@paytm,1,ACC017456,0,0.0
mallyashawini125@okhdfcbank,1,ACC017457,2,38.88
biswasgunbir302@oksbi,1,ACC017458,0,0.0
guptawidisha63@okaxis,1,ACC017459,1,37.45
gtailor458@ybl,1,ACC017460,3,107.93
hagate345@oksbi,1,ACC017461,0,0.0
varshawagle306@oksbi,1,ACC017462,1,29.03
ishani49714@oksbi,1,ACC017463,1,10.85
hredhaan43637@okaxis,1,ACC017464,0,0.0
dugarjeet518@paytm,1,ACC017465,3,105.5
indrajitkumar117@oksbi,1,ACC017466,0,0.0
charanika211@okhdfcbank,1,ACC017467,1,20.28
lsarraf562@okicici,1,ACC017468,1,20.65
jraj207@oksbi,1,ACC017469,0,0.0
mananpatil172@paytm,1,ACC017470,3,70.31
sdewan398@paytm,1,ACC017471,1,30.61
bhanumati46337@okhdfcbank,1,ACC017472,3,96.93
leenamangat726@okaxis,1,ACC017473,2,61.6
xitibhatnagar5@paytm,1,ACC017474,1,19.71
unni62468@ybl,1,ACC017475,1,79.1
alexanderbhakta387@okicici,1,ACC017476,1,9.45
jyoti38807@okhdfcbank,1,ACC017477,1,1059.5
parthben715@ybl,1,ACC017478,2,102.88
aishaniparekh979@okhdfcbank,1,ACC017479,1,4.16
eshana89264@oksbi,1,ACC017480,0,0.0
leenakumer529@okaxis,1,ACC017481,1,109.18
ishanvi38223@okhdfcbank,1,ACC017482,2,58.1
udesai758@paytm,1,ACC017483,0,0.0
waliamol293@ybl,1,ACC017484,0,0.0
ychaudhary682@okicici,1,ACC017485,1,30.45
jguha363@oksbi,1,ACC017486,1,31.1
dhillonijaya933@okicici,1,ACC017487,1,10.32
qadimkant604@paytm,1,ACC017488,0,0.0
maharajjanani150@okhdfcbank,1,ACC017489,1,20.65
ranbirpatel58@okaxis,1,ACC017490,1,17.15
timothyvala725@okaxis,1,ACC017491,0,0.0
vasatikamadan499@okaxis,1,ACC017492,2,32.51
krish70940@okhdfcbank,1,ACC017493,0,0.0
dayitamadan704@paytm,1,ACC017494,0,0.0
vasadhriti446@paytm,1,ACC017495,1,40.95
ekansh73625@okaxis,1,ACC017496,0,0.0
murtymason888@paytm,1,ACC017497,4,61.01
dominicdey429@ybl,1,ACC017498,0,0.0
riyatara628@oksbi,1,ACC017499,0,0.0
nkorpal533@paytm,1,ACC017500,0,0.0
chahalgeorge525@okhdfcbank,1,ACC017501,0,0.0
fsarkar945@okaxis,1,ACC017502,0,0.0
chasmumbhasin884@okhdfcbank,1,ACC017503,0,0.0
kalasalvi193@oksbi,1,ACC017504,0,0.0
aadhyabajaj658@ybl,1,ACC017505,1,138.45
benjamin21284@okhdfcbank,1,ACC017506,1,35.0
rpall137@ybl,1,ACC017507,3,68.23
soodthomas491@okaxis,1,ACC017508,1,40.95
chandani60253@okaxis,1,ACC017509,3,99.38
farischadha339@okhdfcbank,1,ACC017510,3,91.33
zsheth772@oksbi,1,ACC017511,0,0.0
dbasu686@paytm,1,ACC017512,1,23.1
oshukla315@ybl,1,ACC017513,1,37.78
vaishnavisolanki760@paytm,1,ACC017514,1,9.08
tejasbanik934@ybl,1,ACC017515,0,0.0
xchawla123@oksbi,1,ACC017516,2,28.5
wazirshere609@paytm,1,ACC017517,2,219.18
omaja27281@okhdfcbank,1,ACC017518,1,147.88
ryankonda574@ybl,1,ACC017519,0,0.0
yashvikala255@paytm,1,ACC017520,1,9.08
bshere679@paytm,1,ACC017521,3,136.13
chanakyasehgal963@okhdfcbank,1,ACC017522,1,117.25
raghavanoviya234@okaxis,1,ACC017523,1,18.52
pushti84799@oksbi,1,ACC017524,3,80.81
devanshjohal673@okhdfcbank,1,ACC017525,0,0.0
hlalla59@ybl,1,ACC017526,1,10.5
ria64892@okicici,1,ACC017527,2,25.88
saichaudhry12@okicici,1,ACC017528,0,0.0
harsh83643@okhdfcbank,1,ACC017529,0,0.0
binawadhwa768@okicici,1,ACC017530,0,0.0
abdulmall872@okicici,1,ACC017531,2,33.95
advikagade594@ybl,1,ACC017532,2,60.72
doshiqadim228@oksbi,1,ACC017533,0,0.0
xwadhwa273@okaxis,1,ACC017534,1,14.28
lohit15788@oksbi,1,ACC017535,1,40.95
manbirsane694@okicici,1,ACC017536,1,109.18
veerchand908@ybl,1,ACC017537,1,9.08
gwali63@okaxis,1,ACC017538,2,184.1
cluthra999@okhdfcbank,1,ACC017539,1,35.7
rehaan42186@ybl,1,ACC017540,0,0.0
ssrinivasan489@okicici,1,ACC017541,1,10.13
forumbail360@ybl,1,ACC017542,0,0.0
kkrishna772@ybl,1,ACC017543,1,79.1
jandra863@okhdfcbank,1,ACC017544,5,589.66
hemamander668@okhdfcbank,1,ACC017545,2,22.73
amolshroff705@ybl,1,ACC017546,2,100.62
nazarethishwar479@okaxis,1,ACC017547,1,4.31
forumkibe264@oksbi,1,ACC017548,1,77.7
nandagunbir316@oksbi,1,ACC017549,2,897.24
boasechakradev140@paytm,1,ACC017550,2,29.32
luke41270@ybl,1,ACC017551,2,231.22
hkothari184@okhdfcbank,1,ACC017552,0,0.0
ayaan71680@okicici,1,ACC017553,0,0.0
aishanimittal795@paytm,1,ACC017554,1,19.77
vtata295@okicici,1,ACC017555,2,173.23
unayar212@ybl,1,ACC017556,2,49.35
quincytak331@okicici,1,ACC017557,0,0.0
chandresh63697@okicici,1,ACC017558,1,38.5
sarafqadim824@ybl,1,ACC017559,0,0.0
sararoy340@ybl,1,ACC017560,1,10.83
issacnidhi928@paytm,1,ACC017561,1,89.59
hkumar448@okhdfcbank,1,ACC017562,2,49.68
vidhipalla894@paytm,1,ACC017563,1,441.23
ebaria819@paytm,1,ACC017564,2,165.51
sdhingra810@ybl,1,ACC017565,1,12.93
ektahayre948@okhdfcbank,1,ACC017566,1,37.78
mravel227@paytm,1,ACC017567,0,0.0
dewanaayush752@paytm,1,ACC017568,0,0.0
bhattikai426@paytm,1,ACC017569,0,0.0
minhaschaaya738@ybl,1,ACC017570,4,109.36
vdave411@oksbi,1,ACC017571,2,49.85
amairasibal954@okaxis,1,ACC017572,3,129.83
qkothari809@paytm,1,ACC017573,1,193.9
hemal56364@oksbi,1,ACC017574,3,159.54
aptedaksha312@ybl,1,ACC017575,1,56.17
orinderbuch288@okhdfcbank,1,ACC017576,1,11.2
madhavmannan204@okaxis,1,ACC017577,2,46.2
jeevikashanker281@paytm,1,ACC017578,1,66.48
bahrigopal744@okicici,1,ACC017579,1,23.78
elijahrastogi995@okhdfcbank,1,ACC017580,1,37.78
vbarad469@okhdfcbank,1,ACC017581,0,0.0
rattaanita133@ybl,1,ACC017582,0,0.0
rissac957@paytm,1,ACC017583,1,7.38
daksha698@oksbi,1,ACC017584,2,67.9
ivarghese431@okaxis,1,ACC017585,2,71.4
karanchakrika92@okicici,1,ACC017586,0,0.0
ihegde179@ybl,1,ACC017587,1,79.1
hayreamara619@okaxis,1,ACC017588,0,0.0
mugdharadhakrishnan11@okaxis,1,ACC017589,0,0.0
lohitmutti542@okaxis,1,ACC017590,0,0.0
muttiyagnesh237@okaxis,1,ACC017591,2,72.99
idixit29@okhdfcbank,1,ACC017592,1,12.58
natarajanzayan445@okicici,1,ACC017593,3,249.58
atharvsampath277@okicici,1,ACC017594,0,0.0
niharika44608@okaxis,1,ACC017595,0,0.0
qushimody962@okaxis,1,ACC017596,0,0.0
ganga93844@paytm,1,ACC017597,2,48.65
harishgade273@okicici,1,ACC017598,0,0.0
eshanachoudhary677@paytm,1,ACC017599,1,37.97
nandini86144@okhdfcbank,1,ACC017600,0,0.0
cvohra654@okicici,1,ACC017601,1,105.0
gopalfalguni351@ybl,1,ACC017602,1,105.0
dubeyyadavi766@okaxis,1,ACC017603,0,0.0
zmane312@okaxis,1,ACC017604,0,0.0
zchawla334@oksbi,1,ACC017605,2,189.49
dasguptalohit227@okaxis,1,ACC017606,1,52.5
bahadurjitswaminathan690@okicici,1,ACC017607,0,0.0
ria48978@okicici,1,ACC017608,4,112.0
palpallavi80@okhdfcbank,1,ACC017609,1,98.0
aarnaom24@okhdfcbank,1,ACC017610,1,30.78
tamanna22798@okhdfcbank,1,ACC017611,1,131.23
jhaanthony590@okicici,1,ACC017612,1,14.52
xgole498@paytm,1,ACC017613,1,87.5
mallickkrishna213@ybl,1,ACC017614,2,73.48
sandalisaiah964@paytm,1,ACC017615,1,15.03
vbalasubramanian410@okaxis,1,ACC017616,3,45.5
darsh02560@oksbi,1,ACC017617,0,0.0
ekavirdada77@okicici,1,ACC017618,0,0.0
dalbir56870@ybl,1,ACC017619,0,0.0
ibir23@oksbi,1,ACC017620,3,85.05
wazircheema47@paytm,1,ACC017621,1,8.75
venkataramanekavir937@okaxis,1,ACC017622,2,403.89
wsom855@paytm,1,ACC017623,1,40.95
laban53829@okicici,1,ACC017624,0,0.0
zdoshi601@oksbi,1,ACC017625,1,10.15
omemon557@oksbi,1,ACC017626,1,17.5
sudiksha84512@okhdfcbank,1,ACC017627,1,5.16
vhalder521@ybl,1,ACC017628,1,11.9
reddysamuel258@okaxis,1,ACC017629,0,0.0
aashiedwin895@okicici,1,ACC017630,1,20.63
banerjeenaveen81@okhdfcbank,1,ACC017631,0,0.0
pallavansha297@oksbi,1,ACC017632,1,11.9
anaynarasimhan285@okhdfcbank,1,ACC017633,2,51.27
bhandarinitara557@paytm,1,ACC017634,2,64.73
wallanirja688@okhdfcbank,1,ACC017635,3,76.78
obassi992@okaxis,1,ACC017636,1,117.25
indalisahota862@ybl,1,ACC017637,1,14.68
harita16633@okaxis,1,ACC017638,1,20.65
raksha89789@okaxis,1,ACC017639,0,0.0
nimratatwal356@paytm,1,ACC017640,2,29.21
urishilla46257@okicici,1,ACC017641,2,46.54
sachdevvictor189@okicici,1,ACC017642,0,0.0
zashilratti12@okicici,1,ACC017643,1,37.78
lakshitsarma40@okhdfcbank,1,ACC017644,1,20.65
mitesh36441@ybl,1,ACC017645,1,18.9
iyercharles935@okicici,1,ACC017646,0,0.0
falguni04875@okicici,1,ACC017647,1,17.5
sawhneykevin75@ybl,1,ACC017648,0,0.0
tejassule765@okhdfcbank,1,ACC017649,0,0.0
ozafalan861@okaxis,1,ACC017650,3,505.1
amairabhakta687@okaxis,1,ACC017651,3,243.56
oscardani91@paytm,1,ACC017652,3,338.08
ysamra448@okicici,1,ACC017653,0,0.0
adya81271@okicici,1,ACC017654,2,45.5
kjha84@okicici,1,ACC017655,1,70.0
gangulypallavi93@oksbi,1,ACC017656,0,0.0
basunandini801@okicici,1,ACC017657,2,283.48
aarna8225@okicici,1,ACC017658,0,0.0
upanchal911@okicici,1,ACC017659,1,193.9
harish6972@okicici,1,ACC017660,0,0.0
ikanda720@ybl,1,ACC017661,1,26.95
lalbarkha189@okicici,1,ACC017662,1,5.58
anarasimhan449@okhdfcbank,1,ACC017663,0,0.0
rayhemang858@oksbi,1,ACC017664,2,113.2
anya42703@okhdfcbank,1,ACC017665,2,93.76
bajajshaurya684@ybl,1,ACC017666,0,0.0
vsharaf211@okaxis,1,ACC017667,1,40.95
rajeshri16114@ybl,1,ACC017668,2,63.7
ikbal90597@okaxis,1,ACC017669,0,0.0
jraja948@okicici,1,ACC017670,1,26.25
mannanaishani898@okaxis,1,ACC017671,0,0.0
manichandani376@ybl,1,ACC017672,0,0.0
mohini64645@paytm,1,ACC017673,3,135.29
bahlkalpit59@oksbi,1,ACC017674,1,11.0
chandranbhanumati561@okaxis,1,ACC017675,0,0.0
riya54131@okaxis,1,ACC017676,0,0.0
jatincomar570@ybl,1,ACC017677,2,78.05
hema33284@ybl,1,ACC017678,1,10.15
ryan14820@okaxis,1,ACC017679,0,0.0
naidunathan519@okicici,1,ACC017680,1,20.63
kala21883@okaxis,1,ACC017681,2,44.08
chadhaguneet934@okhdfcbank,1,ACC017682,0,0.0
jagvi15373@okicici,1,ACC017683,0,0.0
amarakannan984@oksbi,1,ACC017684,1,88.53
rswaminathan213@okicici,1,ACC017685,2,61.23
divyacherian645@ybl,1,ACC017686,1,49.35
qadim57343@ybl,1,ACC017687,1,70.0
adeol851@oksbi,1,ACC017688,3,87.66
noahkadakia245@ybl,1,ACC017689,1,59.85
ekalingathaker671@oksbi,1,ACC017690,0,0.0
golaekansh227@oksbi,1,ACC017691,1,32.55
horaviraj351@paytm,1,ACC017692,0,0.0
kmitra499@ybl,1,ACC017693,1,118.31
majumdarmadhavi797@ybl,1,ACC017694,2,114.43
fiyaznatt505@oksbi,1,ACC017695,2,39.17
gabriel3694@okhdfcbank,1,ACC017696,1,19.95
upasna95100@okhdfcbank,1,ACC017697,0,0.0
ayaanpurohit380@okhdfcbank,1,ACC017698,0,0.0
xcheema853@okicici,1,ACC017699,1,40.95
jagrati02133@paytm,1,ACC017700,0,0.0
eesha41400@okicici,1,ACC017701,0,0.0
anitamadan774@ybl,1,ACC017702,2,53.9
baradamaira984@oksbi,1,ACC017703,1,40.95
pallavi12830@oksbi,1,ACC017704,0,0.0
pallasaanvi803@oksbi,1,ACC017705,0,0.0
palumang815@okaxis,1,ACC017706,0,0.0
schakraborty694@okicici,1,ACC017707,0,0.0
palanyamini74@paytm,1,ACC017708,0,0.0
turvidhillon262@ybl,1,ACC017709,2,33.36
aarushdasgupta668@okhdfcbank,1,ACC017710,1,37.45
azad77316@okicici,1,ACC017711,1,12.58
bhavnachaudhari421@okaxis,1,ACC017712,1,24.13
shaurya14214@okicici,1,ACC017713,1,35.0
shereleela241@paytm,1,ACC017714,0,0.0
shivansh94756@okhdfcbank,1,ACC017715,1,117.25
lbadal516@okicici,1,ACC017716,1,225.73
kabir03329@okhdfcbank,1,ACC017717,0,0.0
dassekbal512@ybl,1,ACC017718,1,26.25
vsaini889@paytm,1,ACC017719,0,0.0
abhabedi513@ybl,1,ACC017720,2,25.53
eshanabarman823@okaxis,1,ACC017721,1,17.5
rachita69672@ybl,1,ACC017722,1,40.95
advika69195@ybl,1,ACC017723,1,38.13
zansi08810@ybl,1,ACC017724,0,0.0
teerthsani426@ybl,1,ACC017725,2,59.47
eshana96707@oksbi,1,ACC017726,1,53.36
kiaansavant891@okaxis,1,ACC017727,0,0.0
janujamorar844@oksbi,1,ACC017728,0,0.0
sehgalgirish628@okhdfcbank,1,ACC017729,2,118.65
meghasodhi542@ybl,1,ACC017730,1,23.53
sibalpavani476@oksbi,1,ACC017731,0,0.0
khatridevansh774@okhdfcbank,1,ACC017732,1,26.95
raagini58368@paytm,1,ACC017733,0,0.0
yoshita30616@paytm,1,ACC017734,0,0.0
eiravatidalal621@ybl,1,ACC017735,2,37.78
mitalikata688@oksbi,1,ACC017736,1,37.78
jagat56641@okhdfcbank,1,ACC017737,1,40.95
shethamrita752@okhdfcbank,1,ACC017738,1,2.11
kkrish294@okicici,1,ACC017739,0,0.0
victor059@okicici,1,ACC017740,2,86.78
bhattacharyyagaurav251@okhdfcbank,1,ACC017741,1,17.15
dalaja87137@okaxis,1,ACC017742,2,138.95
pushtikhatri6@ybl,1,ACC017743,1,37.45
brahmbhattaachal405@oksbi,1,ACC017744,2,22.73
yagneshde358@okaxis,1,ACC017745,0,0.0
unaidu527@okicici,1,ACC017746,0,0.0
nadigcharita775@paytm,1,ACC017747,1,13.65
chaitanyacheema333@paytm,1,ACC017748,0,0.0
rnarasimhan191@okicici,1,ACC017749,1,24.42
abdulgera958@okaxis,1,ACC017750,0,0.0
yash26150@okaxis,1,ACC017751,1,20.65
dewanbaghyawati525@ybl,1,ACC017752,1,47.73
ladli34657@ybl,1,ACC017753,1,73.13
widisha43226@okhdfcbank,1,ACC017754,1,13.65
munshiubika318@ybl,1,ACC017755,0,0.0
vinaya99871@okicici,1,ACC017756,1,20.28
utkarshom859@paytm,1,ACC017757,0,0.0
pchawla60@oksbi,1,ACC017758,0,0.0
darikabail191@okhdfcbank,1,ACC017759,0,0.0
ishita6145@ybl,1,ACC017760,1,47.23
janyadhar420@ybl,1,ACC017761,0,0.0
patillipika801@oksbi,1,ACC017762,3,136.65
fchad943@okicici,1,ACC017763,0,0.0
urishilla03741@paytm,1,ACC017764,1,166.25
gulatidivya939@oksbi,1,ACC017765,1,35.0
routpranav135@ybl,1,ACC017766,0,0.0
alkagoel617@oksbi,1,ACC017767,0,0.0
bhardwajchaitanya734@okaxis,1,ACC017768,3,71.02
balawazir14@ybl,1,ACC017769,0,0.0
sara06308@okhdfcbank,1,ACC017770,0,0.0
vasudhakala671@okaxis,1,ACC017771,0,0.0
ysankaran726@okhdfcbank,1,ACC017772,2,39.4
anika81198@okicici,1,ACC017773,0,0.0
kumeroni100@ybl,1,ACC017774,3,118.3
luke7717@okaxis,1,ACC017775,1,17.15
balendra79913@okaxis,1,ACC017776,1,13.82
nhalder118@okaxis,1,ACC017777,1,79.1
fariq97336@ybl,1,ACC017778,2,90.65
ekapad48524@paytm,1,ACC017779,1,37.78
gopalagarwal834@paytm,1,ACC017780,2,47.93
rishi43324@paytm,1,ACC017781,2,647.68
murtychaaya492@okicici,1,ACC017782,0,0.0
tanvi9584@okicici,1,ACC017783,1,59.85
wbobal941@ybl,1,ACC017784,0,0.0
deoubika865@okicici,1,ACC017785,1,73.83
gunbirmishra586@okhdfcbank,1,ACC017786,0,0.0
kgara39@paytm,1,ACC017787,0,0.0
gaurangipall922@okicici,1,ACC017788,2,33.93
gbahl74@ybl,1,ACC017789,2,113.05
girishmody928@ybl,1,ACC017790,1,70.23
aaravkumer831@okhdfcbank,1,ACC017791,1,15.44
lakshit59420@paytm,1,ACC017792,0,0.0
kiaanmander233@okicici,1,ACC017793,1,59.85
paubhavna252@okhdfcbank,1,ACC017794,1,10.5
aarinimalhotra315@paytm,1,ACC017795,1,37.78
karpedamyanti123@okaxis,1,ACC017796,1,35.0
vansha36614@ybl,1,ACC017797,0,0.0
hiteshbajwa321@okaxis,1,ACC017798,0,0.0
hegdeadvika161@okaxis,1,ACC017799,1,16.1
odass998@okaxis,1,ACC017800,1,12.07
sampathpahal230@okicici,1,ACC017801,2,116.77
prashadnisha98@okicici,1,ACC017802,2,146.63
rseshadri787@okaxis,1,ACC017803,1,87.5
neel86456@okaxis,1,ACC017804,3,60.02
edave807@okicici,1,ACC017805,1,8.54
varenya12463@oksbi,1,ACC017806,0,0.0
bgala945@okaxis,1,ACC017807,0,0.0
hpillay160@paytm,1,ACC017808,0,0.0
ssha655@paytm,1,ACC017809,3,267.8
myadav649@ybl,1,ACC017810,0,0.0
bishakha08658@okhdfcbank,1,ACC017811,0,0.0
gvenkataraman864@oksbi,1,ACC017812,1,40.95
avniboase208@okicici,1,ACC017813,0,0.0
balankabir102@oksbi,1,ACC017814,1,59.85
mohansanaya123@okicici,1,ACC017815,2,414.83
priyagokhale34@paytm,1,ACC017816,1,35.0
christopher66318@okhdfcbank,1,ACC017817,0,0.0
etaneja286@paytm,1,ACC017818,0,0.0
kashyapsarthak86@okaxis,1,ACC017819,1,17.5
girik30209@okaxis,1,ACC017820,0,0.0
ukarnik533@okaxis,1,ACC017821,1,155.68
onkarbhavsar917@ybl,1,ACC017822,1,27.28
yachana60308@paytm,1,ACC017823,1,12.74
arunima17577@okhdfcbank,1,ACC017824,0,0.0
matthewpathak653@ybl,1,ACC017825,2,130.67
rushil38616@oksbi,1,ACC017826,0,0.0
watika93296@ybl,1,ACC017827,1,52.5
mandyash716@okhdfcbank,1,ACC017828,1,22.75
zchoudhary904@okicici,1,ACC017829,0,0.0
kiaandara433@ybl,1,ACC017830,0,0.0
xbarad491@okicici,1,ACC017831,2,30.97
parekheta278@oksbi,1,ACC017832,0,0.0
manbir48449@okicici,1,ACC017833,1,73.48
nilima38163@okaxis,1,ACC017834,0,0.0
jeevika14128@paytm,1,ACC017835,0,0.0
mistryhredhaan777@paytm,1,ACC017836,0,0.0
hmannan411@ybl,1,ACC017837,0,0.0
janaki96790@okicici,1,ACC017838,2,384.28
cbahl697@ybl,1,ACC017839,3,76.85
fdani98@okicici,1,ACC017840,0,0.0
raghavantejas493@paytm,1,ACC017841,0,0.0
gayathri84470@okaxis,1,ACC017842,0,0.0
abha70417@okhdfcbank,1,ACC017843,1,52.5
vivaanmore469@okhdfcbank,1,ACC017844,2,46.2
davidbanik424@okaxis,1,ACC017845,0,0.0
magrawal218@okhdfcbank,1,ACC017846,2,118.63
baradarunima974@paytm,1,ACC017847,2,83.63
siya01108@oksbi,1,ACC017848,1,37.78
mangalhemani526@ybl,1,ACC017849,1,20.28
aarna0068@oksbi,1,ACC017850,2,160.65
hemani79365@ybl,1,ACC017851,0,0.0
lchoudhary98@okicici,1,ACC017852,0,0.0
nihal86989@paytm,1,ACC017853,0,0.0
manderchakradev34@okicici,1,ACC017854,2,69.98
raksha29635@okicici,1,ACC017855,0,0.0
ridhi92619@okhdfcbank,1,ACC017856,1,12.58
mittalkabir414@okhdfcbank,1,ACC017857,3,250.58
vbora69@okaxis,1,ACC017858,3,217.35
tmann305@oksbi,1,ACC017859,2,33.58
ireddy251@ybl,1,ACC017860,1,79.1
raoekaraj250@oksbi,1,ACC017861,1,1.87
malhotramugdha703@oksbi,1,ACC017862,1,177.62
bhattiisaac560@okaxis,1,ACC017863,3,28.59
lkapadia144@ybl,1,ACC017864,1,32.2
yashoda31912@okhdfcbank,1,ACC017865,1,90.28
goommen80@okicici,1,ACC017866,0,0.0
veda18595@paytm,1,ACC017867,2,14.26
lvarkey364@ybl,1,ACC017868,1,40.95
scomar320@paytm,1,ACC017869,0,0.0
chakradevkapoor917@okhdfcbank,1,ACC017870,0,0.0
harshil06331@ybl,1,ACC017871,3,190.55
dayitarau968@ybl,1,ACC017872,0,0.0
mishraojasvi425@paytm,1,ACC017873,2,86.12
diyaoza849@okhdfcbank,1,ACC017874,1,70.16
ayushmangara710@okicici,1,ACC017875,1,35.0
harshilshere913@okhdfcbank,1,ACC017876,1,151.18
saidube266@ybl,1,ACC017877,1,20.65
darawriddhish944@okaxis,1,ACC017878,2,234.85
laban31575@okaxis,1,ACC017879,1,20.65
sainianthony532@okicici,1,ACC017880,0,0.0
osha2485@okhdfcbank,1,ACC017881,0,0.0
kotaeiravati173@paytm,1,ACC017882,0,0.0
nitara09869@oksbi,1,ACC017883,1,37.97
hbansal670@ybl,1,ACC017884,0,0.0
ejhaveri484@okicici,1,ACC017885,0,0.0
hdhar256@ybl,1,ACC017886,0,0.0
qaggarwal595@oksbi,1,ACC017887,0,0.0
diptakade598@oksbi,1,ACC017888,1,59.85
shravya59440@ybl,1,ACC017889,1,155.75
manidamyanti401@okhdfcbank,1,ACC017890,0,0.0
lkala185@oksbi,1,ACC017891,0,0.0
krisha94983@paytm,1,ACC017892,1,34.28
dbalasubramanian275@okicici,1,ACC017893,0,0.0
bluthra999@ybl,1,ACC017894,2,145.98
jluthra982@okicici,1,ACC017895,1,140.0
qarora822@okicici,1,ACC017896,1,52.48
fsani14@okhdfcbank,1,ACC017897,0,0.0
chadwarda973@okaxis,1,ACC017898,1,15.39
arunima60772@okaxis,1,ACC017899,1,49.35
hiteshghosh390@okaxis,1,ACC017900,2,175.52
hredhaan64629@okicici,1,ACC017901,0,0.0
aashigour167@okaxis,1,ACC017902,3,209.61
rajata34465@oksbi,1,ACC017903,1,20.28
khuranaishaan919@ybl,1,ACC017904,1,9.47
kandasaanvi857@okaxis,1,ACC017905,0,0.0
chandresh4281@paytm,1,ACC017906,0,0.0
npai519@okhdfcbank,1,ACC017907,0,0.0
utkarshacharya250@okaxis,1,ACC017908,1,17.5
ridhikuruvilla639@okhdfcbank,1,ACC017909,2,76.63
badamiekaraj2@paytm,1,ACC017910,1,37.97
ekalingasubramaniam21@okhdfcbank,1,ACC017911,0,0.0
simonmore187@okicici,1,ACC017912,0,0.0
nitesh29189@ybl,1,ACC017913,5,110.82
epillai359@okhdfcbank,1,ACC017914,1,40.95
kakarrehaan263@okaxis,1,ACC017915,0,0.0
virajmani721@okhdfcbank,1,ACC017916,0,0.0
bavatanish751@okicici,1,ACC017917,1,49.7
widishasem232@okaxis,1,ACC017918,0,0.0
ynagi736@ybl,1,ACC017919,1,37.97
nikita38751@paytm,1,ACC017920,0,0.0
qarin68488@okhdfcbank,1,ACC017921,1,37.78
bajajrushil581@ybl,1,ACC017922,3,65.43
girish17245@okhdfcbank,1,ACC017923,1,20.28
mpau389@paytm,1,ACC017924,3,50.75
idikavarty451@oksbi,1,ACC017925,0,0.0
harshilgupta431@ybl,1,ACC017926,1,4.36
mitterharini273@ybl,1,ACC017927,0,0.0
subramaniamekbal482@paytm,1,ACC017928,0,0.0
tanmayi5876@paytm,1,ACC017929,2,31.48
zarna63122@oksbi,1,ACC017930,0,0.0
zkalla499@oksbi,1,ACC017931,0,0.0
charitachoudhury457@okaxis,1,ACC017932,0,0.0
abeer38587@oksbi,1,ACC017933,0,0.0
bhaktaishwar566@paytm,1,ACC017934,3,138.93
vedikashanker427@okaxis,1,ACC017935,2,293.65
zaidom349@paytm,1,ACC017936,1,105.0
oshere662@okhdfcbank,1,ACC017937,1,20.65
dkata977@paytm,1,ACC017938,0,0.0
zsankar20@paytm,1,ACC017939,0,0.0
vasana93350@okhdfcbank,1,ACC017940,1,11.9
michaelnatarajan751@okaxis,1,ACC017941,0,0.0
ovenkatesh88@okicici,1,ACC017942,0,0.0
akshayhari993@okhdfcbank,1,ACC017943,1,117.25
lopakarpe669@okaxis,1,ACC017944,0,0.0
schaudhry362@okaxis,1,ACC017945,0,0.0
sankarchaaya172@okicici,1,ACC017946,0,0.0
krau294@okhdfcbank,1,ACC017947,0,0.0
jthaker418@okhdfcbank,1,ACC017948,2,46.54
jai17632@okicici,1,ACC017949,1,12.37
kashvi75663@paytm,1,ACC017950,2,35.95
bhattivivaan501@okicici,1,ACC017951,1,20.28
poojagera6@oksbi,1,ACC017952,1,20.65
dalalfitan390@okaxis,1,ACC017953,1,52.5
adwetamohanty887@oksbi,1,ACC017954,4,65.43
ekaja38229@okhdfcbank,1,ACC017955,4,109.54
abha16581@okicici,1,ACC017956,2,75.75
jmittal219@paytm,1,ACC017957,2,298.9
yamini29976@oksbi,1,ACC017958,2,124.46
jbhakta588@oksbi,1,ACC017959,3,37.45
advaithsood366@okicici,1,ACC017960,3,210.0
chatura75268@okaxis,1,ACC017961,2,37.62
indali02871@oksbi,1,ACC017962,2,308.68
hdin952@okaxis,1,ACC017963,2,97.63
bimala60141@okhdfcbank,1,ACC017964,2,51.78
benjamindatta722@ybl,1,ACC017965,2,72.8
xavierlall172@okhdfcbank,1,ACC017966,0,0.0
praneelmadan908@oksbi,1,ACC017967,1,37.78
harshilganesan60@okaxis,1,ACC017968,4,81.7
patlafariq734@ybl,1,ACC017969,3,157.12
mekhala31783@okhdfcbank,1,ACC017970,4,77.74
jagdish35605@paytm,1,ACC017971,1,109.53
iraram995@okicici,1,ACC017972,2,27.98
urmimukhopadhyay553@okaxis,1,ACC017973,3,270.33
falak64187@okhdfcbank,1,ACC017974,3,75.93
urvilad545@ybl,1,ACC017975,1,73.48
janujasundaram621@okicici,1,ACC017976,1,17.15
tchoudhury37@ybl,1,ACC017977,0,0.0
gmammen277@oksbi,1,ACC017978,0,0.0
gargirya176@ybl,1,ACC017979,1,10.83
owenmorar894@okhdfcbank,1,ACC017980,0,0.0
fitan57303@ybl,1,ACC017981,0,0.0
xsha793@okaxis,1,ACC017982,1,39.53
bathpratyush789@ybl,1,ACC017983,1,20.28
maninoah895@okicici,1,ACC017984,1,17.15
dayalgunbir256@ybl,1,ACC017985,0,0.0
mallickchaitanya965@okhdfcbank,1,ACC017986,0,0.0
nirjanadkarni104@ybl,1,ACC017987,1,12.16
ekiya5675@paytm,1,ACC017988,0,0.0
nchada263@okicici,1,ACC017989,1,171.5
virkadvik774@paytm,1,ACC017990,1,8.75
devanharrison168@paytm,1,ACC017991,1,40.95
ikrishnamurthy954@oksbi,1,ACC017992,2,61.23
floyal372@oksbi,1,ACC017993,1,65.1
siyachhabra650@okicici,1,ACC017994,2,246.01
issacbhavya942@ybl,1,ACC017995,2,17.09
omlanka799@okaxis,1,ACC017996,2,26.47
vrinda01722@okaxis,1,ACC017997,1,52.85
khannayash495@okicici,1,ACC017998,3,188.43
graju990@ybl,1,ACC017999,2,83.21
anitavarghese535@okaxis,1,ACC018000,4,167.98
bumbarin247@okicici,1,ACC018001,1,18.88
sahotaoni850@paytm,1,ACC018002,2,104.96
janya79991@oksbi,1,ACC018003,3,105.67
unarula582@oksbi,1,ACC018004,3,120.75
avi07368@okhdfcbank,1,ACC018005,2,45.3
rameshkamya407@paytm,1,ACC018006,2,186.45
ypant676@ybl,1,ACC018007,4,85.05
mbali587@okaxis,1,ACC018008,1,29.69
tamanna90973@ybl,1,ACC018009,3,51.43
qbava559@paytm,1,ACC018010,2,25.47
lsawhney359@okaxis,1,ACC018011,3,76.02
blata390@okhdfcbank,1,ACC018012,3,48.83
yadavichopra877@okicici,1,ACC018013,2,77.17
shuklahiral452@okhdfcbank,1,ACC018014,2,103.95
jhalakdada661@okaxis,1,ACC018015,3,128.41
vkapoor678@oksbi,1,ACC018016,3,108.46
akalita680@okhdfcbank,1,ACC018017,3,96.03
fariq76450@okhdfcbank,1,ACC018018,3,113.71
qdewan146@okicici,1,ACC018019,3,344.03
zashil12659@paytm,1,ACC018020,3,338.45
imaran30476@oksbi,1,ACC018021,0,0.0
bimala62359@ybl,1,ACC018022,2,214.55
seshadrioeshi412@okicici,1,ACC018023,1,26.95
azaansubramanian117@okicici,1,ACC018024,1,40.95
gerabanjeet584@okicici,1,ACC018025,2,67.2
pbalasubramanian33@oksbi,1,ACC018026,2,20.06
mukhopadhyaynoah972@oksbi,1,ACC018027,4,178.19
mukherjeechavvi746@ybl,1,ACC018028,3,148.81
keya89518@okicici,1,ACC018029,3,380.43
dattakrishna832@oksbi,1,ACC018030,4,236.14
chokshironith698@oksbi,1,ACC018031,1,12.88
utkarsh25389@okhdfcbank,1,ACC018032,1,5.7
aayushtella639@okicici,1,ACC018033,3,84.0
kgara128@okicici,1,ACC018034,2,46.17
dchakraborty848@paytm,1,ACC018035,3,125.98
kbarad945@okaxis,1,ACC018036,4,93.19
nathaniel24842@paytm,1,ACC018037,3,221.37
mdua827@okhdfcbank,1,ACC018038,3,124.93
patrick42747@paytm,1,ACC018039,2,80.5
vrinda50496@okicici,1,ACC018040,4,84.53
kondaira438@ybl,1,ACC018041,1,19.06
wbatra780@ybl,1,ACC018042,1,17.15
mekhala483@okhdfcbank,1,ACC018043,2,79.08
ayushman85621@okaxis,1,ACC018044,4,110.62
dsuri703@okicici,1,ACC018045,3,59.85
kgulati526@okaxis,1,ACC018046,2,68.56
mbora73@oksbi,1,ACC018047,1,117.25
zachariahranveer472@okhdfcbank,1,ACC018048,1,40.95
hitesh03668@okicici,1,ACC018049,0,0.0
bhatiaekapad410@paytm,1,ACC018050,0,0.0
andrewvarkey471@oksbi,1,ACC018051,2,99.75
pahalbasu767@ybl,1,ACC018052,2,108.83
abha53550@okhdfcbank,1,ACC018053,1,40.95
yastikhosla506@okhdfcbank,1,ACC018054,0,0.0
tkala638@oksbi,1,ACC018055,1,163.34
zdass173@okaxis,1,ACC018056,0,0.0
kharenathan177@ybl,1,ACC018057,1,17.5
anthonybarad419@paytm,1,ACC018058,1,17.15
arunimasem930@ybl,1,ACC018059,2,131.77
vrinda64792@oksbi,1,ACC018060,1,91.68
ganeshharini138@okaxis,1,ACC018061,0,0.0
veda59958@okhdfcbank,1,ACC018062,1,20.65
tram375@okaxis,1,ACC018063,1,10.15
zaidrandhawa210@okhdfcbank,1,ACC018064,2,37.36
sandhuanita342@ybl,1,ACC018065,1,13.65
rkurian905@ybl,1,ACC018066,2,44.78
mmandal626@okhdfcbank,1,ACC018067,2,550.78
zseshadri410@paytm,1,ACC018068,2,58.43
cshenoy468@paytm,1,ACC018069,2,29.4
ishanisahni65@oksbi,1,ACC018070,2,34.98
cheemapavani725@ybl,1,ACC018071,3,108.13
zwason703@okhdfcbank,1,ACC018072,3,61.1
swable210@okicici,1,ACC018073,2,131.6
balanshivansh351@oksbi,1,ACC018074,2,35.12
warindersubramanian473@okhdfcbank,1,ACC018075,2,35.85
pahal83447@oksbi,1,ACC018076,2,114.65
jlanka915@paytm,1,ACC018077,2,44.08
oakdalaja175@oksbi,1,ACC018078,2,189.68
godaanirudh907@oksbi,1,ACC018079,2,204.36
zashil56489@okaxis,1,ACC018080,1,58.45
sarthakbains234@okicici,1,ACC018081,2,33.93
goswamisiddharth735@okaxis,1,ACC018082,3,253.4
munshijeremiah999@ybl,1,ACC018083,2,31.15
saralad786@okicici,1,ACC018084,3,74.19
tanmayi26120@ybl,1,ACC018085,2,34.65
garimakaur332@okicici,1,ACC018086,2,160.28
xpalla27@paytm,1,ACC018087,2,136.32
lipika41845@okaxis,1,ACC018088,1,57.05
advikapanchal296@okaxis,1,ACC018089,1,10.15
ugokhale359@okaxis,1,ACC018090,2,58.78
vrindasharma372@okaxis,1,ACC018091,0,0.0
bhavini01992@okaxis,1,ACC018092,1,16.78
atharv34277@okicici,1,ACC018093,2,68.56
girishsathe916@okhdfcbank,1,ACC018094,1,20.65
noah49689@ybl,1,ACC018095,0,0.0
zayanbehl539@okaxis,1,ACC018096,2,81.16
damyantimemon873@paytm,1,ACC018097,2,97.63
noriyuvraj140@okhdfcbank,1,ACC018098,0,0.0
wchoudhry120@paytm,1,ACC018099,2,156.8
yuvrajpant509@ybl,1,ACC018100,2,37.08
lalnidra884@ybl,1,ACC018101,1,13.71
ykata346@oksbi,1,ACC018102,1,2.41
skorpal766@ybl,1,ACC018103,0,0.0
girikcontractor563@paytm,1,ACC018104,1,49.14
udarsh85439@paytm,1,ACC018105,1,25.18
rastogitriya613@ybl,1,ACC018106,1,213.57
rachanadada534@paytm,1,ACC018107,2,217.4
hayerfaris755@okaxis,1,ACC018108,0,0.0
jthaker373@okhdfcbank,1,ACC018109,2,38.69
muleA154@okaxis,3,ACC018103;ACC018106;ACC018108,3,92.4
ranveersampath643@oksbi,1,ACC018110,1,45.76
reyanshbumb473@okaxis,1,ACC018111,0,0.0
vyasbakhshi1@okhdfcbank,1,ACC018112,1,52.5
oeshi19879@okhdfcbank,1,ACC018113,1,4.4
haritachauhan104@okicici,1,ACC018114,1,9.08
alka72717@ybl,1,ACC018115,1,10.9
oatwal38@ybl,1,ACC018116,1,88.18
soodchaman202@oksbi,1,ACC018117,2,31.83
kradhakrishnan189@okaxis,1,ACC018118,1,8.75
bajwaraksha468@okaxis,1,ACC018119,1,88.18
muleA2237@okaxis,5,ACC018111;ACC018112;ACC018113;ACC018114;ACC018118,5,300.7
madhav69420@oksbi,1,ACC018120,2,214.55
chadaamaira763@okicici,1,ACC018121,1,40.95
baljiwanmohan563@okicici,1,ACC018122,1,52.5
gbansal794@ybl,1,ACC018123,1,15.27
jhalakgrover181@ybl,1,ACC018124,1,833.08
divya84363@okicici,1,ACC018125,1,368.9
naiktriya33@oksbi,1,ACC018126,1,38.13
ichadha884@oksbi,1,ACC018127,2,101.32
mannchandani220@oksbi,1,ACC018128,0,0.0
madanteerth29@okaxis,1,ACC018129,1,40.95
ubikamurthy576@oksbi,1,ACC018130,1,37.78
wakeeta77857@okicici,1,ACC018131,2,33.42
muleA3231@oksbi,8,ACC018121;ACC018122;ACC018123;ACC018125;ACC018126;ACC018128;ACC018129;ACC018130,8,380.87
gauriyogi14@okicici,1,ACC018132,1,40.95
kashyapkala335@paytm,1,ACC018133,1,45.3
upkaar13659@oksbi,1,ACC018134,1,45.15
garimaparmer13@okhdfcbank,1,ACC018135,0,0.0
tristanchoudhary497@paytm,1,ACC018136,1,49.91
devsachdev539@ybl,1,ACC018137,1,35.0
ikbalbail167@okaxis,1,ACC018138,1,49.14
samar02703@oksbi,1,ACC018139,1,24.78
walikrishna773@ybl,1,ACC018140,0,0.0
vtaneja739@okhdfcbank,1,ACC018141,1,1.56
muleA4248@okaxis,8,ACC018132;ACC018133;ACC018134;ACC018135;ACC018136;ACC018137;ACC018140;ACC018141,8,347.33
jackdyal581@okaxis,1,ACC018142,1,28.24
faras0537@okhdfcbank,1,ACC018143,0,0.0
bimala7028@ybl,1,ACC018144,2,74.6
pjoshi777@okhdfcbank,1,ACC018145,2,108.78
azadrandhawa223@okhdfcbank,1,ACC018146,2,83.34
janaki98836@paytm,1,ACC018147,1,88.6
muleA5935@okaxis,1,ACC018143,1,45.56
kradhakrishnan195@paytm,1,ACC018148,0,0.0
qbhagat591@ybl,1,ACC018149,1,163.8
gayathri88277@oksbi,1,ACC018150,1,73.48
sinhachanakya166@okicici,1,ACC018151,1,20.58
michaelbandi682@paytm,1,ACC018152,2,217.43
aryapradhan430@oksbi,1,ACC018153,0,0.0
kalpit54672@ybl,1,ACC018154,2,42.33
warda66166@paytm,1,ACC018155,1,35.0
kadakiagirindra304@oksbi,1,ACC018156,0,0.0
muleA685@okicici,5,ACC018148;ACC018150;ACC018153;ACC018155;ACC018156,5,152.52
pathakjagrati947@okicici,1,ACC018157,2,118.65
dhayer571@paytm,1,ACC018158,1,12.58
kotagautam943@okhdfcbank,1,ACC018159,1,11.9
sainikevin916@okicici,1,ACC018160,1,24.34
qadimchaudhari887@okaxis,1,ACC018161,2,50.18
tshan931@okhdfcbank,1,ACC018162,2,103.66
hbal960@ybl,1,ACC018163,2,75.79
muleA7181@paytm,2,ACC018158;ACC018159,2,28.98
aryajeet29@okhdfcbank,1,ACC018164,1,37.78
lpanchal298@okaxis,1,ACC018165,1,175.0
lila73220@ybl,1,ACC018166,0,0.0
elata36@ybl,1,ACC018167,0,0.0
elijah41532@ybl,1,ACC018168,1,73.48
anya91817@okicici,1,ACC018169,2,42.28
senguptaaarini502@oksbi,1,ACC018170,0,0.0
subramaniamvidhi672@okhdfcbank,1,ACC018171,1,49.35
viraj29207@okaxis,1,ACC018172,1,505.82
viswanathanfalan119@paytm,1,ACC018173,2,31.63
muleA8819@ybl,7,ACC018164;ACC018165;ACC018166;ACC018167;ACC018168;ACC018170;ACC018171,7,234.42
vmammen197@ybl,1,ACC018174,0,0.0
gilljatin572@okicici,1,ACC018175,1,136.47
robertthaker909@okicici,1,ACC018176,1,7.0
shettyyuvraj629@okaxis,1,ACC018177,2,25.83
jackson1341@okicici,1,ACC018178,1,49.14
muleA922@paytm,3,ACC018174;ACC018175;ACC018176,3,113.4
sachibhatt851@okaxis,1,ACC018179,1,37.78
gangulyanirudh267@okhdfcbank,1,ACC018180,2,202.93
divya49469@okicici,1,ACC018181,1,79.1
waliradhika739@okhdfcbank,1,ACC018182,2,214.04
goyalira745@ybl,1,ACC018183,0,0.0
naveenreddy248@okicici,1,ACC018184,0,0.0
qbehl107@okicici,1,ACC018185,1,26.25
ekajavora284@okaxis,1,ACC018186,2,32.74
trivenibhavsar768@okhdfcbank,1,ACC018187,0,0.0
ekrishna350@okicici,1,ACC018188,0,0.0
teerth20726@ybl,1,ACC018189,0,0.0
muleA10283@okhdfcbank,8,ACC018179;ACC018181;ACC018183;ACC018184;ACC018185;ACC018187;ACC018188;ACC018189,8,783.7
lavanyayohannan769@paytm,1,ACC018190,2,106.74
hemanginisen972@okicici,1,ACC018191,1,42.0
ronithsami612@okaxis,1,ACC018192,0,0.0
noriira753@ybl,1,ACC018193,2,86.88
ibhargava13@ybl,1,ACC018194,1,4.6
muleA11695@oksbi,1,ACC018192,1,18.38
warinder25183@oksbi,1,ACC018195,2,76.23
hiyengar313@oksbi,1,ACC018196,1,30.78
randhawahenry973@okhdfcbank,1,ACC018197,1,33.6
vmanda634@okhdfcbank,1,ACC018198,1,32.34
michael19307@okicici,1,ACC018199,2,57.75
ranakevin818@ybl,1,ACC018200,0,0.0
vborra717@okicici,1,ACC018201,1,10.08
rushiliyengar39@paytm,1,ACC018202,1,14.0
muleA12149@okhdfcbank,3,ACC018196;ACC018200;ACC018202,3,89.02
bhagatqushi487@okicici,1,ACC018203,0,0.0
brindasani316@okicici,1,ACC018204,1,52.5
zachariaomya413@ybl,1,ACC018205,0,0.0
muleA13717@oksbi,3,ACC018203;ACC018204;ACC018205,3,146.14
bhattimitali182@okaxis,1,ACC018206,2,103.95
nsehgal444@ybl,1,ACC018207,1,17.15
ydoshi184@ybl,1,ACC018208,1,23.92
eperi184@okaxis,1,ACC018209,2,45.32
esodhi331@okaxis,1,ACC018210,0,0.0
gardevaishnavi589@ybl,1,ACC018211,2,23.08
chaitalyoommen713@okhdfcbank,1,ACC018212,0,0.0
praneel72930@okhdfcbank,1,ACC018213,1,79.1
katadakshesh695@paytm,1,ACC018214,1,554.57
indrajit86919@oksbi,1,ACC018215,1,10.77
muleA14803@ybl,5,ACC018207;ACC018210;ACC018212;ACC018213;ACC018215,5,275.59
wgera624@ybl,1,ACC018216,1,73.48
gaurangi69621@okhdfcbank,1,ACC018217,2,59.38
mandnandini488@oksbi,1,ACC018218,1,13.65
ghoseupadhriti703@okhdfcbank,1,ACC018219,1,45.34
chanakya25819@ybl,1,ACC018220,1,32.96
muleA15727@oksbi,2,ACC018216;ACC018218,2,192.34
samalogan301@okaxis,1,ACC018221,1,13.7
darafrado164@okicici,1,ACC018222,2,239.55
orinder17475@okicici,1,ACC018223,1,49.14
utandon576@oksbi,1,ACC018224,1,13.77
bhavna59210@oksbi,1,ACC018225,1,12.29
farajbanerjee700@okicici,1,ACC018226,1,21.0
darsh87820@okicici,1,ACC018227,1,32.34
goza38@okicici,1,ACC018228,2,33.53
hemang60456@oksbi,1,ACC018229,2,29.23
muleA16158@okicici,2,ACC018221;ACC018224,2,117.6
qgrewal744@okhdfcbank,1,ACC018230,1,37.78
mastergavin655@okicici,1,ACC018231,1,155.75
shuklagaurav565@okaxis,1,ACC018232,2,44.94
boraayushman966@oksbi,1,ACC018233,1,17.5
bhallawridesh119@okhdfcbank,1,ACC018234,1,11.88
pratyushsetty298@okicici,1,ACC018235,2,50.94
qbali923@okaxis,1,ACC018236,2,42.28
kundafalak899@okaxis,1,ACC018237,2,47.0
munisneha676@oksbi,1,ACC018238,2,25.08
kulkarniurmi836@okicici,1,ACC018239,2,35.02
yohannanbhavya236@oksbi,1,ACC018240,1,24.34
jagratibhandari961@okaxis,1,ACC018241,1,67.2
muleA17362@okicici,5,ACC018230;ACC018231;ACC018233;ACC018234;ACC018241,5,216.28
zlall810@okicici,1,ACC018242,1,36.94
vritti17989@oksbi,1,ACC018243,2,80.9
brinda69808@ybl,1,ACC018244,1,20.65
ranveersawhney29@okicici,1,ACC018245,1,20.65
muleA18141@okhdfcbank,2,ACC018244;ACC018245,2,17.59
anyasamra527@ybl,1,ACC018246,2,129.13
meera20867@okicici,1,ACC018247,1,6.7
ekantikaswamy337@okicici,1,ACC018248,0,0.0
geramugdha934@paytm,1,ACC018249,0,0.0
sastryanita147@ybl,1,ACC018250,2,54.74
frajagopal898@paytm,1,ACC018251,1,28.04
ombrijesh288@okhdfcbank,1,ACC018252,1,37.78
yugarora220@okaxis,1,ACC018253,2,69.63
zayyansuresh922@okhdfcbank,1,ACC018254,2,85.75
liamnagy720@okicici,1,ACC018255,1,20.65
chanchal53587@okhdfcbank,1,ACC018256,0,0.0
lkothari158@ybl,1,ACC018257,0,0.0
muleA19946@ybl,7,ACC018248;ACC018249;ACC018251;ACC018252;ACC018255;ACC018256;ACC018257,7,197.68
omaja03442@okhdfcbank,1,ACC018258,1,42.0
qarin58503@oksbi,1,ACC018259,1,22.85
parth80629@ybl,1,ACC018260,2,52.15
prakashnidhi368@paytm,1,ACC018261,0,0.0
muleA2016@paytm,1,ACC018261,1,10.9
anika38426@okhdfcbank,1,ACC018262,2,42.15
modywarhi227@okhdfcbank,1,ACC018263,0,0.0
tellafrederick614@okaxis,1,ACC018264,0,0.0
muleA21141@okhdfcbank,2,ACC018263;ACC018264,2,117.16
onisuresh771@paytm,1,ACC018265,1,26.77
vidhi33396@ybl,1,ACC018266,1,19.95
arin2587@okicici,1,ACC018267,1,42.0
xsetty192@oksbi,1,ACC018268,1,6.7
muleA22752@oksbi,2,ACC018265;ACC018266,2,150.78
smandal314@oksbi,1,ACC018269,1,24.78
gopalkamya447@okaxis,1,ACC018270,1,105.0
nairbalendra828@paytm,1,ACC018271,0,0.0
wtara258@okicici,1,ACC018272,1,12.18
solankisai630@okicici,1,ACC018273,1,45.76
usolanki631@oksbi,1,ACC018274,0,0.0
aissac662@okicici,1,ACC018275,0,0.0
btrivedi364@okhdfcbank,1,ACC018276,1,13.4
aryachandran206@ybl,1,ACC018277,2,229.38
sagarzayan821@paytm,1,ACC018278,1,7.0
muleA23280@okaxis,5,ACC018270;ACC018271;ACC018274;ACC018275;ACC018278,5,378.43
ayaan57178@okhdfcbank,1,ACC018279,2,61.8
bosesamaksh818@oksbi,1,ACC018280,0,0.0
azad82930@okicici,1,ACC018281,2,266.63
bishakha80393@okicici,1,ACC018282,2,62.71
pushti4998@okaxis,1,ACC018283,2,54.49
waliaayushman920@okhdfcbank,1,ACC018284,1,20.58
paijackson539@paytm,1,ACC018285,0,0.0
muleA24291@paytm,2,ACC018280;ACC018285,2,184.78
rudra00408@okaxis,1,ACC018286,2,37.64
jagratimannan493@okaxis,1,ACC018287,2,28.96
naranglavanya253@ybl,1,ACC018288,0,0.0
orinderbasu662@oksbi,1,ACC018289,2,56.96
manbirvarma133@oksbi,1,ACC018290,2,92.02
megha00377@okhdfcbank,1,ACC018291,1,19.09
jkar199@oksbi,1,ACC018292,1,5.97
mkumar461@okaxis,1,ACC018293,2,33.79
muleA25499@okicici,3,ACC018288;ACC018291;ACC018292,3,60.0
agopal349@okhdfcbank,1,ACC018294,1,17.15
ybhat494@paytm,1,ACC018295,2,90.09
mohiniprabhu26@okaxis,1,ACC018296,1,20.65
mannneha636@okicici,1,ACC018297,1,32.2
muleA26629@okicici,3,ACC018294;ACC018296;ACC018297,3,144.04
gardeishani975@okhdfcbank,1,ACC018298,2,209.63
muleB11318@okaxis,7,ACC018298;ACC018300;ACC018301;ACC018302;ACC018303;ACC018304;ACC018305,10,902.77
muleB10571@oksbi,7,ACC018298;ACC018299;ACC018300;ACC018301;ACC018302;ACC018303;ACC018306,14,769.93
nreddy702@paytm,1,ACC018299,1,45.05
brindajoshi82@ybl,1,ACC018300,1,38.5
januja73286@okicici,1,ACC018301,3,93.92
geetika18695@paytm,1,ACC018302,1,22.71
nswamy266@okhdfcbank,1,ACC018303,1,18.46
revamand533@ybl,1,ACC018304,2,101.05
darpan27720@ybl,1,ACC018305,4,58.89
yashica07251@ybl,1,ACC018306,2,52.53
ramaekbal955@okhdfcbank,1,ACC018307,1,15.02
muleB206@ybl,9,ACC018307;ACC018308;ACC018309;ACC018310;ACC018312;ACC018313;ACC018314;ACC018315;ACC018317,17,806.79
muleB21195@ybl,13,ACC018307;ACC018308;ACC018309;ACC018310;ACC018311;ACC018312;ACC018313;ACC018314;ACC018315;ACC018316;ACC018317;ACC018318;ACC018319,23,1056.11
bhavnapau441@okicici,1,ACC018308,1,33.86
psunder689@okicici,1,ACC018309,1,45.05
khanda747@okhdfcbank,1,ACC018310,0,0.0
tanaychatterjee689@ybl,1,ACC018311,3,71.97
smenon991@ybl,1,ACC018312,1,41.56
gdugar831@ybl,1,ACC018313,0,0.0
wmadan448@oksbi,1,ACC018314,1,148.23
parthravi43@oksbi,1,ACC018315,0,0.0
neelima38342@oksbi,1,ACC018316,2,84.68
bmand332@okaxis,1,ACC018317,0,0.0
patrick02299@oksbi,1,ACC018318,4,138.94
wriddhishkarnik633@ybl,1,ACC018319,0,0.0
fbobal643@oksbi,1,ACC018320,2,48.21
muleB30657@paytm,5,ACC018320;ACC018321;ACC018322;ACC018324;ACC018325,8,439.81
kaladas372@okhdfcbank,1,ACC018321,3,91.59
janujataneja651@oksbi,1,ACC018322,2,56.21
muleB31957@okhdfcbank,3,ACC018322;ACC018323;ACC018325,4,116.0
fariqbawa233@okaxis,1,ACC018323,2,343.04
bhaviniagrawal562@ybl,1,ACC018324,2,82.82
ramachandranvidhi961@paytm,1,ACC018325,2,47.72
charles52686@okhdfcbank,1,ACC018326,0,0.0
muleB40525@paytm,13,ACC018326;ACC018327;ACC018328;ACC018329;ACC018330;ACC018331;ACC018332;ACC018333;ACC018334;ACC018336;ACC018337;ACC018338;ACC018339,22,1615.45
muleB41410@okicici,7,ACC018326;ACC018329;ACC018330;ACC018331;ACC018332;ACC018333;ACC018337,12,1007.57
mittersneha79@paytm,1,ACC018327,1,9.99
sarthak47245@okhdfcbank,1,ACC018328,4,150.89
ranbir25442@ybl,1,ACC018329,0,0.0
rsha751@okicici,1,ACC018330,0,0.0
munshisamar171@okhdfcbank,1,ACC018331,3,80.83
paikashish269@okicici,1,ACC018332,1,8.8
labansangha774@oksbi,1,ACC018333,0,0.0
nayakjairaj467@okaxis,1,ACC018334,4,292.77
sharmaamrita55@okaxis,1,ACC018335,3,115.32
yuvrajdate79@okhdfcbank,1,ACC018336,2,48.49
manbir24623@okaxis,1,ACC018337,2,214.25
smerchant789@oksbi,1,ACC018338,2,30.82
gopal52519@ybl,1,ACC018339,3,165.67
ronith78191@oksbi,1,ACC018340,2,28.49
muleB51901@ybl,7,ACC018340;ACC018342;ACC018343;ACC018345;ACC018346;ACC018348;ACC018349,10,344.03
npai407@okaxis,1,ACC018341,1,51.95
muleB50487@oksbi,8,ACC018341;ACC018342;ACC018343;ACC018344;ACC018345;ACC018347;ACC018348;ACC018349,16,777.24
ethan12871@okhdfcbank,1,ACC018342,2,321.09
lkala962@okhdfcbank,1,ACC018343,0,0.0
jananisodhi897@oksbi,1,ACC018344,3,47.61
wahab96205@okhdfcbank,1,ACC018345,3,71.65
deolwilliam526@okhdfcbank,1,ACC018346,2,62.76
qnarain348@okicici,1,ACC018347,4,185.01
urvi10392@ybl,1,ACC018348,1,6.01
sudikshamannan722@okhdfcbank,1,ACC018349,2,67.76
chaitalythaker137@okhdfcbank,1,ACC018350,1,22.71
muleB60814@okhdfcbank,6,ACC018350;ACC018351;ACC018352;ACC018353;ACC018354;ACC018357,8,414.24
muleB62379@okicici,6,ACC018350;ACC018351;ACC018352;ACC018354;ACC018355;ACC018356,10,399.7
muleB61392@okaxis,4,ACC018350;ACC018351;ACC018353;ACC018355,5,651.89
jeevika57674@okaxis,1,ACC018351,0,0.0
qushishankar703@okhdfcbank,1,ACC018352,1,3.42
apanchal348@paytm,1,ACC018353,2,176.45
jasonkamdar837@okhdfcbank,1,ACC018354,3,92.57
murthyjacob916@paytm,1,ACC018355,1,57.75
anitadixit851@ybl,1,ACC018356,2,22.12
zinal465@oksbi,1,ACC018357,1,77.39
vedantiyer172@oksbi,1,ACC018358,3,247.92
muleB71721@paytm,10,ACC018358;ACC018359;ACC018360;ACC018362;ACC018366;ACC018367;ACC018368;ACC018369;ACC018370;ACC018371,17,1128.08
timothy70381@oksbi,1,ACC018359,2,29.96
muleB7040@okhdfcbank,12,ACC018359;ACC018360;ACC018361;ACC018362;ACC018364;ACC018365;ACC018366;ACC018367;ACC018368;ACC018369;ACC018370;ACC018371,17,685.07
warjas02291@okicici,1,ACC018360,0,0.0
bhatnagarindira71@okhdfcbank,1,ACC018361,4,130.71
ishanvimammen354@oksbi,1,ACC018362,1,87.01
xavierdin970@ybl,1,ACC018363,3,92.88
sbhasin941@okicici,1,ACC018364,1,19.25
siddharthwagle215@okhdfcbank,1,ACC018365,2,48.12
diyabasak78@okicici,1,ACC018366,1,15.02
aditya67718@okicici,1,ACC018367,1,58.14
swaminathanvinaya191@okicici,1,ACC018368,2,122.72
bakshiijaya965@ybl,1,ACC018369,0,0.0
utkarshgade90@okhdfcbank,1,ACC018370,1,7.7
parthkade546@oksbi,1,ACC018371,0,0.0
lallaekansh128@paytm,1,ACC018372,1,22.71
muleB81519@okicici,3,ACC018372;ACC018373;ACC018374,6,193.99
muleB80491@ybl,4,ACC018372;ACC018373;ACC018374;ACC018375,5,374.17
pushti00374@okicici,1,ACC018373,1,13.48
sachibhasin698@ybl,1,ACC018374,1,40.22
prabhuharita157@paytm,1,ACC018375,2,71.2
virksneha732@okhdfcbank,1,ACC018376,0,0.0
muleB91261@paytm,10,ACC018376;ACC018377;ACC018378;ACC018379;ACC018380;ACC018381;ACC018382;ACC018383;ACC018385;ACC018386,22,1541.74
girik31224@oksbi,1,ACC018377,1,21.77
muleB90567@ybl,6,ACC018377;ACC018379;ACC018382;ACC018383;ACC018384;ACC018385,9,244.09
majumdaravni768@oksbi,1,ACC018378,2,22.33
yogizaitra453@okaxis,1,ACC018379,2,60.81
tristansengupta907@oksbi,1,ACC018380,2,47.33
idikasahota383@okaxis,1,ACC018381,2,182.29
khoslayochana359@okaxis,1,ACC018382,0,0.0
shuklaadvik494@okaxis,1,ACC018383,2,34.41
jhaverineel238@paytm,1,ACC018384,3,63.35
zayyanchatterjee999@ybl,1,ACC018385,1,21.54
nayakchakrika751@oksbi,1,ACC018386,1,22.69
ghoselohit378@ybl,1,ACC018387,1,35.42
muleB101938@okhdfcbank,8,ACC018387;ACC018388;ACC018389;ACC018390;ACC018391;ACC018392;ACC018393;ACC018394,15,659.31
muleB100139@oksbi,6,ACC018387;ACC018388;ACC018389;ACC018390;ACC018391;ACC018393,10,222.79
amarakata93@oksbi,1,ACC018388,0,0.0
siddharth10893@oksbi,1,ACC018389,1,186.37
hiral31501@oksbi,1,ACC018390,0,0.0
edhitha62119@ybl,1,ACC018391,1,87.01
ksom441@okicici,1,ACC018392,2,41.56
ghosedevika28@oksbi,1,ACC018393,0,0.0
sachdevchavvi585@okhdfcbank,1,ACC018394,2,237.55
mseth232@oksbi,1,ACC018395,3,125.51
muleB111647@oksbi,5,ACC018395;ACC018396;ACC018397;ACC018399;ACC018400,7,278.88
muleB110703@oksbi,4,ACC018395;ACC018398;ACC018399;ACC018400,6,207.1
rmaster537@ybl,1,ACC018396,3,125.1
xaviermitra302@okaxis,1,ACC018397,1,87.01
chackojagdish153@okicici,1,ACC018398,2,25.89
jayaramancharita84@ybl,1,ACC018399,2,49.26
yoshitaraman529@ybl,1,ACC018400,1,26.54
abhiram91756@okhdfcbank,1,ACC018401,1,31.93
muleB120882@okaxis,11,ACC018401;ACC018403;ACC018404;ACC018405;ACC018406;ACC018408;ACC018409;ACC018410;ACC018411;ACC018413;ACC018414,16,851.3
muleB121137@okhdfcbank,11,ACC018401;ACC018402;ACC018403;ACC018404;ACC018405;ACC018407;ACC018408;ACC018410;ACC018411;ACC018412;ACC018414,15,659.58
ishwarmodi791@okhdfcbank,1,ACC018402,3,332.94
tanveerbakshi56@okicici,1,ACC018403,2,35.8
watwal542@ybl,1,ACC018404,3,75.08
abeer35576@okhdfcbank,1,ACC018405,0,0.0
gchoudhry9@paytm,1,ACC018406,3,234.04
tandonpanini416@paytm,1,ACC018407,2,66.19
mahalniharika221@paytm,1,ACC018408,1,11.17
ypant51@okhdfcbank,1,ACC018409,2,48.96
aiyer505@oksbi,1,ACC018410,2,106.22
zashil12222@okhdfcbank,1,ACC018411,1,37.71
zehaan67913@okaxis,1,ACC018412,2,51.59
fvyas356@okaxis,1,ACC018413,2,25.18
anjalikuruvilla724@paytm,1,ACC018414,2,55.19
ramaswamymeera70@okhdfcbank,1,ACC018415,1,18.86
muleB131590@okhdfcbank,6,ACC018415;ACC018419;ACC018421;ACC018422;ACC018423;ACC018424,13,530.83
bsathe468@oksbi,1,ACC018416,1,41.56
muleB130847@okaxis,8,ACC018416;ACC018417;ACC018418;ACC018419;ACC018420;ACC018421;ACC018422;ACC018423,17,703.65
meghana56567@okaxis,1,ACC018417,1,29.65
wganesan134@ybl,1,ACC018418,0,0.0
mlall953@oksbi,1,ACC018419,1,12.1
narainyoshita84@okicici,1,ACC018420,3,95.07
ibhargava305@paytm,1,ACC018421,0,0.0
bgulati275@okicici,1,ACC018422,0,0.0
iparmer671@oksbi,1,ACC018423,1,28.88
rajganga278@okhdfcbank,1,ACC018424,2,61.38
xgill636@okaxis,1,ACC018425,0,0.0
muleB140279@oksbi,5,ACC018425;ACC018426;ACC018428;ACC018429;ACC018431,8,258.67
muleB141392@oksbi,5,ACC018425;ACC018426;ACC018427;ACC018430;ACC018431,5,600.19
muleB142829@paytm,3,ACC018425;ACC018427;ACC018430,3,226.0
hredhaangupta846@oksbi,1,ACC018426,1,96.25
upadhyaykalpit276@okaxis,1,ACC018427,1,87.01
vrinda90433@ybl,1,ACC018428,1,41.56
lalajagrati568@okicici,1,ACC018429,3,481.25
dbhatt266@ybl,1,ACC018430,2,36.55
tthaker327@ybl,1,ACC018431,1,37.35
charita66602@paytm,1,ACC018432,1,40.03
muleB151365@paytm,10,ACC018432;ACC018433;ACC018434;ACC018435;ACC018436;ACC018437;ACC018438;ACC018439;ACC018440;ACC018441,23,1105.78
muleB150307@okhdfcbank,9,ACC018432;ACC018433;ACC018434;ACC018435;ACC018436;ACC018438;ACC018439;ACC018440;ACC018441,10,327.09
gangaom879@ybl,1,ACC018433,2,17.3
manthanperi221@okicici,1,ACC018434,0,0.0
sundarammohammed267@okaxis,1,ACC018435,1,128.98
bsaran421@okicici,1,ACC018436,1,45.05
raksha45732@ybl,1,ACC018437,1,18.46
mekhalabhatia167@oksbi,1,ACC018438,2,77.19
agola774@okicici,1,ACC018439,0,0.0
savantarjun863@okaxis,1,ACC018440,0,0.0
dkamdar434@oksbi,1,ACC018441,2,38.51
megha0878@okicici,1,ACC018442,1,8.84
muleB160729@okhdfcbank,3,ACC018442;ACC018443;ACC018444,4,174.02
horaurishilla623@paytm,1,ACC018443,3,54.65
rachanaborra802@paytm,1,ACC018444,2,97.0
muleB161742@okhdfcbank,3,ACC018444;ACC018445;ACC018446,5,153.69
sethpeter814@oksbi,1,ACC018445,0,0.0
yohannantamanna742@paytm,1,ACC018446,3,66.11
samesh38937@okaxis,1,ACC018447,2,26.37
muleB171572@oksbi,9,ACC018447;ACC018448;ACC018449;ACC018450;ACC018451;ACC018454;ACC018455;ACC018456;ACC018457,13,1029.96
muleB170817@ybl,10,ACC018447;ACC018449;ACC018450;ACC018451;ACC018452;ACC018453;ACC018454;ACC018455;ACC018456;ACC018457,16,1426.47
hema11509@okicici,1,ACC018448,2,183.26
bathbalhaar155@okicici,1,ACC018449,2,70.55
bhavika49667@paytm,1,ACC018450,1,38.5
parekhamara397@paytm,1,ACC018451,1,78.91
wadhwamanya29@okhdfcbank,1,ACC018452,1,39.63
pranav45907@okicici,1,ACC018453,2,67.76
rmohanty678@okicici,1,ACC018454,0,0.0
hramakrishnan603@paytm,1,ACC018455,1,48.9
bosemahika731@okhdfcbank,1,ACC018456,2,50.41
lukebutala416@paytm,1,ACC018457,0,0.0
chandcharvi375@ybl,1,ACC018458,0,0.0
muleB180352@okhdfcbank,6,ACC018458;ACC018459;ACC018460;ACC018461;ACC018463;ACC018464,14,540.1
muleB181700@okaxis,5,ACC018458;ACC018459;ACC018461;ACC018462;ACC018465,10,448.1
suhanisuri752@okicici,1,ACC018459,0,0.0
aadhyaparmar263@paytm,1,ACC018460,2,91.03
suraudarsh264@okhdfcbank,1,ACC018461,0,0.0
prege760@oksbi,1,ACC018462,2,109.68
noah37935@okaxis,1,ACC018463,0,0.0
sai35619@paytm,1,ACC018464,3,136.52
xanne536@okaxis,1,ACC018465,4,173.8
dhingrakabir323@oksbi,1,ACC018466,0,0.0
muleB190511@ybl,6,ACC018466;ACC018468;ACC018469;ACC018470;ACC018471;ACC018472,8,274.05
muleB191545@okhdfcbank,6,ACC018466;ACC018467;ACC018468;ACC018469;ACC018470;ACC018471,10,296.23
fpanchal531@ybl,1,ACC018467,2,52.36
qabil94572@okhdfcbank,1,ACC018468,1,9.94
bachittarnaik858@paytm,1,ACC018469,1,57.75
qhegde38@paytm,1,ACC018470,1,26.16
aaravshetty794@paytm,1,ACC018471,1,41.56
saranriya842@paytm,1,ACC018472,2,90.09
arunima49776@oksbi,1,ACC018473,1,4.76
muleB201895@okaxis,10,ACC018473;ACC018474;ACC018475;ACC018476;ACC018477;ACC018478;ACC018480;ACC018481;ACC018482;ACC018483,15,694.45
muleB200626@oksbi,12,ACC018473;ACC018474;ACC018475;ACC018476;ACC018477;ACC018478;ACC018479;ACC018480;ACC018481;ACC018482;ACC018483;ACC018484,19,1056.79
pillaiaarav868@okaxis,1,ACC018474,1,8.05
nihalahluwalia355@ybl,1,ACC018475,3,81.02
evarghese467@okicici,1,ACC018476,1,34.07
wyattseshadri544@paytm,1,ACC018477,3,48.17
priya61430@oksbi,1,ACC018478,1,20.02
revanair569@paytm,1,ACC018479,3,431.18
ayaandoctor622@ybl,1,ACC018480,0,0.0
chaudhryhemal915@ybl,1,ACC018481,1,9.99
duttayashasvi158@okhdfcbank,1,ACC018482,0,0.0
thomaskhurana285@oksbi,1,ACC018483,0,0.0
padmanabhanrachana423@ybl,1,ACC018484,2,80.65
fsampath957@oksbi,1,ACC018485,1,22.71
muleB211204@ybl,9,ACC018485;ACC018486;ACC018488;ACC018489;ACC018490;ACC018491;ACC018494;ACC018495;ACC018496,19,1058.28
nandinimohanty975@okicici,1,ACC018486,2,125.87
muleB210397@paytm,11,ACC018486;ACC018487;ACC018488;ACC018489;ACC018490;ACC018491;ACC018493;ACC018494;ACC018495;ACC018496;ACC018497,18,1237.73
ekanshkala84@ybl,1,ACC018487,1,107.8
pallaviwali26@okaxis,1,ACC018488,0,0.0
iryaloyal680@okaxis,1,ACC018489,0,0.0
lmadan420@okaxis,1,ACC018490,1,12.46
vyanjana99542@paytm,1,ACC018491,0,0.0
veerkrishnamurthy42@oksbi,1,ACC018492,3,41.97
morarbina341@ybl,1,ACC018493,2,48.21
samaqushi959@oksbi,1,ACC018494,0,0.0
xmukhopadhyay398@okaxis,1,ACC018495,1,5.07
agastyasaxena124@okicici,1,ACC018496,1,19.25
wablevasatika820@okaxis,1,ACC018497,1,22.71
pramakrishnan660@okhdfcbank,1,ACC018498,1,26.16
muleB221329@oksbi,5,ACC018498;ACC018499;ACC018500;ACC018501;ACC018503,6,343.99
muleB222193@oksbi,6,ACC018498;ACC018499;ACC018500;ACC018501;ACC018503;ACC018505,7,221.52
ikshitamanne461@oksbi,1,ACC018499,1,37.35
sandaltriya64@oksbi,1,ACC018500,1,28.88
faraj49720@okicici,1,ACC018501,1,22.31
muleB220806@okhdfcbank,2,ACC018501;ACC018505,3,111.36
sanyadube656@ybl,1,ACC018502,3,188.53
azadnayar726@okaxis,1,ACC018503,1,37.35
aarushmangal420@paytm,1,ACC018504,3,44.91
xkara645@oksbi,1,ACC018505,1,31.93
daminichakraborty282@oksbi,1,ACC018506,3,90.45
muleB2315@okaxis,10,ACC018506;ACC018507;ACC018509;ACC018510;ACC018512;ACC018513;ACC018514;ACC018515;ACC018516;ACC018518,13,548.54
aarnamander831@okaxis,1,ACC018507,1,4.73
muleB230537@okaxis,10,ACC018507;ACC018508;ACC018510;ACC018511;ACC018512;ACC018514;ACC018515;ACC018516;ACC018517;ACC018518,14,406.41
isha980@okicici,1,ACC018508,2,123.95
lucky48783@okicici,1,ACC018509,2,68.1
reddygaurika365@okaxis,1,ACC018510,0,0.0
mnayak730@okicici,1,ACC018511,2,176.86
qjha628@ybl,1,ACC018512,2,32.26
jeremiahnatt186@okicici,1,ACC018513,3,83.52
vansha50876@oksbi,1,ACC018514,2,41.17
alexander47385@okhdfcbank,1,ACC018515,1,11.17
gokhaleryan118@okhdfcbank,1,ACC018516,1,52.36
bhargavashravya433@okicici,1,ACC018517,3,57.96
irana239@okhdfcbank,1,ACC018518,2,23.59
turvi64273@okhdfcbank,1,ACC018519,3,91.14
muleB241312@okhdfcbank,2,ACC018519;ACC018522,4,78.49
priya3478@okhdfcbank,1,ACC018520,3,54.24
varkeybaghyawati134@oksbi,1,ACC018521,2,43.85
muleB242645@okhdfcbank,2,ACC018521;ACC018522,2,87.4
muleB240235@oksbi,2,ACC018521;ACC018523,3,102.96
xkuruvilla325@paytm,1,ACC018522,0,0.0
omya02383@paytm,1,ACC018523,2,47.72
oeshipillay321@okicici,1,ACC018524,2,80.06
panini31787@okhdfcbank,1,ACC018525,2,1087.59
nidradeshpande801@paytm,1,ACC018526,2,92.4
fhari71@okhdfcbank,1,ACC018527,2,78.9
dhaliwalaadhya359@okaxis,1,ACC018528,2,166.68
patrick52147@ybl,1,ACC018529,2,41.15
anmol48746@paytm,1,ACC018530,2,62.56
sdash409@okaxis,1,ACC018531,2,47.33
ganga16470@ybl,1,ACC018532,2,47.37
pborra105@paytm,1,ACC018533,2,90.09
dharekavir978@okicici,1,ACC018534,2,316.57
poommen715@okhdfcbank,1,ACC018535,2,27.31
gnarula237@paytm,1,ACC018536,2,132.08
rushil30729@oksbi,1,ACC018537,2,63.91
vdave198@okicici,1,ACC018538,2,71.38
lmadan873@oksbi,1,ACC018539,2,20.65
yuvraj32385@okhdfcbank,1,ACC018540,2,39.84
timothybadal150@ybl,1,ACC018541,2,213.68
rnayar69@ybl,1,ACC018542,2,53.47
michaelsachdeva920@ybl,1,ACC018543,2,61.99
zdugar278@ybl,1,ACC018544,2,45.39
aashimerchant214@okaxis,1,ACC018545,2,125.87
bhavna73831@oksbi,1,ACC018546,2,171.71
azadarya924@paytm,1,ACC018547,2,46.59
xdube897@okhdfcbank,1,ACC018548,2,30.8
warhikannan314@okicici,1,ACC018549,2,115.07
ishaan21624@oksbi,1,ACC018550,2,63.5
jnath762@paytm,1,ACC018551,2,64.27
thamanbenjamin616@oksbi,1,ACC018552,2,36.15
kbarman545@oksbi,1,ACC018553,2,64.68
venkataramanagastya88@paytm,1,ACC018554,2,65.23
nathan15520@okaxis,1,ACC018555,2,85.83
ekapad18425@okhdfcbank,1,ACC018556,2,49.84
ushetty340@ybl,1,ACC018557,2,189.78
yashodhara27546@okhdfcbank,1,ACC018558,2,65.04
srinivaskiaan941@okicici,1,ACC018559,2,105.49
vchaudhari596@ybl,1,ACC018560,2,35.01
gbhalla854@okaxis,1,ACC018561,2,75.52
yashicaraj77@ybl,1,ACC018562,2,110.18
ugoyal962@okicici,1,ACC018563,2,80.06
faqid7416@okicici,1,ACC018564,2,142.41
amoltailor996@oksbi,1,ACC018565,2,87.52
sastrygunbir835@okicici,1,ACC018566,2,93.17
kulkarnidevansh983@ybl,1,ACC018567,2,103.18
racharya737@paytm,1,ACC018568,2,24.84
damyantiganguly721@paytm,1,ACC018569,2,799.89
desairachit421@okaxis,1,ACC018570,2,37.32
qushi29917@okaxis,1,ACC018571,2,112.4
kashvidhaliwal778@paytm,1,ACC018572,2,25.01
ude321@okaxis,1,ACC018573,2,60.21
tripathibhavini130@oksbi,1,ACC018574,2,469.66
saanvi90388@paytm,1,ACC018575,2,48.7
jacobmammen64@okaxis,1,ACC018576,2,58.39
oupadhyay333@oksbi,1,ACC018577,2,157.23
qtandon527@okaxis,1,ACC018578,2,64.3
hegdejacob292@oksbi,1,ACC018579,2,74.69
glad43@okicici,1,ACC018580,2,16.13
samarloke627@okaxis,1,ACC018581,2,265.78
kritika55811@okhdfcbank,1,ACC018582,2,196.33
jalsaganesan910@okicici,1,ACC018583,2,63.91
hkota412@ybl,1,ACC018584,2,34.43
qsandal845@okhdfcbank,1,ACC018585,2,33.09
bedigauri145@ybl,1,ACC018586,2,142.81
pdesai263@okaxis,1,ACC018587,2,28.85
mpuri38@ybl,1,ACC018588,2,58.49
mannanvrinda730@ybl,1,ACC018589,2,187.11
bhardwajbachittar280@paytm,1,ACC018590,2,44.5
zayyanpadmanabhan298@paytm,1,ACC018591,2,30.8
zgara716@ybl,1,ACC018592,2,129.34
abdulchadha749@okhdfcbank,1,ACC018593,2,116.66
samarmishra450@oksbi,1,ACC018594,2,66.99
hhayer178@ybl,1,ACC018595,2,104.14
chakrika22392@okicici,1,ACC018596,2,136.29
sarkarqabil820@paytm,1,ACC018597,2,162.25
ahluwaliajyoti170@okaxis,1,ACC018598,2,67.38
uchatterjee358@okicici,1,ACC018599,2,239.04
xborra32@oksbi,1,ACC018600,2,57.94
leelamall993@ybl,1,ACC018601,2,249.11
waligaurang73@paytm,1,ACC018602,2,51.18
kamala69461@okhdfcbank,1,ACC018603,2,22.72
tchand573@ybl,1,ACC018604,2,9.99
aachal4464@okhdfcbank,1,ACC018605,2,35.8
kaleekta487@okhdfcbank,1,ACC018606,2,53.47
charvi31615@okaxis,1,ACC018607,2,46.17
hwable178@ybl,1,ACC018608,2,107.39
tara56877@paytm,1,ACC018609,2,70.22
abarman95@oksbi,1,ACC018610,2,64.48
gabriel9310@ybl,1,ACC018611,2,45.64
qpal576@paytm,1,ACC018612,2,80.44
vbath308@ybl,1,ACC018613,2,23.46
utkarshsengupta140@okhdfcbank,1,ACC018614,2,24.64
tankgaurika219@ybl,1,ACC018615,2,13.5
jsarma871@ybl,1,ACC018616,2,168.99
vedhikaahuja850@oksbi,1,ACC018617,2,33.85
oscarkale495@paytm,1,ACC018618,2,63.91
warda70480@okicici,1,ACC018619,2,32.34
nirjamangat842@paytm,1,ACC018620,2,72.88
raviira625@paytm,1,ACC018621,2,143.75
ramaswamyurvashi418@okicici,1,ACC018622,2,50.2
advika37613@okhdfcbank,1,ACC018623,2,65.81
turvi74392@okicici,1,ACC018624,2,115.89
chandaaahana677@paytm,1,ACC018625,2,218.66
xbutala174@okicici,1,ACC018626,2,63.87
bprabhakar295@ybl,1,ACC018627,2,224.41
reyanshchoudhury339@okhdfcbank,1,ACC018628,2,34.27
aryan43485@oksbi,1,ACC018629,2,39.63
mrau529@oksbi,1,ACC018630,2,73.15
geetikamukherjee487@okhdfcbank,1,ACC018631,2,43.86
chameli09492@oksbi,1,ACC018632,2,376.84
sakshambalasubramanian258@paytm,1,ACC018633,2,74.73
kadexiti846@oksbi,1,ACC018634,2,39.63
yugsarna71@okaxis,1,ACC018635,2,170.51
yohannannitesh443@paytm,1,ACC018636,2,35.4
nidhijhaveri838@okaxis,1,ACC018637,2,134.75
sunderaashi489@okaxis,1,ACC018638,2,147.84
yauvani83500@okaxis,1,ACC018639,2,50.67
jairaj43415@paytm,1,ACC018640,2,144.76
gavintandon714@ybl,1,ACC018641,2,22.01
virajsachdeva700@ybl,1,ACC018642,2,156.67
traman242@oksbi,1,ACC018643,2,213.29
anya8876@oksbi,1,ACC018644,2,445.42
tailoraarush880@paytm,1,ACC018645,2,236.32
lbadami510@okhdfcbank,1,ACC018646,2,59.68
vargheseqabil772@ybl,1,ACC018647,2,124.36
aayush11855@paytm,1,ACC018648,2,83.25
oviyabhargava757@paytm,1,ACC018649,2,57.73
zvasa256@oksbi,1,ACC018650,2,33.47
rachit70281@oksbi,1,ACC018651,2,46.54
pushtiramesh113@okhdfcbank,1,ACC018652,2,14.16
yashicapant221@okhdfcbank,1,ACC018653,2,87.78
vmenon408@oksbi,1,ACC018654,2,32.68
amrita7717@oksbi,1,ACC018655,2,57.71
netra693@paytm,1,ACC018656,2,61.94
lrastogi198@oksbi,1,ACC018657,2,64.66
hardik12826@okaxis,1,ACC018658,2,37.25
sampathchanakya427@okicici,1,ACC018659,2,102.03
hemangini59323@okicici,1,ACC018660,2,36.54
krishnanvidhi910@ybl,1,ACC018661,2,59.65
yashvigour490@ybl,1,ACC018662,2,67.35
balendra95962@paytm,1,ACC018663,2,74.69
shauryasani328@okicici,1,ACC018664,2,86.63
aditya00492@okicici,1,ACC018665,2,221.38
pandeyekaraj639@paytm,1,ACC018666,2,48.85
cyogi617@okhdfcbank,1,ACC018667,2,32.86
daryahvi623@paytm,1,ACC018668,2,28.08
ngrewal933@okicici,1,ACC018669,2,34.61
tanejakashish577@okaxis,1,ACC018670,2,22.75
mitali63591@okhdfcbank,1,ACC018671,2,138.96
onkardeshmukh147@ybl,1,ACC018672,2,28.85
samirachita796@ybl,1,ACC018673,2,31.91
nboase737@okaxis,1,ACC018674,2,83.55
ranveer39977@okicici,1,ACC018675,2,142.43
xsandhu640@paytm,1,ACC018676,2,63.87
tristanoommen241@ybl,1,ACC018677,2,64.64
chakradevdass502@paytm,1,ACC018678,2,232.16
laltristan557@okhdfcbank,1,ACC018679,2,52.72
janya18367@ybl,1,ACC018680,2,130.13
mammenchanchal30@okaxis,1,ACC018681,2,58.11
advay33352@okaxis,1,ACC018682,2,72.75
tmaharaj853@okhdfcbank,1,ACC018683,2,50.05
kevinjaggi663@paytm,1,ACC018684,2,110.47
nirjawadhwa71@ybl,1,ACC018685,2,122.05
nicholasmallick97@ybl,1,ACC018686,2,78.52
deyshravya172@paytm,1,ACC018687,2,107.39
pillayrachita810@okicici,1,ACC018688,2,45.02
samrawakeeta376@okicici,1,ACC018689,2,1208.23
yashvibose513@okaxis,1,ACC018690,2,26.16
ekrishnan118@okhdfcbank,1,ACC018691,2,51.18
nitesh86742@oksbi,1,ACC018692,2,84.68
oeshi8211@okicici,1,ACC018693,2,162.18
cmemon455@okicici,1,ACC018694,2,137.45
loganbhavsar147@ybl,1,ACC018695,2,322.97
usetty907@ybl,1,ACC018696,2,30.22
warinderchoudhary393@oksbi,1,ACC018697,2,146.66
thamanupma553@okhdfcbank,1,ACC018698,2,105.88
vaidyaamruta268@ybl,1,ACC018699,2,48.51
oahuja904@okhdfcbank,1,ACC018700,2,288.75
balendrabalasubramanian530@oksbi,1,ACC018701,2,67.74
naksh18737@paytm,1,ACC018702,2,200.59
noahbhavsar816@okaxis,1,ACC018703,2,23.94
sachdevoscar426@okhdfcbank,1,ACC018704,2,50.82
panchalyoshita836@paytm,1,ACC018705,2,55.8
okeer866@okaxis,1,ACC018706,2,73.44
doshiekta161@okaxis,1,ACC018707,2,39.84
ahluwalialohit229@okaxis,1,ACC018708,2,63.91
nathcaleb961@oksbi,1,ACC018709,2,130.86
ysinghal302@oksbi,1,ACC018710,2,86.24
snatt456@ybl,1,ACC018711,2,30.43
hansbarkha30@okhdfcbank,1,ACC018712,2,36.55
jeremiahsalvi471@okicici,1,ACC018713,2,45.79
mmunshi693@okicici,1,ACC018714,1,13.65
muleD1280@okaxis,4,ACC018714;ACC018716;ACC018717;ACC018719,6,176.93
janijasmit903@ybl,1,ACC018715,3,133.67
tamannaparekh174@okhdfcbank,1,ACC018716,2,38.11
narya795@paytm,1,ACC018717,1,12.58
qbhardwaj542@ybl,1,ACC018718,2,198.78
dsangha255@paytm,1,ACC018719,0,0.0
patrickdash760@okhdfcbank,1,ACC018720,2,46.0
muleD2444@oksbi,5,ACC018720;ACC018721;ACC018723;ACC018725;ACC018726,6,182.68
ghosesaksham707@okhdfcbank,1,ACC018721,2,166.58
wakeetatoor443@okhdfcbank,1,ACC018722,4,83.92
bsidhu787@paytm,1,ACC018723,2,24.91
yashodaprakash223@okaxis,1,ACC018724,2,35.0
victor39131@okhdfcbank,1,ACC018725,3,80.5
kashish12150@okaxis,1,ACC018726,3,398.28
janani23695@paytm,1,ACC018727,3,204.46
jyoti68204@ybl,1,ACC018728,2,48.98
muleD3887@okaxis,5,ACC018728;ACC018730;ACC018731;ACC018732;ACC018734,6,101.87
ngrewal906@paytm,1,ACC018729,3,101.48
kauldalbir422@okaxis,1,ACC018730,2,87.46
faras93491@paytm,1,ACC018731,2,21.33
rajuekalinga767@okicici,1,ACC018732,1,20.28
palanshivani395@oksbi,1,ACC018733,2,78.92
goswamihredhaan937@oksbi,1,ACC018734,3,232.53
morarvyanjana42@okaxis,1,ACC018735,2,205.44
anvimishra895@okhdfcbank,1,ACC018736,1,19.25
muleD471@okaxis,5,ACC018736;ACC018738;ACC018739;ACC018740;ACC018741,8,356.83
yochanaseshadri662@ybl,1,ACC018737,3,179.18
soak832@okaxis,1,ACC018738,2,130.2
darikaamble404@okhdfcbank,1,ACC018739,3,25.93
nattlohit322@okaxis,1,ACC018740,2,27.99
chamansane163@ybl,1,ACC018741,1,10.83
pillayhardik333@oksbi,1,ACC018742,2,133.47
indiragade307@paytm,1,ACC018743,2,78.73
muleD5934@okicici,4,ACC018743;ACC018744;ACC018745;ACC018746,5,390.01
zupadhyay706@oksbi,1,ACC018744,1,35.0
samaksh90665@ybl,1,ACC018745,1,17.15
hdubey954@okaxis,1,ACC018746,2,264.23
keyasarma296@ybl,1,ACC018747,1,2.45
muleD6861@ybl,5,ACC018747;ACC018749;ACC018751;ACC018753;ACC018755,8,518.82
omya86527@okicici,1,ACC018748,3,68.95
janikrishna479@okaxis,1,ACC018749,1,15.65
cchatterjee750@okhdfcbank,1,ACC018750,3,116.55
krishna03324@okaxis,1,ACC018751,1,59.85
ddar290@okicici,1,ACC018752,2,47.92
yachanapradhan390@okaxis,1,ACC018753,3,177.06
yamini62304@okicici,1,ACC018754,4,184.76
kamya90590@oksbi,1,ACC018755,2,59.48
gaurika64992@okicici,1,ACC018756,2,61.6
qsekhon766@ybl,1,ACC018757,4,137.98
kantonveer203@oksbi,1,ACC018758,1,18.9
muleD7850@paytm,3,ACC018758;ACC018759;ACC018760,4,560.85
zsubramaniam196@ybl,1,ACC018759,2,29.22
wahabrai564@okicici,1,ACC018760,3,58.08
tanveer69529@okicici,1,ACC018761,2,37.73
muleD8842@okaxis,6,ACC018761;ACC018762;ACC018765;ACC018767;ACC018768;ACC018769,9,451.63
omkaarkapadia484@oksbi,1,ACC018762,2,34.65
balhaar83563@okhdfcbank,1,ACC018763,3,123.0
dhargabriel873@okicici,1,ACC018764,3,202.62
lipikaoak162@oksbi,1,ACC018765,2,150.42
anvijani439@ybl,1,ACC018766,3,92.73
duarudra302@oksbi,1,ACC018767,1,14.65
zamble638@ybl,1,ACC018768,2,44.36
mkota736@okaxis,1,ACC018769,2,38.15
ggola731@okaxis,1,ACC018770,1,17.15
muleD9620@okhdfcbank,4,ACC018770;ACC018771;ACC018773;ACC018776,6,302.16
urmijhaveri632@paytm,1,ACC018771,3,39.93
eeshasamra982@okicici,1,ACC018772,2,78.34
ekanda285@okaxis,1,ACC018773,1,94.5
ugoda959@okhdfcbank,1,ACC018774,2,50.38
kmahajan726@okhdfcbank,1,ACC018775,4,139.85
keyajha135@ybl,1,ACC018776,2,168.68
benjaminjain977@okicici,1,ACC018777,3,85.65
fgara565@okaxis,1,ACC018778,1,16.78
muleD10737@okicici,2,ACC018778;ACC018782,6,280.54
fwason329@paytm,1,ACC018779,3,86.76
yaminisarma871@oksbi,1,ACC018780,3,128.43
upma93790@ybl,1,ACC018781,3,331.43
lopa91904@oksbi,1,ACC018782,0,0.0
lila59105@paytm,1,ACC018783,2,58.76
urishillanagy505@okaxis,1,ACC018784,3,132.63
yashvisrinivasan235@okicici,1,ACC018785,4,96.58
nchanda529@ybl,1,ACC018786,3,84.91
agour892@okhdfcbank,1,ACC018787,3,216.11
boaseharsh657@okhdfcbank,1,ACC018788,0,0.0
muleD11104@okicici,5,ACC018788;ACC018790;ACC018791;ACC018793;ACC018794,9,715.27
nandini7824@okaxis,1,ACC018789,2,75.56
qsavant264@ybl,1,ACC018790,2,23.8
dayamaiahuja156@oksbi,1,ACC018791,0,0.0
bina40259@paytm,1,ACC018792,3,71.01
cyohannan208@ybl,1,ACC018793,2,46.7
snehachand713@okicici,1,ACC018794,1,22.65
krishnamurthynathaniel10@ybl,1,ACC018795,2,15.54
muleD12518@okhdfcbank,3,ACC018795;ACC018796;ACC018798,4,96.17
sharmachristopher172@okicici,1,ACC018796,0,0.0
kulkarniadvaith832@oksbi,1,ACC018797,2,93.76
gkhalsa155@okhdfcbank,1,ACC018798,2,15.08
rbora126@okaxis,1,ACC018799,1,483.88
muleD13692@okaxis,4,ACC018799;ACC018802;ACC018803;ACC018804,7,83.05
ishwarwagle759@oksbi,1,ACC018800,4,181.98
padmanabhannitesh772@oksbi,1,ACC018801,2,61.23
ishanvihayre74@oksbi,1,ACC018802,1,35.0
tpai382@okhdfcbank,1,ACC018803,2,58.62
eiravatiborah835@ybl,1,ACC018804,2,125.98
nirjabora934@okaxis,1,ACC018805,3,96.21
dasheshana459@okhdfcbank,1,ACC018806,2,41.28
rajeshrinarain619@okaxis,1,ACC018807,1,35.0
muleD14140@ybl,6,ACC018807;ACC018810;ACC018811;ACC018813;ACC018814;ACC018815,8,231.29
adya36527@okhdfcbank,1,ACC018808,2,87.85
chaudhryjason231@okaxis,1,ACC018809,2,70.0
ishani49680@okicici,1,ACC018810,1,4.61
deshpandeleela421@ybl,1,ACC018811,1,10.15
oviyaprabhakar631@paytm,1,ACC018812,2,96.6
ganga98665@okhdfcbank,1,ACC018813,1,10.15
jmand666@paytm,1,ACC018814,3,220.56
nazarethveda98@okicici,1,ACC018815,3,133.7
cgrewal80@okhdfcbank,1,ACC018816,3,213.5
ekani94912@ybl,1,ACC018817,3,366.55
bachittarbhatnagar610@ybl,1,ACC018818,3,26.46
muleD15954@oksbi,3,ACC018818;ACC018821;ACC018822,3,354.9
chakradhardhar318@paytm,1,ACC018819,3,35.37
deshmukhyuvraj923@oksbi,1,ACC018820,3,540.51
prabhakardipta564@oksbi,1,ACC018821,1,133.25
chaitanyabath423@oksbi,1,ACC018822,1,35.0
snarayan961@oksbi,1,ACC018823,2,317.44
vrishtiiyengar239@ybl,1,ACC018824,2,66.48
janaki50724@okicici,1,ACC018825,2,201.11
pushti46192@paytm,1,ACC018826,1,77.7
muleD16122@oksbi,5,ACC018826;ACC018827;ACC018828;ACC018829;ACC018831,8,344.69
nkohli992@ybl,1,ACC018827,1,37.97
bavaneha659@paytm,1,ACC018828,2,139.98
diyer840@okhdfcbank,1,ACC018829,3,86.88
harshanand302@okicici,1,ACC018830,3,69.3
jonathanbora31@oksbi,1,ACC018831,3,84.99
rmahal79@ybl,1,ACC018832,2,66.81
indrajitjhaveri703@okicici,1,ACC018833,2,63.7
bhavsarchakradev724@ybl,1,ACC018834,3,51.78
muleD17970@oksbi,5,ACC018834;ACC018835;ACC018836;ACC018838;ACC018839,6,226.91
dbhatt246@ybl,1,ACC018835,2,32.18
mprashad660@okicici,1,ACC018836,2,38.5
abhimanyupatla933@paytm,1,ACC018837,2,176.75
alkakumar789@ybl,1,ACC018838,1,39.2
balendrapathak928@oksbi,1,ACC018839,3,82.73
pranitbava896@paytm,1,ACC018840,2,423.13
indali84829@oksbi,1,ACC018841,1,37.78
muleD18109@paytm,6,ACC018841;ACC018842;ACC018843;ACC018844;ACC018846;ACC018847,9,485.97
valaijaya756@okhdfcbank,1,ACC018842,1,141.05
sudiksha62471@okicici,1,ACC018843,2,79.08
matthewhora626@ybl,1,ACC018844,1,20.65
harshil58602@oksbi,1,ACC018845,4,123.53
bahrileela143@paytm,1,ACC018846,0,0.0
theodoresura376@paytm,1,ACC018847,3,126.15
kohliriya788@paytm,1,ACC018848,2,36.92
yashasvishanker921@okicici,1,ACC018849,2,61.23
muleD19390@paytm,3,ACC018849;ACC018850;ACC018851,4,50.79
zayankala910@okaxis,1,ACC018850,1,8.75
gopalrajata796@oksbi,1,ACC018851,2,93.8
warjasbir600@okaxis,1,ACC018852,3,185.8
tdara971@ybl,1,ACC018853,3,165.53
muleD20796@okicici,2,ACC018853;ACC018855,4,102.53
minhasmatthew652@okhdfcbank,1,ACC018854,4,340.9
ridhimander903@ybl,1,ACC018855,1,16.45
sandalshravya662@okhdfcbank,1,ACC018856,2,80.5
muleD21398@okicici,3,ACC018856;ACC018857;ACC018858,3,80.98
battayamini535@paytm,1,ACC018857,2,58.45
simonsaini47@oksbi,1,ACC018858,2,32.18
bhavini48614@okaxis,1,ACC018859,2,79.45
muleD22481@okaxis,7,ACC018859;ACC018860;ACC018861;ACC018862;ACC018863;ACC018865;ACC018866,9,216.3
wahab07269@ybl,1,ACC018860,2,39.04
isha73238@ybl,1,ACC018861,1,17.5
dlalla584@okhdfcbank,1,ACC018862,3,101.48
aarinibatta720@okaxis,1,ACC018863,1,13.98
mahikabhakta682@okaxis,1,ACC018864,3,190.84
aarnasehgal371@paytm,1,ACC018865,0,0.0
gardevrinda328@okaxis,1,ACC018866,2,78.75
gabrielchoudhury425@ybl,1,ACC018867,1,7.35
muleD23812@okhdfcbank,2,ACC018867;ACC018869,4,581.86
yashicachanda140@paytm,1,ACC018868,2,493.94
jsridhar240@okicici,1,ACC018869,1,5.58
beraudyati356@paytm,1,ACC018870,3,279.98
muleD24414@paytm,2,ACC018870;ACC018871,2,29.96
kantanita820@ybl,1,ACC018871,1,37.78
rvasa313@okaxis,1,ACC018872,4,355.23
esampath827@okaxis,1,ACC018873,2,83.7
kalpitsastry219@okicici,1,ACC018874,3,125.31
tellanisha510@ybl,1,ACC018875,2,285.81
megharege640@okicici,1,ACC018876,2,149.72
orinderdass367@paytm,1,ACC018877,2,30.57
ilala500@okicici,1,ACC018878,3,55.84
inayadeep28@okhdfcbank,1,ACC018879,2,60.38
fjayaraman398@oksbi,1,ACC018880,2,54.11
aptesamaksh611@ybl,1,ACC018881,3,75.41
aatwal254@okaxis,1,ACC018882,3,123.47
daminide433@okhdfcbank,1,ACC018883,3,183.13
wsingh467@oksbi,1,ACC018884,2,34.65
nidrakrishnamurthy738@okicici,1,ACC018885,3,127.37
senyashawini232@paytm,1,ACC018886,3,241.06
chanafaraj980@ybl,1,ACC018887,3,213.06
meera65230@okhdfcbank,1,ACC018888,3,72.69
merchantwarjas834@ybl,1,ACC018889,2,82.1
tanish53633@okhdfcbank,1,ACC018890,3,220.53
sagrawal299@okhdfcbank,1,ACC018891,3,45.14
sramakrishnan944@okhdfcbank,1,ACC018892,2,80.36
sodhixiti708@okaxis,1,ACC018893,2,20.91
omodi448@ybl,1,ACC018894,3,45.2
rachitvala305@okaxis,1,ACC018895,3,228.2
kiaankamdar142@okhdfcbank,1,ACC018896,2,79.27
qarinbhalla836@okaxis,1,ACC018897,2,53.93
devika41667@okaxis,1,ACC018898,3,188.61
majumdarkala643@paytm,1,ACC018899,2,101.48
acharyajatin852@paytm,1,ACC018900,2,45.86
harita32140@paytm,1,ACC018901,2,72.27
pahal42644@oksbi,1,ACC018902,3,128.79
deoojasvi671@okaxis,1,ACC018903,2,165.81
osankaran423@paytm,1,ACC018904,2,63.97
nilima38680@okhdfcbank,1,ACC018905,2,181.53
dominicchoudhury212@paytm,1,ACC018906,3,70.95
lipikasen721@ybl,1,ACC018907,2,78.89
xalakverma601@oksbi,1,ACC018908,2,27.21
tgoswami549@okicici,1,ACC018909,3,221.32
ijaya8740@ybl,1,ACC018910,2,388.19
anusha19706@okhdfcbank,1,ACC018911,3,41.71
sarafaishani124@oksbi,1,ACC018912,3,104.38
fiyazrai859@okhdfcbank,1,ACC018913,3,168.7
nchander169@okhdfcbank,1,ACC018914,2,31.8
naveende622@okaxis,1,ACC018915,3,72.13
ykara61@paytm,1,ACC018916,3,108.11
masterwyatt146@okhdfcbank,1,ACC018917,3,238.1
azadganesan284@oksbi,1,ACC018918,3,284.47
traju321@ybl,1,ACC018919,2,43.04
ladaashi147@okicici,1,ACC018920,3,53.38
misrafaqid334@okaxis,1,ACC018921,3,73.1
choprabishakha183@ybl,1,ACC018922,2,41.45
dbabu948@paytm,1,ACC018923,2,43.45
ljha538@okaxis,1,ACC018924,2,63.57
pushti93406@oksbi,1,ACC018925,2,19.72
jhalak9537@oksbi,1,ACC018926,3,131.09
jagvisura953@oksbi,1,ACC018927,3,148.6
nikita02861@okicici,1,ACC018928,2,20.14
ladli29682@oksbi,1,ACC018929,3,183.55
aryansaxena586@okhdfcbank,1,ACC018930,3,76.77
saumyabakshi267@ybl,1,ACC018931,3,133.5
nathan46230@okicici,1,ACC018932,2,72.05
hdubey150@oksbi,1,ACC018933,3,159.19
yug54732@okhdfcbank,1,ACC018934,2,16.84
ydube943@paytm,1,ACC018935,3,370.53
paninirattan747@oksbi,1,ACC018936,3,112.19
devanshvyas205@okicici,1,ACC018937,3,32.76
zarna43557@paytm,1,ACC018938,2,90.54
yashkrishna505@oksbi,1,ACC018939,2,84.5
lalaudyati590@okhdfcbank,1,ACC018940,2,175.09
patlaxavier488@oksbi,1,ACC018941,2,58.35
pahal77707@okhdfcbank,1,ACC018942,3,126.16
lchopra582@okicici,1,ACC018943,3,90.86
bpatel35@okhdfcbank,1,ACC018944,3,115.21
balavanya428@okhdfcbank,1,ACC018945,3,116.47
triyakrishnamurthy534@okaxis,1,ACC018946,3,48.44
kohlifalak422@okhdfcbank,1,ACC018947,2,103.04
vedant28145@okhdfcbank,1,ACC018948,2,70.03
xghose418@ybl,1,ACC018949,3,354.37
fissac418@okaxis,1,ACC018950,3,45.05
pavani4092@okicici,1,ACC018951,2,86.89
wishi51190@paytm,1,ACC018952,3,262.93
kmangat245@okhdfcbank,1,ACC018953,2,149.3
utata900@oksbi,1,ACC018954,3,155.44
bhattacharyyaabha568@okaxis,1,ACC018955,3,256.5
fitan75815@ybl,1,ACC018956,3,117.73
jsalvi30@oksbi,1,ACC018957,2,114.71
wedwin676@okhdfcbank,1,ACC018958,3,108.17
xpanchal528@ybl,1,ACC018959,3,99.03
omkaar93254@okicici,1,ACC018960,2,117.1
luke3252@okaxis,1,ACC018961,2,459.19
ltiwari276@okicici,1,ACC018962,2,103.82
smukhopadhyay934@oksbi,1,ACC018963,2,43.87
dattaucchal742@paytm,1,ACC018964,2,67.19
mgoyal663@okhdfcbank,1,ACC018965,3,354.5
biswasharish300@oksbi,1,ACC018966,3,93.43
abdul08280@okhdfcbank,1,ACC018967,3,294.55
robertdugar20@ybl,1,ACC018968,3,135.07
balendra64691@paytm,1,ACC018969,3,215.26
amaira31583@ybl,1,ACC018970,2,80.7
tararattan848@ybl,1,ACC018971,3,146.2
nhanda242@paytm,1,ACC018972,3,69.12
chasmummaharaj666@paytm,1,ACC018973,3,80.08
chamansinha391@ybl,1,ACC018974,2,254.36
khalsajeevika403@okaxis,1,ACC018975,2,119.05
pramaswamy889@paytm,1,ACC018976,2,43.04
rajakabir125@okhdfcbank,1,ACC018977,3,97.04
bhatnagarbarkha528@ybl,1,ACC018978,3,218.09
aryakari420@okhdfcbank,1,ACC018979,3,157.1
issacyashasvi637@oksbi,1,ACC018980,2,42.62
nachiketmander857@oksbi,1,ACC018981,3,1305.94
dugalmaanav512@oksbi,1,ACC018982,3,158.39
cheemawazir854@ybl,1,ACC018983,3,87.62
nagarajanirya330@ybl,1,ACC018984,2,51.92
yuvraj78719@paytm,1,ACC018985,2,222.56
gvirk434@okicici,1,ACC018986,3,95.63
nidrasura912@okhdfcbank,1,ACC018987,2,26.14
chakrikamangal136@okhdfcbank,1,ACC018988,3,105.21
zashilhalder595@ybl,1,ACC018989,2,171.04
mohammedsastry585@ybl,1,ACC018990,3,52.43
plad770@okhdfcbank,1,ACC018991,3,50.26
wridesh65848@okhdfcbank,1,ACC018992,2,45.45
dominicratti726@okicici,1,ACC018993,2,51.55
sureshtimothy646@paytm,1,ACC018994,2,63.99
tanveer04528@oksbi,1,ACC018995,3,114.43
maanas39696@okaxis,1,ACC018996,3,79.41
luckyganesh368@okhdfcbank,1,ACC018997,2,32.98
jeet59131@paytm,1,ACC018998,3,231.54
mekhala22615@okhdfcbank,1,ACC018999,3,93.2
sathvik46661@okhdfcbank,1,ACC019000,2,123.54
balasubramanianindali124@ybl,1,ACC019001,2,80.7
liam6556@oksbi,1,ACC019002,3,26.74
shravyabhasin311@ybl,1,ACC019003,3,130.59
devansh55478@okaxis,1,ACC019004,2,77.62
lajita58635@paytm,1,ACC019005,2,66.81
shivansh06277@paytm,1,ACC019006,2,42.25
choudhurysiddharth460@ybl,1,ACC019007,2,103.82
leela52415@ybl,1,ACC019008,3,76.25
vmajumdar455@okicici,1,ACC019009,3,104.84
asane380@ybl,1,ACC019010,2,243.11
kalathomas16@okaxis,1,ACC019011,3,85.6
panini75229@okaxis,1,ACC019012,2,35.42
rwalia346@okicici,1,ACC019013,3,306.23
mandalsaksham17@okhdfcbank,1,ACC019014,2,60.29
gagan24572@okicici,1,ACC019015,3,43.53
yogixiti335@ybl,1,ACC019016,2,48.56
omya49346@okaxis,1,ACC019017,2,30.92
cborah490@ybl,1,ACC019018,2,66.81
hmand368@okhdfcbank,1,ACC019019,3,111.5
aahanapant704@oksbi,1,ACC019020,2,34.99
rattigarima885@okaxis,1,ACC019021,3,121.0
pathaktheodore433@okaxis,1,ACC019022,2,388.42
anirudhprabhu217@okaxis,1,ACC019023,3,108.37
mohini48602@oksbi,1,ACC019024,3,106.13
xbassi304@okicici,1,ACC019025,2,911.64
pparekh215@okicici,1,ACC019026,3,32.48
caleb2289@okaxis,1,ACC019027,3,81.08
otoor379@okhdfcbank,1,ACC019028,3,47.11
tankzaid917@okicici,1,ACC019029,2,90.14
dvasa990@okaxis,1,ACC019030,3,69.28
beraati659@ybl,1,ACC019031,2,62.47
triptidhaliwal963@paytm,1,ACC019032,3,182.89
ydewan335@paytm,1,ACC019033,2,41.42
vyanjanasankar37@okaxis,1,ACC019034,2,170.38
charitachaudhuri236@okhdfcbank,1,ACC019035,2,64.0
ishanvi48539@paytm,1,ACC019036,2,36.08
mallicktanish279@okaxis,1,ACC019037,2,31.56
imaranpalla48@okicici,1,ACC019038,0,0.0
sneha77462@paytm,1,ACC019039,2,216.3
csahota427@okaxis,1,ACC019040,2,101.98
ladlikata996@okaxis,1,ACC019041,0,0.0
yasti5345@okhdfcbank,1,ACC019042,2,58.11
zayan05523@okhdfcbank,1,ACC019043,1,20.28
muleF1489@paytm,3,ACC019038;ACC019041;ACC019043,3,106.86
adyatoor689@paytm,1,ACC019044,1,20.81
vrittisrinivasan337@okhdfcbank,1,ACC019045,2,58.78
umangdasgupta942@okhdfcbank,1,ACC019046,3,279.77
nkadakia417@okicici,1,ACC019047,0,0.0
obedi467@ybl,1,ACC019048,1,73.48
harinakshisridhar116@okicici,1,ACC019049,1,2.8
ikbalpau938@okicici,1,ACC019050,0,0.0
nathanielatwal764@ybl,1,ACC019051,1,179.18
aahana76749@okicici,1,ACC019052,1,98.0
muleF2175@ybl,8,ACC019044;ACC019045;ACC019047;ACC019048;ACC019049;ACC019050;ACC019051;ACC019052,13,626.56
timothy54469@okicici,1,ACC019053,1,23.68
oshroff924@ybl,1,ACC019054,1,18.53
pranavchatterjee548@okhdfcbank,1,ACC019055,0,0.0
gnair959@oksbi,1,ACC019056,1,66.76
muleF3548@okaxis,3,ACC019053;ACC019054;ACC019055,3,215.4
akalla892@okaxis,1,ACC019057,0,0.0
meghanakannan70@okhdfcbank,1,ACC019058,0,0.0
qnath48@oksbi,1,ACC019059,1,24.13
joshua03620@ybl,1,ACC019060,1,32.88
venkateshnidhi215@ybl,1,ACC019061,2,28.68
kamyadhar816@okhdfcbank,1,ACC019062,1,45.34
tsule349@oksbi,1,ACC019063,0,0.0
madanishwar543@oksbi,1,ACC019064,1,20.28
muleF4204@paytm,8,ACC019057;ACC019058;ACC019059;ACC019060;ACC019061;ACC019062;ACC019063;ACC019064,14,389.95
elijah53288@paytm,1,ACC019065,1,31.13
kborra964@ybl,1,ACC019066,1,20.28
memonmason919@okhdfcbank,1,ACC019067,1,186.9
binahans149@paytm,1,ACC019068,0,0.0
harishpandya627@ybl,1,ACC019069,1,12.25
sastryosha128@oksbi,1,ACC019070,1,63.0
ekapad51204@okaxis,1,ACC019071,2,31.96
muleF5296@okaxis,3,ACC019065;ACC019066;ACC019068,3,276.36
wazirpandey559@okhdfcbank,1,ACC019072,2,108.75
tanaymore964@ybl,1,ACC019073,1,47.04
urvisolanki679@paytm,1,ACC019074,0,0.0
krishna74555@oksbi,1,ACC019075,1,3.42
chandreshkonda634@oksbi,1,ACC019076,2,31.85
muleF6342@okicici,5,ACC019072;ACC019073;ACC019074;ACC019075;ACC019076,6,173.81
zhayre154@okhdfcbank,1,ACC019077,0,0.0
jkhatri989@okhdfcbank,1,ACC019078,1,19.71
choudhurysai426@ybl,1,ACC019079,2,25.25
gsrivastava68@okaxis,1,ACC019080,1,42.0
abajwa683@paytm,1,ACC019081,1,155.75
zayan73291@ybl,1,ACC019082,0,0.0
cagarwal967@okicici,1,ACC019083,1,23.78
sidhuanthony121@paytm,1,ACC019084,1,232.68
ramanathanabeer445@okhdfcbank,1,ACC019085,1,32.34
muleF7308@ybl,5,ACC019077;ACC019078;ACC019081;ACC019082;ACC019083,5,164.83
cdua441@okaxis,1,ACC019086,1,10.83
ria59183@paytm,1,ACC019087,0,0.0
jagratihora258@okaxis,1,ACC019088,1,20.65
rehaan506@ybl,1,ACC019089,1,13.13
muleF8671@paytm,4,ACC019086;ACC019087;ACC019088;ACC019089,7,1468.06
amolkhare35@okicici,1,ACC019090,0,0.0
dharvarsha87@oksbi,1,ACC019091,1,17.5
tripti44458@okicici,1,ACC019092,1,10.83
karmaanav72@okhdfcbank,1,ACC019093,1,40.95
dhilloncharita762@okaxis,1,ACC019094,1,12.58
girindrapandey518@okicici,1,ACC019095,1,88.18
zansirajagopal351@ybl,1,ACC019096,2,131.79
anushachoudhary488@okhdfcbank,1,ACC019097,1,35.0
muleF9107@ybl,6,ACC019090;ACC019091;ACC019092;ACC019093;ACC019094;ACC019097,6,314.11
sridharorinder705@oksbi,1,ACC019098,1,24.78
zverma382@okhdfcbank,1,ACC019099,3,28.27
kharethomas393@okaxis,1,ACC019100,3,90.77
ronithsaxena232@okicici,1,ACC019101,1,98.0
muleF10150@okhdfcbank,2,ACC019098;ACC019101,3,54.13
isavant455@paytm,1,ACC019102,0,0.0
ptata635@okhdfcbank,1,ACC019103,2,73.78
msaran879@paytm,1,ACC019104,2,67.66
ikohli39@okhdfcbank,1,ACC019105,2,57.71
anita24887@okaxis,1,ACC019106,1,9.08
wmani763@okhdfcbank,1,ACC019107,1,15.3
hardikrastogi406@okaxis,1,ACC019108,2,57.03
muleF11630@ybl,7,ACC019102;ACC019103;ACC019104;ACC019105;ACC019106;ACC019107;ACC019108,10,1422.25
cdhawan539@okicici,1,ACC019109,1,163.8
vedantraman373@paytm,1,ACC019110,1,45.34
sankarzehaan821@okicici,1,ACC019111,1,32.74
rajagopalanxiti197@okaxis,1,ACC019112,1,20.28
sehgaljasmit567@okhdfcbank,1,ACC019113,2,72.62
lkala52@okhdfcbank,1,ACC019114,0,0.0
raghavdhar858@okhdfcbank,1,ACC019115,1,59.85
muleF12982@okaxis,3,ACC019112;ACC019114;ACC019115,3,190.4
shaurya37884@okhdfcbank,1,ACC019116,0,0.0
saiwali919@paytm,1,ACC019117,0,0.0
caleb0889@ybl,1,ACC019118,0,0.0
alexander42229@paytm,1,ACC019119,1,20.65
xmahajan201@okaxis,1,ACC019120,0,0.0
muleF13137@okicici,5,ACC019116;ACC019117;ACC019118;ACC019119;ACC019120,5,514.54
krishnamurthyishanvi225@okicici,1,ACC019121,1,12.25
umurthy679@ybl,1,ACC019122,0,0.0
emandal642@paytm,1,ACC019123,0,0.0
hkala652@oksbi,1,ACC019124,1,23.78
krish22896@okhdfcbank,1,ACC019125,1,35.0
lekha85560@ybl,1,ACC019126,2,27.57
niharika76631@okaxis,1,ACC019127,1,52.5
simonbehl80@oksbi,1,ACC019128,2,89.6
sharafabeer360@okhdfcbank,1,ACC019129,0,0.0
muleF14218@okicici,7,ACC019121;ACC019122;ACC019123;ACC019124;ACC019125;ACC019127;ACC019129,7,401.72
cbahri887@ybl,1,ACC019130,0,0.0
hhayer229@okaxis,1,ACC019131,0,0.0
manbirpillai864@okaxis,1,ACC019132,0,0.0
yashasvi49530@okicici,1,ACC019133,2,87.56
fhans947@oksbi,1,ACC019134,0,0.0
hsaraf498@oksbi,1,ACC019135,1,49.14
tanmayivohra833@ybl,1,ACC019136,1,9.08
modiadvaith567@okaxis,1,ACC019137,1,20.65
gsachdev488@paytm,1,ACC019138,0,0.0
muleF15745@okhdfcbank,8,ACC019130;ACC019131;ACC019132;ACC019134;ACC019135;ACC019136;ACC019137;ACC019138,15,1518.59
hmangat431@ybl,1,ACC019139,0,0.0
ykannan802@paytm,1,ACC019140,0,0.0
gaurikadara986@ybl,1,ACC019141,2,142.42
edeep81@paytm,1,ACC019142,0,0.0
chanchalsaxena584@oksbi,1,ACC019143,1,24.78
dubeywazir263@okhdfcbank,1,ACC019144,1,37.97
siddharth5533@okaxis,1,ACC019145,1,67.18
davidbassi998@paytm,1,ACC019146,1,17.15
muleF16225@paytm,5,ACC019139;ACC019140;ACC019142;ACC019144;ACC019146,5,209.41
xalaksinghal180@ybl,1,ACC019147,0,0.0
sachisom617@paytm,1,ACC019148,1,1042.84
ayushman68564@oksbi,1,ACC019149,1,24.78
hemasalvi388@ybl,1,ACC019150,2,31.32
vamakshishere165@paytm,1,ACC019151,1,31.5
chokshijeet499@okicici,1,ACC019152,1,14.28
routxiti523@okaxis,1,ACC019153,1,59.85
muleF17672@ybl,7,ACC019147;ACC019148;ACC019149;ACC019150;ACC019151;ACC019152;ACC019153,9,647.9
agarwalvasudha451@okicici,1,ACC019154,0,0.0
ambleveer65@okaxis,1,ACC019155,1,134.38
hemapradhan755@oksbi,1,ACC019156,2,146.3
hchaudhry126@okaxis,1,ACC019157,2,47.65
muleF18355@okhdfcbank,4,ACC019154;ACC019155;ACC019156;ACC019157,5,183.54
bariachakradev144@oksbi,1,ACC019158,0,0.0
riaupadhyay414@ybl,1,ACC019159,1,12.58
oshah664@okaxis,1,ACC019160,1,20.58
finn60462@oksbi,1,ACC019161,0,0.0
daniel6595@okhdfcbank,1,ACC019162,1,24.34
muleF19374@oksbi,3,ACC019158;ACC019159;ACC019161,3,94.28
pallzarna106@okicici,1,ACC019163,1,45.34
finntiwari230@okicici,1,ACC019164,1,141.54
bhattaashi529@ybl,1,ACC019165,0,0.0
teerth88860@okaxis,1,ACC019166,0,0.0
jagvi42295@okhdfcbank,1,ACC019167,1,49.14
panditazad26@okaxis,1,ACC019168,1,70.0
revagrover449@okicici,1,ACC019169,1,10.0
muleF20151@okicici,3,ACC019165;ACC019166;ACC019168,3,88.57
