account_id,split
ACC000001,train
ACC000002,test
ACC000003,train
ACC000004,test
ACC000005,train
ACC000006,test
ACC000007,train
ACC000008,train
ACC000009,train
ACC000010,train
ACC000011,train
ACC000012,train
ACC000013,train
ACC000014,train
ACC000015,test
ACC000016,train
ACC000017,train
ACC000018,test
ACC000019,test
ACC000020,test
ACC000021,train
ACC000022,train
ACC000023,train
ACC000024,test
ACC000025,test
ACC000026,test
ACC000027,train
ACC000028,test
ACC000029,train
ACC000030,train
ACC000031,train
ACC000032,train
ACC000033,train
ACC000034,test
ACC000035,train
ACC000036,train
ACC000037,train
ACC000038,train
ACC000039,train
ACC000040,train
ACC000041,train
ACC000042,test
ACC000043,test
ACC000044,train
ACC000045,train
ACC000046,train
ACC000047,train
ACC000048,train
ACC000049,train
ACC000050,train
ACC000051,train
ACC000052,train
ACC000053,train
ACC000054,train
ACC000055,train
ACC000056,test
ACC000057,train
ACC000058,test
ACC000059,test
ACC000060,train
ACC000061,test
ACC000062,train
ACC000063,train
ACC000064,train
ACC000065,train
ACC000066,train
ACC000067,train
ACC000068,train
ACC000069,test
ACC000070,train
ACC000071,train
ACC000072,train
ACC000073,train
ACC000074,train
ACC000075,train
ACC000076,train
ACC000077,train
ACC000078,train
ACC000079,train
ACC000080,test
ACC000081,train
ACC000082,train
ACC000083,train
ACC000084,test
ACC000085,test
ACC000086,test
ACC000087,train
ACC000088,train
ACC000089,train
ACC000090,train
ACC000091,train
ACC000092,train
ACC000093,train
ACC000094,train
ACC000095,train
ACC000096,train
ACC000097,train
ACC000098,test
ACC000099,test
ACC000100,train
ACC000101,train
ACC000102,train
ACC000103,test
ACC000104,train
ACC000105,train
ACC000106,train
ACC000107,test
ACC000108,train
ACC000109,train
ACC000110,train
ACC000111,test
ACC000112,train
ACC000113,train
ACC000114,train
ACC000115,train
ACC000116,train
ACC000117,train
ACC000118,train
ACC000119,train
ACC000120,train
ACC000121,train
ACC000122,train
ACC000123,train
ACC000124,train
ACC000125,train
ACC000126,test
ACC000127,train
ACC000128,train
ACC000129,train
ACC000130,train
ACC000131,train
ACC000132,train
ACC000133,test
ACC000134,train
ACC000135,train
ACC000136,train
ACC000137,test
ACC000138,train
ACC000139,train
ACC000140,train
ACC000141,train
ACC000142,train
ACC000143,test
ACC000144,train
ACC000145,test
ACC000146,train
ACC000147,train
ACC000148,train
ACC000149,train
ACC000150,test
ACC000151,test
ACC000152,test
ACC000153,train
ACC000154,train
ACC000155,train
ACC000156,test
ACC000157,test
ACC000158,test
ACC000159,train
ACC000160,train
ACC000161,train
ACC000162,train
ACC000163,train
ACC000164,train
ACC000165,train
ACC000166,train
ACC000167,train
ACC000168,train
ACC000169,train
ACC000170,train
ACC000171,test
ACC000172,train
ACC000173,train
ACC000174,train
ACC000175,train
ACC000176,test
ACC000177,test
ACC000178,test
ACC000179,train
ACC000180,train
ACC000181,train
ACC000182,test
ACC000183,train
ACC000184,train
ACC000185,train
ACC000186,train
ACC000187,train
ACC000188,train
ACC000189,train
ACC000190,test
ACC000191,test
ACC000192,test
ACC000193,train
ACC000194,test
ACC000195,train
ACC000196,train
ACC000197,train
ACC000198,train
ACC000199,test
ACC000200,test
ACC000201,train
ACC000202,train
ACC000203,train
ACC000204,test
ACC000205,train
ACC000206,train
ACC000207,test
ACC000208,train
ACC000209,train
ACC000210,train
ACC000211,test
ACC000212,train
ACC000213,train
ACC000214,train
ACC000215,test
ACC000216,test
ACC000217,train
ACC000218,train
ACC000219,train
ACC000220,train
ACC000221,train
ACC000222,train
ACC000223,test
ACC000224,train
ACC000225,test
ACC000226,train
ACC000227,train
ACC000228,train
ACC000229,train
ACC000230,train
ACC000231,train
ACC000232,train
ACC000233,train
ACC000234,test
ACC000235,train
ACC000236,test
ACC000237,train
ACC000238,train
ACC000239,test
ACC000240,train
ACC000241,train
ACC000242,train
ACC000243,test
ACC000244,train
ACC000245,test
ACC000246,test
ACC000247,test
ACC000248,train
ACC000249,train
ACC000250,train
ACC000251,train
ACC000252,train
ACC000253,train
ACC000254,train
ACC000255,train
ACC000256,train
ACC000257,train
ACC000258,train
ACC000259,train
ACC000260,train
ACC000261,train
ACC000262,train
ACC000263,test
ACC000264,train
ACC000265,train
ACC000266,train
ACC000267,test
ACC000268,train
ACC000269,train
ACC000270,train
ACC000271,test
ACC000272,train
ACC000273,train
ACC000274,train
ACC000275,train
ACC000276,train
ACC000277,test
ACC000278,train
ACC000279,train
ACC000280,train
ACC000281,train
ACC000282,train
ACC000283,test
ACC000284,train
ACC000285,train
ACC000286,train
ACC000287,test
ACC000288,train
ACC000289,test
ACC000290,train
ACC000291,train
ACC000292,train
ACC000293,train
ACC000294,train
ACC000295,train
ACC000296,train
ACC000297,train
ACC000298,train
ACC000299,train
ACC000300,train
ACC000301,test
ACC000302,train
ACC000303,train
ACC000304,test
ACC000305,train
ACC000306,train
ACC000307,train
ACC000308,test
ACC000309,train
ACC000310,test
ACC000311,test
ACC000312,train
ACC000313,test
ACC000314,train
ACC000315,train
ACC000316,train
ACC000317,train
ACC000318,train
ACC000319,train
ACC000320,train
ACC000321,test
ACC000322,train
ACC000323,train
ACC000324,train
ACC000325,test
ACC000326,test
ACC000327,train
ACC000328,train
ACC000329,train
ACC000330,train
ACC000331,test
ACC000332,train
ACC000333,test
ACC000334,train
ACC000335,train
ACC000336,train
ACC000337,test
ACC000338,train
ACC000339,train
ACC000340,train
ACC000341,test
ACC000342,train
ACC000343,train
ACC000344,test
ACC000345,test
ACC000346,train
ACC000347,train
ACC000348,train
ACC000349,test
ACC000350,test
ACC000351,train
ACC000352,train
ACC000353,train
ACC000354,train
ACC000355,train
ACC000356,train
ACC000357,train
ACC000358,train
ACC000359,train
ACC000360,train
ACC000361,train
ACC000362,test
ACC000363,train
ACC000364,train
ACC000365,train
ACC000366,train
ACC000367,test
ACC000368,test
ACC000369,test
ACC000370,train
ACC000371,train
ACC000372,test
ACC000373,test
ACC000374,train
ACC000375,train
ACC000376,train
ACC000377,train
ACC000378,train
ACC000379,train
ACC000380,train
ACC000381,train
ACC000382,train
ACC000383,train
ACC000384,test
ACC000385,train
ACC000386,test
ACC000387,test
ACC000388,test
ACC000389,train
ACC000390,train
ACC000391,train
ACC000392,train
ACC000393,test
ACC000394,train
ACC000395,train
ACC000396,train
ACC000397,train
ACC000398,train
ACC000399,train
ACC000400,train
ACC000401,train
ACC000402,test
ACC000403,test
ACC000404,train
ACC000405,test
ACC000406,train
ACC000407,test
ACC000408,test
ACC000409,train
ACC000410,train
ACC000411,train
ACC000412,train
ACC000413,test
ACC000414,train
ACC000415,train
ACC000416,train
ACC000417,test
ACC000418,train
ACC000419,test
ACC000420,test
ACC000421,train
ACC000422,train
ACC000423,train
ACC000424,train
ACC000425,train
ACC000426,train
ACC000427,train
ACC000428,train
ACC000429,test
ACC000430,test
ACC000431,train
ACC000432,train
ACC000433,train
ACC000434,train
ACC000435,test
ACC000436,train
ACC000437,train
ACC000438,test
ACC000439,train
ACC000440,test
ACC000441,test
ACC000442,train
ACC000443,train
ACC000444,train
ACC000445,test
ACC000446,train
ACC000447,test
ACC000448,test
ACC000449,test
ACC000450,test
ACC000451,train
ACC000452,train
ACC000453,test
ACC000454,train
ACC000455,train
ACC000456,train
ACC000457,train
ACC000458,test
ACC000459,train
ACC000460,test
ACC000461,test
ACC000462,test
ACC000463,test
ACC000464,train
ACC000465,train
ACC000466,train
ACC000467,test
ACC000468,train
ACC000469,train
ACC000470,train
ACC000471,train
ACC000472,train
ACC000473,train
ACC000474,train
ACC000475,train
ACC000476,train
ACC000477,test
ACC000478,train
ACC000479,train
ACC000480,train
ACC000481,train
ACC000482,train
ACC000483,train
ACC000484,train
ACC000485,train
ACC000486,test
ACC000487,train
ACC000488,train
ACC000489,train
ACC000490,train
ACC000491,train
ACC000492,train
ACC000493,train
ACC000494,train
ACC000495,train
ACC000496,train
ACC000497,train
ACC000498,train
ACC000499,train
ACC000500,train
ACC000501,train
ACC000502,train
ACC000503,train
ACC000504,test
ACC000505,test
ACC000506,train
ACC000507,test
ACC000508,train
ACC000509,test
ACC000510,train
ACC000511,test
ACC000512,train
ACC000513,test
ACC000514,test
ACC000515,test
ACC000516,train
ACC000517,test
ACC000518,test
ACC000519,train
ACC000520,train
ACC000521,train
ACC000522,train
ACC000523,train
ACC000524,train
ACC000525,train
ACC000526,test
ACC000527,train
ACC000528,train
ACC000529,train
ACC000530,train
ACC000531,train
ACC000532,train
ACC000533,train
ACC000534,test
ACC000535,train
ACC000536,train
ACC000537,train
ACC000538,train
ACC000539,test
ACC000540,train
ACC000541,train
ACC000542,train
ACC000543,test
ACC000544,test
ACC000545,train
ACC000546,train
ACC000547,test
ACC000548,test
ACC000549,train
ACC000550,test
ACC000551,train
ACC000552,train
ACC000553,train
ACC000554,test
ACC000555,train
ACC000556,train
ACC000557,test
ACC000558,test
ACC000559,test
ACC000560,test
ACC000561,test
ACC000562,test
ACC000563,train
ACC000564,train
ACC000565,train
ACC000566,train
ACC000567,train
ACC000568,train
ACC000569,test
ACC000570,train
ACC000571,test
ACC000572,train
ACC000573,train
ACC000574,train
ACC000575,test
ACC000576,train
ACC000577,train
ACC000578,train
ACC000579,train
ACC000580,train
ACC000581,train
ACC000582,train
ACC000583,train
ACC000584,train
ACC000585,train
ACC000586,train
ACC000587,test
ACC000588,train
ACC000589,train
ACC000590,train
ACC000591,train
ACC000592,train
ACC000593,train
ACC000594,train
ACC000595,train
ACC000596,train
ACC000597,test
ACC000598,test
ACC000599,train
ACC000600,test
ACC000601,train
ACC000602,train
ACC000603,train
ACC000604,train
ACC000605,train
ACC000606,train
ACC000607,train
ACC000608,train
ACC000609,test
ACC000610,train
ACC000611,train
ACC000612,train
ACC000613,test
ACC000614,train
ACC000615,train
ACC000616,test
ACC000617,train
ACC000618,train
ACC000619,train
ACC000620,train
ACC000621,train
ACC000622,train
ACC000623,train
ACC000624,train
ACC000625,train
ACC000626,train
ACC000627,train
ACC000628,test
ACC000629,train
ACC000630,train
ACC000631,train
ACC000632,train
ACC000633,test
ACC000634,train
ACC000635,train
ACC000636,test
ACC000637,train
ACC000638,train
ACC000639,train
ACC000640,train
ACC000641,test
ACC000642,train
ACC000643,train
ACC000644,train
ACC000645,test
ACC000646,train
ACC000647,train
ACC000648,train
ACC000649,train
ACC000650,train
ACC000651,train
ACC000652,train
ACC000653,train
ACC000654,train
ACC000655,train
ACC000656,train
ACC000657,test
ACC000658,train
ACC000659,train
ACC000660,train
ACC000661,test
ACC000662,train
ACC000663,test
ACC000664,train
ACC000665,test
ACC000666,train
ACC000667,train
ACC000668,train
ACC000669,train
ACC000670,train
ACC000671,train
ACC000672,train
ACC000673,train
ACC000674,test
ACC000675,train
ACC000676,train
ACC000677,train
ACC000678,train
ACC000679,test
ACC000680,train
ACC000681,train
ACC000682,train
ACC000683,test
ACC000684,train
ACC000685,test
ACC000686,test
ACC000687,train
ACC000688,train
ACC000689,train
ACC000690,train
ACC000691,train
ACC000692,train
ACC000693,train
ACC000694,train
ACC000695,train
ACC000696,test
ACC000697,train
ACC000698,train
ACC000699,train
ACC000700,train
ACC000701,train
ACC000702,train
ACC000703,train
ACC000704,train
ACC000705,train
ACC000706,train
ACC000707,train
ACC000708,train
ACC000709,train
ACC000710,train
ACC000711,train
ACC000712,train
ACC000713,test
ACC000714,train
ACC000715,train
ACC000716,train
ACC000717,train
ACC000718,train
ACC000719,train
ACC000720,train
ACC000721,train
ACC000722,test
ACC000723,train
ACC000724,train
ACC000725,test
ACC000726,train
ACC000727,train
ACC000728,train
ACC000729,train
ACC000730,train
ACC000731,train
ACC000732,train
ACC000733,test
ACC000734,train
ACC000735,train
ACC000736,train
ACC000737,test
ACC000738,train
ACC000739,train
ACC000740,train
ACC000741,train
ACC000742,test
ACC000743,train
ACC000744,train
ACC000745,train
ACC000746,train
ACC000747,train
ACC000748,train
ACC000749,test
ACC000750,train
ACC000751,train
ACC000752,test
ACC000753,train
ACC000754,train
ACC000755,train
ACC000756,test
ACC000757,train
ACC000758,train
ACC000759,test
ACC000760,train
ACC000761,test
ACC000762,train
ACC000763,train
ACC000764,train
ACC000765,test
ACC000766,train
ACC000767,train
ACC000768,train
ACC000769,test
ACC000770,test
ACC000771,train
ACC000772,train
ACC000773,train
ACC000774,train
ACC000775,train
ACC000776,test
ACC000777,train
ACC000778,train
ACC000779,train
ACC000780,train
ACC000781,train
ACC000782,test
ACC000783,test
ACC000784,train
ACC000785,train
ACC000786,train
ACC000787,test
ACC000788,test
ACC000789,test
ACC000790,train
ACC000791,test
ACC000792,train
ACC000793,test
ACC000794,train
ACC000795,train
ACC000796,train
ACC000797,test
ACC000798,train
ACC000799,test
ACC000800,train
ACC000801,train
ACC000802,test
ACC000803,train
ACC000804,train
ACC000805,test
ACC000806,train
ACC000807,train
ACC000808,train
ACC000809,train
ACC000810,train
ACC000811,train
ACC000812,test
ACC000813,test
ACC000814,train
ACC000815,test
ACC000816,train
ACC000817,train
ACC000818,test
ACC000819,train
ACC000820,train
ACC000821,train
ACC000822,train
ACC000823,train
ACC000824,test
ACC000825,train
ACC000826,train
ACC000827,train
ACC000828,train
ACC000829,train
ACC000830,train
ACC000831,test
ACC000832,train
ACC000833,train
ACC000834,train
ACC000835,test
ACC000836,train
ACC000837,test
ACC000838,train
ACC000839,train
ACC000840,train
ACC000841,train
ACC000842,train
ACC000843,train
ACC000844,train
ACC000845,test
ACC000846,train
ACC000847,train
ACC000848,train
ACC000849,train
ACC000850,train
ACC000851,test
ACC000852,train
ACC000853,train
ACC000854,train
ACC000855,test
ACC000856,train
ACC000857,train
ACC000858,test
ACC000859,train
ACC000860,test
ACC000861,train
ACC000862,train
ACC000863,train
ACC000864,train
ACC000865,train
ACC000866,train
ACC000867,train
ACC000868,test
ACC000869,train
ACC000870,train
ACC000871,test
ACC000872,train
ACC000873,train
ACC000874,train
ACC000875,train
ACC000876,train
ACC000877,test
ACC000878,train
ACC000879,train
ACC000880,train
ACC000881,train
ACC000882,train
ACC000883,test
ACC000884,test
ACC000885,train
ACC000886,test
ACC000887,train
ACC000888,train
ACC000889,train
ACC000890,train
ACC000891,train
ACC000892,train
ACC000893,train
ACC000894,train
ACC000895,train
ACC000896,test
ACC000897,train
ACC000898,train
ACC000899,test
ACC000900,test
ACC000901,train
ACC000902,train
ACC000903,test
ACC000904,test
ACC000905,train
ACC000906,test
ACC000907,train
ACC000908,train
ACC000909,test
ACC000910,train
ACC000911,train
ACC000912,test
ACC000913,test
ACC000914,train
ACC000915,train
ACC000916,train
ACC000917,train
ACC000918,test
ACC000919,train
ACC000920,train
ACC000921,train
ACC000922,test
ACC000923,test
ACC000924,train
ACC000925,train
ACC000926,test
ACC000927,train
ACC000928,train
ACC000929,train
ACC000930,test
ACC000931,train
ACC000932,train
ACC000933,test
ACC000934,train
ACC000935,train
ACC000936,train
ACC000937,test
ACC000938,test
ACC000939,train
ACC000940,train
ACC000941,train
ACC000942,train
ACC000943,train
ACC000944,train
ACC000945,train
ACC000946,train
ACC000947,train
ACC000948,test
ACC000949,train
ACC000950,train
ACC000951,train
ACC000952,train
ACC000953,train
ACC000954,train
ACC000955,test
ACC000956,train
ACC000957,train
ACC000958,train
ACC000959,train
ACC000960,train
ACC000961,train
ACC000962,train
ACC000963,test
ACC000964,test
ACC000965,train
ACC000966,train
ACC000967,train
ACC000968,test
ACC000969,train
ACC000970,test
ACC000971,train
ACC000972,train
ACC000973,train
ACC000974,train
ACC000975,train
ACC000976,train
ACC000977,test
ACC000978,test
ACC000979,test
ACC000980,train
ACC000981,train
ACC000982,train
ACC000983,train
ACC000984,train
ACC000985,train
ACC000986,train
ACC000987,train
ACC000988,train
ACC000989,test
ACC000990,train
ACC000991,train
ACC000992,test
ACC000993,train
ACC000994,train
ACC000995,train
ACC000996,train
ACC000997,train
ACC000998,train
ACC000999,train
ACC001000,train
ACC001001,train
ACC001002,train
ACC001003,train
ACC001004,train
ACC001005,test
ACC001006,train
ACC001007,train
ACC001008,train
ACC001009,train
ACC001010,train
ACC001011,train
ACC001012,train
ACC001013,train
ACC001014,test
ACC001015,train
ACC001016,train
ACC001017,train
ACC001018,test
ACC001019,train
ACC001020,train
ACC001021,train
ACC001022,test
ACC001023,train
ACC001024,train
ACC001025,train
ACC001026,test
ACC001027,train
ACC001028,test
ACC001029,train
ACC001030,train
ACC001031,train
ACC001032,test
ACC001033,train
ACC001034,test
ACC001035,train
ACC001036,train
ACC001037,test
ACC001038,train
ACC001039,test
ACC001040,train
ACC001041,test
ACC001042,train
ACC001043,train
ACC001044,train
ACC001045,train
ACC001046,test
ACC001047,train
ACC001048,train
ACC001049,train
ACC001050,train
ACC001051,train
ACC001052,train
ACC001053,test
ACC001054,train
ACC001055,train
ACC001056,test
ACC001057,train
ACC001058,train
ACC001059,train
ACC001060,train
ACC001061,train
ACC001062,train
ACC001063,train
ACC001064,test
ACC001065,test
ACC001066,train
ACC001067,train
ACC001068,train
ACC001069,train
ACC001070,test
ACC001071,train
ACC001072,train
ACC001073,train
ACC001074,test
ACC001075,train
ACC001076,train
ACC001077,train
ACC001078,train
ACC001079,test
ACC001080,test
ACC001081,test
ACC001082,train
ACC001083,train
ACC001084,train
ACC001085,train
ACC001086,train
ACC001087,train
ACC001088,train
ACC001089,test
ACC001090,train
ACC001091,train
ACC001092,test
ACC001093,train
ACC001094,train
ACC001095,train
ACC001096,train
ACC001097,train
ACC001098,train
ACC001099,train
ACC001100,train
ACC001101,train
ACC001102,train
ACC001103,train
ACC001104,train
ACC001105,test
ACC001106,train
ACC001107,train
ACC001108,train
ACC001109,train
ACC001110,test
ACC001111,train
ACC001112,train
ACC001113,test
ACC001114,test
ACC001115,train
ACC001116,train
ACC001117,train
ACC001118,train
ACC001119,train
ACC001120,test
ACC001121,test
ACC001122,train
ACC001123,train
ACC001124,train
ACC001125,test
ACC001126,test
ACC001127,train
ACC001128,train
ACC001129,train
ACC001130,train
ACC001131,train
ACC001132,test
ACC001133,train
ACC001134,train
ACC001135,train
ACC001136,train
ACC001137,train
ACC001138,train
ACC001139,train
ACC001140,train
ACC001141,train
ACC001142,train
ACC001143,test
ACC001144,train
ACC001145,train
ACC001146,train
ACC001147,train
ACC001148,train
ACC001149,train
ACC001150,train
ACC001151,train
ACC001152,test
ACC001153,train
ACC001154,train
ACC001155,train
ACC001156,train
ACC001157,train
ACC001158,train
ACC001159,test
ACC001160,train
ACC001161,test
ACC001162,train
ACC001163,train
ACC001164,train
ACC001165,train
ACC001166,test
ACC001167,test
ACC001168,test
ACC001169,train
ACC001170,train
ACC001171,train
ACC001172,train
ACC001173,train
ACC001174,train
ACC001175,train
ACC001176,train
ACC001177,test
ACC001178,train
ACC001179,test
ACC001180,test
ACC001181,train
ACC001182,train
ACC001183,test
ACC001184,train
ACC001185,test
ACC001186,train
ACC001187,train
ACC001188,train
ACC001189,train
ACC001190,test
ACC001191,train
ACC001192,train
ACC001193,train
ACC001194,test
ACC001195,train
ACC001196,test
ACC001197,test
ACC001198,train
ACC001199,test
ACC001200,test
ACC001201,train
ACC001202,train
ACC001203,train
ACC001204,train
ACC001205,train
ACC001206,train
ACC001207,train
ACC001208,train
ACC001209,train
ACC001210,train
ACC001211,train
ACC001212,train
ACC001213,test
ACC001214,train
ACC001215,train
ACC001216,train
ACC001217,train
ACC001218,train
ACC001219,test
ACC001220,train
ACC001221,train
ACC001222,train
ACC001223,train
ACC001224,train
ACC001225,train
ACC001226,train
ACC001227,test
ACC001228,test
ACC001229,train
ACC001230,test
ACC001231,train
ACC001232,train
ACC001233,train
ACC001234,test
ACC001235,test
ACC001236,train
ACC001237,test
ACC001238,train
ACC001239,train
ACC001240,train
ACC001241,train
ACC001242,train
ACC001243,train
ACC001244,train
ACC001245,test
ACC001246,test
ACC001247,train
ACC001248,train
ACC001249,train
ACC001250,train
ACC001251,train
ACC001252,train
ACC001253,test
ACC001254,test
ACC001255,train
ACC001256,train
ACC001257,train
ACC001258,test
ACC001259,train
ACC001260,train
ACC001261,train
ACC001262,train
ACC001263,test
ACC001264,train
ACC001265,train
ACC001266,test
ACC001267,train
ACC001268,train
ACC001269,train
ACC001270,train
ACC001271,train
ACC001272,train
ACC001273,train
ACC001274,train
ACC001275,train
ACC001276,test
ACC001277,train
ACC001278,train
ACC001279,train
ACC001280,test
ACC001281,train
ACC001282,train
ACC001283,test
ACC001284,train
ACC001285,test
ACC001286,train
ACC001287,train
ACC001288,train
ACC001289,train
ACC001290,train
ACC001291,train
ACC001292,train
ACC001293,train
ACC001294,train
ACC001295,train
ACC001296,train
ACC001297,train
ACC001298,train
ACC001299,train
ACC001300,test
ACC001301,train
ACC001302,train
ACC001303,test
ACC001304,train
ACC001305,test
ACC001306,train
ACC001307,train
ACC001308,train
ACC001309,test
ACC001310,train
ACC001311,train
ACC001312,train
ACC001313,train
ACC001314,train
ACC001315,train
ACC001316,train
ACC001317,train
ACC001318,train
ACC001319,test
ACC001320,test
ACC001321,train
ACC001322,train
ACC001323,test
ACC001324,train
ACC001325,train
ACC001326,train
ACC001327,test
ACC001328,test
ACC001329,train
ACC001330,train
ACC001331,train
ACC001332,train
ACC001333,train
ACC001334,train
ACC001335,train
ACC001336,train
ACC001337,train
ACC001338,train
ACC001339,train
ACC001340,train
ACC001341,train
ACC001342,test
ACC001343,test
ACC001344,test
ACC001345,train
ACC001346,train
ACC001347,train
ACC001348,test
ACC001349,train
ACC001350,train
ACC001351,train
ACC001352,test
ACC001353,train
ACC001354,test
ACC001355,test
ACC001356,train
ACC001357,train
ACC001358,train
ACC001359,train
ACC001360,train
ACC001361,test
ACC001362,train
ACC001363,train
ACC001364,train
ACC001365,train
ACC001366,train
ACC001367,train
ACC001368,train
ACC001369,train
ACC001370,test
ACC001371,train
ACC001372,train
ACC001373,test
ACC001374,test
ACC001375,train
ACC001376,train
ACC001377,test
ACC001378,test
ACC001379,train
ACC001380,train
ACC001381,test
ACC001382,train
ACC001383,train
ACC001384,train
ACC001385,train
ACC001386,train
ACC001387,train
ACC001388,train
ACC001389,train
ACC001390,train
ACC001391,train
ACC001392,train
ACC001393,test
ACC001394,train
ACC001395,test
ACC001396,test
ACC001397,train
ACC001398,train
ACC001399,train
ACC001400,train
ACC001401,test
ACC001402,test
ACC001403,train
ACC001404,test
ACC001405,train
ACC001406,train
ACC001407,test
ACC001408,train
ACC001409,train
ACC001410,test
ACC001411,test
ACC001412,train
ACC001413,train
ACC001414,train
ACC001415,test
ACC001416,train
ACC001417,test
ACC001418,train
ACC001419,test
ACC001420,train
ACC001421,train
ACC001422,test
ACC001423,train
ACC001424,train
ACC001425,train
ACC001426,test
ACC001427,train
ACC001428,train
ACC001429,train
ACC001430,train
ACC001431,train
ACC001432,train
ACC001433,train
ACC001434,train
ACC001435,train
ACC001436,train
ACC001437,train
ACC001438,train
ACC001439,train
ACC001440,train
ACC001441,train
ACC001442,test
ACC001443,test
ACC001444,train
ACC001445,train
ACC001446,train
ACC001447,train
ACC001448,train
ACC001449,train
ACC001450,test
ACC001451,train
ACC001452,train
ACC001453,test
ACC001454,train
ACC001455,train
ACC001456,test
ACC001457,test
ACC001458,train
ACC001459,train
ACC001460,train
ACC001461,train
ACC001462,test
ACC001463,train
ACC001464,test
ACC001465,train
ACC001466,train
ACC001467,train
ACC001468,train
ACC001469,train
ACC001470,train
ACC001471,train
ACC001472,test
ACC001473,train
ACC001474,test
ACC001475,train
ACC001476,train
ACC001477,train
ACC001478,train
ACC001479,test
ACC001480,train
ACC001481,train
ACC001482,train
ACC001483,train
ACC001484,train
ACC001485,train
ACC001486,train
ACC001487,test
ACC001488,train
ACC001489,train
ACC001490,train
ACC001491,train
ACC001492,test
ACC001493,test
ACC001494,train
ACC001495,train
ACC001496,train
ACC001497,train
ACC001498,train
ACC001499,train
ACC001500,train
ACC001501,train
ACC001502,train
ACC001503,train
ACC001504,test
ACC001505,test
ACC001506,train
ACC001507,test
ACC001508,test
ACC001509,train
ACC001510,train
ACC001511,train
ACC001512,train
ACC001513,train
ACC001514,train
ACC001515,train
ACC001516,train
ACC001517,train
ACC001518,train
ACC001519,train
ACC001520,train
ACC001521,train
ACC001522,train
ACC001523,train
ACC001524,train
ACC001525,train
ACC001526,train
ACC001527,test
ACC001528,train
ACC001529,test
ACC001530,train
ACC001531,test
ACC001532,train
ACC001533,train
ACC001534,train
ACC001535,train
ACC001536,train
ACC001537,train
ACC001538,test
ACC001539,test
ACC001540,test
ACC001541,train
ACC001542,train
ACC001543,train
ACC001544,train
ACC001545,train
ACC001546,train
ACC001547,train
ACC001548,test
ACC001549,train
ACC001550,train
ACC001551,test
ACC001552,train
ACC001553,train
ACC001554,train
ACC001555,test
ACC001556,train
ACC001557,train
ACC001558,train
ACC001559,test
ACC001560,train
ACC001561,test
ACC001562,train
ACC001563,train
ACC001564,train
ACC001565,train
ACC001566,train
ACC001567,train
ACC001568,train
ACC001569,test
ACC001570,train
ACC001571,test
ACC001572,test
ACC001573,test
ACC001574,train
ACC001575,test
ACC001576,train
ACC001577,train
ACC001578,train
ACC001579,train
ACC001580,test
ACC001581,train
ACC001582,train
ACC001583,train
ACC001584,test
ACC001585,train
ACC001586,test
ACC001587,test
ACC001588,train
ACC001589,train
ACC001590,train
ACC001591,train
ACC001592,train
ACC001593,train
ACC001594,train
ACC001595,train
ACC001596,train
ACC001597,train
ACC001598,test
ACC001599,train
ACC001600,train
ACC001601,train
ACC001602,train
ACC001603,train
ACC001604,train
ACC001605,train
ACC001606,train
ACC001607,train
ACC001608,test
ACC001609,train
ACC001610,test
ACC001611,train
ACC001612,train
ACC001613,train
ACC001614,train
ACC001615,test
ACC001616,test
ACC001617,train
ACC001618,train
ACC001619,train
ACC001620,train
ACC001621,test
ACC001622,train
ACC001623,train
ACC001624,train
ACC001625,train
ACC001626,test
ACC001627,test
ACC001628,train
ACC001629,train
ACC001630,train
ACC001631,test
ACC001632,train
ACC001633,train
ACC001634,test
ACC001635,test
ACC001636,train
ACC001637,train
ACC001638,train
ACC001639,train
ACC001640,train
ACC001641,test
ACC001642,test
ACC001643,train
ACC001644,train
ACC001645,train
ACC001646,train
ACC001647,train
ACC001648,test
ACC001649,train
ACC001650,train
ACC001651,train
ACC001652,train
ACC001653,train
ACC001654,test
ACC001655,train
ACC001656,train
ACC001657,train
ACC001658,train
ACC001659,train
ACC001660,train
ACC001661,train
ACC001662,train
ACC001663,train
ACC001664,train
ACC001665,train
ACC001666,train
ACC001667,test
ACC001668,train
ACC001669,train
ACC001670,train
ACC001671,train
ACC001672,train
ACC001673,test
ACC001674,train
ACC001675,train
ACC001676,train
ACC001677,train
ACC001678,train
ACC001679,train
ACC001680,train
ACC001681,train
ACC001682,test
ACC001683,train
ACC001684,train
ACC001685,train
ACC001686,train
ACC001687,train
ACC001688,test
ACC001689,train
ACC001690,train
ACC001691,test
ACC001692,train
ACC001693,train
ACC001694,train
ACC001695,train
ACC001696,train
ACC001697,train
ACC001698,train
ACC001699,test
ACC001700,train
ACC001701,test
ACC001702,test
ACC001703,train
ACC001704,test
ACC001705,train
ACC001706,train
ACC001707,train
ACC001708,train
ACC001709,test
ACC001710,train
ACC001711,test
ACC001712,train
ACC001713,train
ACC001714,train
ACC001715,train
ACC001716,test
ACC001717,train
ACC001718,test
ACC001719,train
ACC001720,test
ACC001721,test
ACC001722,train
ACC001723,test
ACC001724,train
ACC001725,train
ACC001726,train
ACC001727,train
ACC001728,test
ACC001729,train
ACC001730,test
ACC001731,train
ACC001732,train
ACC001733,train
ACC001734,train
ACC001735,train
ACC001736,train
ACC001737,test
ACC001738,test
ACC001739,test
ACC001740,train
ACC001741,test
ACC001742,train
ACC001743,train
ACC001744,train
ACC001745,test
ACC001746,train
ACC001747,train
ACC001748,test
ACC001749,test
ACC001750,train
ACC001751,train
ACC001752,test
ACC001753,train
ACC001754,train
ACC001755,test
ACC001756,train
ACC001757,train
ACC001758,train
ACC001759,train
ACC001760,train
ACC001761,train
ACC001762,train
ACC001763,test
ACC001764,test
ACC001765,train
ACC001766,test
ACC001767,train
ACC001768,test
ACC001769,test
ACC001770,train
ACC001771,train
ACC001772,train
ACC001773,train
ACC001774,train
ACC001775,train
ACC001776,train
ACC001777,train
ACC001778,test
ACC001779,train
ACC001780,test
ACC001781,train
ACC001782,test
ACC001783,test
ACC001784,train
ACC001785,train
ACC001786,train
ACC001787,train
ACC001788,train
ACC001789,train
ACC001790,train
ACC001791,train
ACC001792,test
ACC001793,train
ACC001794,train
ACC001795,train
ACC001796,train
ACC001797,train
ACC001798,test
ACC001799,train
ACC001800,test
ACC001801,test
ACC001802,train
ACC001803,train
ACC001804,train
ACC001805,train
ACC001806,test
ACC001807,train
ACC001808,test
ACC001809,train
ACC001810,train
ACC001811,train
ACC001812,train
ACC001813,train
ACC001814,train
ACC001815,train
ACC001816,train
ACC001817,test
ACC001818,test
ACC001819,train
ACC001820,train
ACC001821,train
ACC001822,train
ACC001823,test
ACC001824,train
ACC001825,train
ACC001826,train
ACC001827,test
ACC001828,train
ACC001829,train
ACC001830,train
ACC001831,train
ACC001832,train
ACC001833,train
ACC001834,train
ACC001835,train
ACC001836,train
ACC001837,test
ACC001838,train
ACC001839,train
ACC001840,train
ACC001841,train
ACC001842,train
ACC001843,train
ACC001844,train
ACC001845,train
ACC001846,train
ACC001847,test
ACC001848,train
ACC001849,train
ACC001850,test
ACC001851,train
ACC001852,train
ACC001853,test
ACC001854,train
ACC001855,train
ACC001856,train
ACC001857,test
ACC001858,test
ACC001859,train
ACC001860,test
ACC001861,test
ACC001862,test
ACC001863,train
ACC001864,test
ACC001865,train
ACC001866,train
ACC001867,train
ACC001868,train
ACC001869,test
ACC001870,train
ACC001871,test
ACC001872,train
ACC001873,test
ACC001874,train
ACC001875,train
ACC001876,train
ACC001877,train
ACC001878,train
ACC001879,train
ACC001880,train
ACC001881,test
ACC001882,train
ACC001883,train
ACC001884,train
ACC001885,train
ACC001886,train
ACC001887,test
ACC001888,train
ACC001889,train
ACC001890,train
ACC001891,train
ACC001892,train
ACC001893,train
ACC001894,train
ACC001895,train
ACC001896,train
ACC001897,train
ACC001898,test
ACC001899,train
ACC001900,test
ACC001901,train
ACC001902,train
ACC001903,test
ACC001904,train
ACC001905,train
ACC001906,train
ACC001907,train
ACC001908,test
ACC001909,train
ACC001910,train
ACC001911,train
ACC001912,train
ACC001913,train
ACC001914,test
ACC001915,train
ACC001916,train
ACC001917,train
ACC001918,test
ACC001919,test
ACC001920,train
ACC001921,train
ACC001922,test
ACC001923,train
ACC001924,test
ACC001925,train
ACC001926,test
ACC001927,train
ACC001928,train
ACC001929,train
ACC001930,test
ACC001931,test
ACC001932,train
ACC001933,test
ACC001934,train
ACC001935,test
ACC001936,train
ACC001937,train
ACC001938,train
ACC001939,train
ACC001940,train
ACC001941,train
ACC001942,test
ACC001943,train
ACC001944,train
ACC001945,train
ACC001946,train
ACC001947,train
ACC001948,train
ACC001949,train
ACC001950,train
ACC001951,test
ACC001952,train
ACC001953,train
ACC001954,train
ACC001955,train
ACC001956,train
ACC001957,train
ACC001958,train
ACC001959,train
ACC001960,train
ACC001961,train
ACC001962,train
ACC001963,train
ACC001964,train
ACC001965,test
ACC001966,train
ACC001967,train
ACC001968,test
ACC001969,train
ACC001970,test
ACC001971,train
ACC001972,train
ACC001973,train
ACC001974,train
ACC001975,train
ACC001976,train
ACC001977,train
ACC001978,train
ACC001979,train
ACC001980,test
ACC001981,test
ACC001982,test
ACC001983,train
ACC001984,train
ACC001985,test
ACC001986,test
ACC001987,train
ACC001988,train
ACC001989,train
ACC001990,train
ACC001991,train
ACC001992,test
ACC001993,train
ACC001994,test
ACC001995,train
ACC001996,train
ACC001997,test
ACC001998,train
ACC001999,train
ACC002000,test
ACC002001,train
ACC002002,train
ACC002003,test
ACC002004,train
ACC002005,train
ACC002006,train
ACC002007,train
ACC002008,train
ACC002009,test
ACC002010,train
ACC002011,test
ACC002012,test
ACC002013,train
ACC002014,test
ACC002015,train
ACC002016,train
ACC002017,train
ACC002018,train
ACC002019,train
ACC002020,train
ACC002021,train
ACC002022,test
ACC002023,test
ACC002024,train
ACC002025,train
ACC002026,train
ACC002027,test
ACC002028,train
ACC002029,train
ACC002030,test
ACC002031,train
ACC002032,train
ACC002033,train
ACC002034,test
ACC002035,train
ACC002036,train
ACC002037,train
ACC002038,train
ACC002039,test
ACC002040,test
ACC002041,test
ACC002042,train
ACC002043,train
ACC002044,train
ACC002045,train
ACC002046,test
ACC002047,train
ACC002048,train
ACC002049,train
ACC002050,train
ACC002051,test
ACC002052,train
ACC002053,train
ACC002054,train
ACC002055,test
ACC002056,train
ACC002057,train
ACC002058,test
ACC002059,test
ACC002060,test
ACC002061,test
ACC002062,test
ACC002063,train
ACC002064,test
ACC002065,train
ACC002066,test
ACC002067,train
ACC002068,test
ACC002069,train
ACC002070,train
ACC002071,train
ACC002072,test
ACC002073,test
ACC002074,train
ACC002075,test
ACC002076,train
ACC002077,train
ACC002078,train
ACC002079,test
ACC002080,train
ACC002081,train
ACC002082,train
ACC002083,train
ACC002084,train
ACC002085,test
ACC002086,train
ACC002087,train
ACC002088,train
ACC002089,train
ACC002090,test
ACC002091,train
ACC002092,test
ACC002093,train
ACC002094,train
ACC002095,train
ACC002096,train
ACC002097,train
ACC002098,train
ACC002099,test
ACC002100,test
ACC002101,train
ACC002102,train
ACC002103,train
ACC002104,train
ACC002105,test
ACC002106,train
ACC002107,test
ACC002108,train
ACC002109,train
ACC002110,train
ACC002111,test
ACC002112,train
ACC002113,train
ACC002114,train
ACC002115,test
ACC002116,train
ACC002117,test
ACC002118,train
ACC002119,train
ACC002120,train
ACC002121,train
ACC002122,train
ACC002123,train
ACC002124,train
ACC002125,train
ACC002126,train
ACC002127,test
ACC002128,train
ACC002129,train
ACC002130,train
ACC002131,train
ACC002132,train
ACC002133,train
ACC002134,test
ACC002135,train
ACC002136,train
ACC002137,test
ACC002138,train
ACC002139,test
ACC002140,train
ACC002141,train
ACC002142,train
ACC002143,train
ACC002144,train
ACC002145,train
ACC002146,test
ACC002147,train
ACC002148,test
ACC002149,test
ACC002150,test
ACC002151,train
ACC002152,train
ACC002153,train
ACC002154,train
ACC002155,train
ACC002156,train
ACC002157,test
ACC002158,train
ACC002159,train
ACC002160,train
ACC002161,test
ACC002162,train
ACC002163,train
ACC002164,train
ACC002165,train
ACC002166,train
ACC002167,train
ACC002168,test
ACC002169,train
ACC002170,test
ACC002171,test
ACC002172,test
ACC002173,train
ACC002174,train
ACC002175,train
ACC002176,test
ACC002177,test
ACC002178,test
ACC002179,train
ACC002180,test
ACC002181,test
ACC002182,train
ACC002183,train
ACC002184,train
ACC002185,test
ACC002186,test
ACC002187,train
ACC002188,test
ACC002189,train
ACC002190,train
ACC002191,train
ACC002192,test
ACC002193,train
ACC002194,train
ACC002195,train
ACC002196,train
ACC002197,test
ACC002198,train
ACC002199,test
ACC002200,train
ACC002201,train
ACC002202,test
ACC002203,test
ACC002204,train
ACC002205,test
ACC002206,train
ACC002207,test
ACC002208,train
ACC002209,train
ACC002210,train
ACC002211,train
ACC002212,train
ACC002213,train
ACC002214,train
ACC002215,train
ACC002216,train
ACC002217,train
ACC002218,train
ACC002219,train
ACC002220,train
ACC002221,train
ACC002222,train
ACC002223,train
ACC002224,test
ACC002225,train
ACC002226,train
ACC002227,test
ACC002228,train
ACC002229,train
ACC002230,train
ACC002231,train
ACC002232,test
ACC002233,train
ACC002234,test
ACC002235,train
ACC002236,train
ACC002237,train
ACC002238,test
ACC002239,train
ACC002240,train
ACC002241,train
ACC002242,train
ACC002243,train
ACC002244,train
ACC002245,train
ACC002246,train
ACC002247,test
ACC002248,test
ACC002249,test
ACC002250,train
ACC002251,train
ACC002252,test
ACC002253,test
ACC002254,test
ACC002255,train
ACC002256,test
ACC002257,train
ACC002258,test
ACC002259,test
ACC002260,train
ACC002261,test
ACC002262,train
ACC002263,train
ACC002264,test
ACC002265,train
ACC002266,test
ACC002267,test
ACC002268,train
ACC002269,test
ACC002270,train
ACC002271,train
ACC002272,train
ACC002273,train
ACC002274,train
ACC002275,train
ACC002276,train
ACC002277,train
ACC002278,train
ACC002279,train
ACC002280,test
ACC002281,train
ACC002282,train
ACC002283,train
ACC002284,train
ACC002285,train
ACC002286,train
ACC002287,train
ACC002288,test
ACC002289,train
ACC002290,train
ACC002291,test
ACC002292,train
ACC002293,train
ACC002294,train
ACC002295,train
ACC002296,test
ACC002297,train
ACC002298,train
ACC002299,train
ACC002300,train
ACC002301,train
ACC002302,train
ACC002303,train
ACC002304,test
ACC002305,test
ACC002306,train
ACC002307,train
ACC002308,train
ACC002309,test
ACC002310,train
ACC002311,train
ACC002312,test
ACC002313,train
ACC002314,train
ACC002315,train
ACC002316,train
ACC002317,train
ACC002318,train
ACC002319,test
ACC002320,train
ACC002321,train
ACC002322,train
ACC002323,test
ACC002324,train
ACC002325,train
ACC002326,train
ACC002327,train
ACC002328,test
ACC002329,test
ACC002330,train
ACC002331,test
ACC002332,test
ACC002333,train
ACC002334,train
ACC002335,train
ACC002336,train
ACC002337,train
ACC002338,train
ACC002339,train
ACC002340,train
ACC002341,train
ACC002342,train
ACC002343,train
ACC002344,train
ACC002345,train
ACC002346,train
ACC002347,train
ACC002348,test
ACC002349,train
ACC002350,train
ACC002351,train
ACC002352,train
ACC002353,train
ACC002354,train
ACC002355,train
ACC002356,test
ACC002357,train
ACC002358,train
ACC002359,train
ACC002360,train
ACC002361,train
ACC002362,train
ACC002363,train
ACC002364,test
ACC002365,train
ACC002366,train
ACC002367,train
ACC002368,train
ACC002369,test
ACC002370,train
ACC002371,train
ACC002372,test
ACC002373,train
ACC002374,train
ACC002375,train
ACC002376,train
ACC002377,train
ACC002378,test
ACC002379,train
ACC002380,train
ACC002381,train
ACC002382,train
ACC002383,train
ACC002384,test
ACC002385,train
ACC002386,train
ACC002387,train
ACC002388,test
ACC002389,train
ACC002390,test
ACC002391,train
ACC002392,train
ACC002393,train
ACC002394,train
ACC002395,test
ACC002396,train
ACC002397,train
ACC002398,test
ACC002399,train
ACC002400,train
ACC002401,train
ACC002402,train
ACC002403,train
ACC002404,train
ACC002405,train
ACC002406,train
ACC002407,train
ACC002408,test
ACC002409,train
ACC002410,test
ACC002411,train
ACC002412,test
ACC002413,train
ACC002414,train
ACC002415,train
ACC002416,train
ACC002417,train
ACC002418,train
ACC002419,train
ACC002420,train
ACC002421,test
ACC002422,test
ACC002423,train
ACC002424,train
ACC002425,test
ACC002426,train
ACC002427,train
ACC002428,train
ACC002429,train
ACC002430,train
ACC002431,train
ACC002432,train
ACC002433,train
ACC002434,train
ACC002435,train
ACC002436,train
ACC002437,test
ACC002438,test
ACC002439,train
ACC002440,train
ACC002441,test
ACC002442,train
ACC002443,train
ACC002444,train
ACC002445,train
ACC002446,train
ACC002447,train
ACC002448,train
ACC002449,train
ACC002450,train
ACC002451,train
ACC002452,test
ACC002453,train
ACC002454,train
ACC002455,train
ACC002456,train
ACC002457,train
ACC002458,train
ACC002459,train
ACC002460,train
ACC002461,train
ACC002462,train
ACC002463,train
ACC002464,train
ACC002465,train
ACC002466,test
ACC002467,train
ACC002468,test
ACC002469,train
ACC002470,train
ACC002471,train
ACC002472,test
ACC002473,train
ACC002474,train
ACC002475,train
ACC002476,train
ACC002477,test
ACC002478,train
ACC002479,test
ACC002480,train
ACC002481,train
ACC002482,test
ACC002483,train
ACC002484,train
ACC002485,train
ACC002486,train
ACC002487,train
ACC002488,train
ACC002489,train
ACC002490,test
ACC002491,train
ACC002492,test
ACC002493,train
ACC002494,train
ACC002495,train
ACC002496,test
ACC002497,test
ACC002498,train
ACC002499,test
ACC002500,train
ACC002501,test
ACC002502,test
ACC002503,train
ACC002504,train
ACC002505,train
ACC002506,train
ACC002507,train
ACC002508,test
ACC002509,train
ACC002510,train
ACC002511,train
ACC002512,test
ACC002513,train
ACC002514,train
ACC002515,train
ACC002516,train
ACC002517,train
ACC002518,train
ACC002519,train
ACC002520,train
ACC002521,train
ACC002522,train
ACC002523,train
ACC002524,train
ACC002525,train
ACC002526,test
ACC002527,test
ACC002528,train
ACC002529,test
ACC002530,test
ACC002531,train
ACC002532,train
ACC002533,test
ACC002534,train
ACC002535,train
ACC002536,train
ACC002537,train
ACC002538,train
ACC002539,train
ACC002540,train
ACC002541,train
ACC002542,test
ACC002543,train
ACC002544,test
ACC002545,train
ACC002546,train
ACC002547,test
ACC002548,train
ACC002549,train
ACC002550,train
ACC002551,train
ACC002552,train
ACC002553,train
ACC002554,train
ACC002555,train
ACC002556,test
ACC002557,train
ACC002558,train
ACC002559,test
ACC002560,train
ACC002561,train
ACC002562,train
ACC002563,train
ACC002564,train
ACC002565,train
ACC002566,test
ACC002567,test
ACC002568,train
ACC002569,test
ACC002570,train
ACC002571,test
ACC002572,test
ACC002573,train
ACC002574,train
ACC002575,train
ACC002576,test
ACC002577,test
ACC002578,train
ACC002579,train
ACC002580,train
ACC002581,train
ACC002582,train
ACC002583,train
ACC002584,train
ACC002585,train
ACC002586,train
ACC002587,train
ACC002588,train
ACC002589,train
ACC002590,test
ACC002591,train
ACC002592,train
ACC002593,train
ACC002594,train
ACC002595,test
ACC002596,train
ACC002597,train
ACC002598,train
ACC002599,test
ACC002600,train
ACC002601,test
ACC002602,train
ACC002603,test
ACC002604,train
ACC002605,train
ACC002606,train
ACC002607,test
ACC002608,train
ACC002609,train
ACC002610,test
ACC002611,test
ACC002612,train
ACC002613,train
ACC002614,test
ACC002615,test
ACC002616,train
ACC002617,train
ACC002618,test
ACC002619,train
ACC002620,train
ACC002621,train
ACC002622,train
ACC002623,train
ACC002624,test
ACC002625,train
ACC002626,train
ACC002627,train
ACC002628,train
ACC002629,test
ACC002630,train
ACC002631,train
ACC002632,train
ACC002633,train
ACC002634,train
ACC002635,train
ACC002636,train
ACC002637,train
ACC002638,train
ACC002639,train
ACC002640,train
ACC002641,test
ACC002642,train
ACC002643,test
ACC002644,train
ACC002645,train
ACC002646,train
ACC002647,train
ACC002648,train
ACC002649,train
ACC002650,train
ACC002651,train
ACC002652,train
ACC002653,train
ACC002654,test
ACC002655,train
ACC002656,train
ACC002657,test
ACC002658,train
ACC002659,test
ACC002660,train
ACC002661,train
ACC002662,train
ACC002663,train
ACC002664,train
ACC002665,train
ACC002666,train
ACC002667,train
ACC002668,test
ACC002669,train
ACC002670,train
ACC002671,train
ACC002672,train
ACC002673,train
ACC002674,train
ACC002675,test
ACC002676,train
ACC002677,train
ACC002678,train
ACC002679,test
ACC002680,test
ACC002681,test
ACC002682,test
ACC002683,train
ACC002684,train
ACC002685,test
ACC002686,train
ACC002687,train
ACC002688,train
ACC002689,train
ACC002690,train
ACC002691,train
ACC002692,test
ACC002693,train
ACC002694,train
ACC002695,train
ACC002696,train
ACC002697,train
ACC002698,train
ACC002699,test
ACC002700,train
ACC002701,train
ACC002702,train
ACC002703,train
ACC002704,train
ACC002705,train
ACC002706,train
ACC002707,train
ACC002708,test
ACC002709,train
ACC002710,train
ACC002711,test
ACC002712,train
ACC002713,train
ACC002714,train
ACC002715,train
ACC002716,train
ACC002717,train
ACC002718,train
ACC002719,test
ACC002720,train
ACC002721,test
ACC002722,train
ACC002723,train
ACC002724,train
ACC002725,train
ACC002726,train
ACC002727,train
ACC002728,train
ACC002729,train
ACC002730,test
ACC002731,train
ACC002732,train
ACC002733,train
ACC002734,train
ACC002735,train
ACC002736,train
ACC002737,test
ACC002738,train
ACC002739,train
ACC002740,train
ACC002741,test
ACC002742,train
ACC002743,train
ACC002744,train
ACC002745,train
ACC002746,train
ACC002747,train
ACC002748,train
ACC002749,test
ACC002750,train
ACC002751,train
ACC002752,train
ACC002753,test
ACC002754,train
ACC002755,test
ACC002756,train
ACC002757,train
ACC002758,train
ACC002759,train
ACC002760,test
ACC002761,train
ACC002762,train
ACC002763,test
ACC002764,train
ACC002765,train
ACC002766,train
ACC002767,train
ACC002768,test
ACC002769,train
ACC002770,test
ACC002771,train
ACC002772,test
ACC002773,train
ACC002774,test
ACC002775,train
ACC002776,test
ACC002777,test
ACC002778,train
ACC002779,train
ACC002780,test
ACC002781,train
ACC002782,test
ACC002783,test
ACC002784,train
ACC002785,test
ACC002786,train
ACC002787,train
ACC002788,train
ACC002789,test
ACC002790,test
ACC002791,test
ACC002792,train
ACC002793,train
ACC002794,train
ACC002795,train
ACC002796,train
ACC002797,train
ACC002798,train
ACC002799,train
ACC002800,test
ACC002801,train
ACC002802,train
ACC002803,train
ACC002804,train
ACC002805,test
ACC002806,train
ACC002807,train
ACC002808,train
ACC002809,train
ACC002810,train
ACC002811,test
ACC002812,test
ACC002813,test
ACC002814,train
ACC002815,test
ACC002816,test
ACC002817,test
ACC002818,train
ACC002819,test
ACC002820,train
ACC002821,test
ACC002822,test
ACC002823,train
ACC002824,train
ACC002825,train
ACC002826,train
ACC002827,train
ACC002828,test
ACC002829,train
ACC002830,train
ACC002831,train
ACC002832,test
ACC002833,test
ACC002834,train
ACC002835,train
ACC002836,train
ACC002837,train
ACC002838,train
ACC002839,train
ACC002840,train
ACC002841,train
ACC002842,train
ACC002843,test
ACC002844,test
ACC002845,train
ACC002846,test
ACC002847,train
ACC002848,train
ACC002849,train
ACC002850,train
ACC002851,test
ACC002852,train
ACC002853,test
ACC002854,test
ACC002855,test
ACC002856,test
ACC002857,test
ACC002858,train
ACC002859,train
ACC002860,train
ACC002861,train
ACC002862,train
ACC002863,train
ACC002864,train
ACC002865,test
ACC002866,test
ACC002867,test
ACC002868,train
ACC002869,train
ACC002870,train
ACC002871,train
ACC002872,train
ACC002873,train
ACC002874,train
ACC002875,train
ACC002876,test
ACC002877,test
ACC002878,train
ACC002879,train
ACC002880,train
ACC002881,train
ACC002882,test
ACC002883,train
ACC002884,train
ACC002885,test
ACC002886,train
ACC002887,train
ACC002888,train
ACC002889,test
ACC002890,train
ACC002891,train
ACC002892,train
ACC002893,train
ACC002894,train
ACC002895,train
ACC002896,train
ACC002897,train
ACC002898,train
ACC002899,test
ACC002900,train
ACC002901,test
ACC002902,test
ACC002903,train
ACC002904,test
ACC002905,train
ACC002906,train
ACC002907,test
ACC002908,train
ACC002909,test
ACC002910,train
ACC002911,train
ACC002912,test
ACC002913,train
ACC002914,train
ACC002915,train
ACC002916,test
ACC002917,train
ACC002918,train
ACC002919,train
ACC002920,train
ACC002921,train
ACC002922,train
ACC002923,test
ACC002924,train
ACC002925,test
ACC002926,train
ACC002927,train
ACC002928,train
ACC002929,test
ACC002930,train
ACC002931,test
ACC002932,train
ACC002933,test
ACC002934,test
ACC002935,train
ACC002936,train
ACC002937,train
ACC002938,train
ACC002939,test
ACC002940,train
ACC002941,train
ACC002942,train
ACC002943,test
ACC002944,test
ACC002945,test
ACC002946,test
ACC002947,train
ACC002948,train
ACC002949,train
ACC002950,test
ACC002951,test
ACC002952,test
ACC002953,test
ACC002954,train
ACC002955,train
ACC002956,train
ACC002957,train
ACC002958,train
ACC002959,train
ACC002960,test
ACC002961,train
ACC002962,train
ACC002963,test
ACC002964,train
ACC002965,train
ACC002966,train
ACC002967,train
ACC002968,train
ACC002969,train
ACC002970,train
ACC002971,train
ACC002972,train
ACC002973,test
ACC002974,test
ACC002975,train
ACC002976,train
ACC002977,train
ACC002978,train
ACC002979,test
ACC002980,train
ACC002981,train
ACC002982,test
ACC002983,train
ACC002984,train
ACC002985,train
ACC002986,train
ACC002987,test
ACC002988,train
ACC002989,train
ACC002990,train
ACC002991,train
ACC002992,train
ACC002993,train
ACC002994,train
ACC002995,train
ACC002996,train
ACC002997,train
ACC002998,train
ACC002999,train
ACC003000,train
ACC003001,train
ACC003002,train
ACC003003,train
ACC003004,train
ACC003005,train
ACC003006,train
ACC003007,train
ACC003008,test
ACC003009,train
ACC003010,train
ACC003011,train
ACC003012,train
ACC003013,test
ACC003014,train
ACC003015,train
ACC003016,test
ACC003017,train
ACC003018,train
ACC003019,train
ACC003020,train
ACC003021,train
ACC003022,train
ACC003023,train
ACC003024,train
ACC003025,train
ACC003026,train
ACC003027,test
ACC003028,train
ACC003029,test
ACC003030,train
ACC003031,test
ACC003032,train
ACC003033,train
ACC003034,train
ACC003035,test
ACC003036,train
ACC003037,train
ACC003038,train
ACC003039,train
ACC003040,train
ACC003041,train
ACC003042,train
ACC003043,train
ACC003044,train
ACC003045,train
ACC003046,train
ACC003047,train
ACC003048,test
ACC003049,train
ACC003050,train
ACC003051,train
ACC003052,train
ACC003053,train
ACC003054,train
ACC003055,train
ACC003056,train
ACC003057,train
ACC003058,train
ACC003059,train
ACC003060,train
ACC003061,train
ACC003062,train
ACC003063,test
ACC003064,test
ACC003065,train
ACC003066,test
ACC003067,train
ACC003068,train
ACC003069,train
ACC003070,test
ACC003071,train
ACC003072,test
ACC003073,train
ACC003074,train
ACC003075,train
ACC003076,test
ACC003077,train
ACC003078,train
ACC003079,test
ACC003080,test
ACC003081,train
ACC003082,train
ACC003083,train
ACC003084,train
ACC003085,train
ACC003086,test
ACC003087,train
ACC003088,test
ACC003089,train
ACC003090,train
ACC003091,train
ACC003092,train
ACC003093,train
ACC003094,train
ACC003095,train
ACC003096,train
ACC003097,test
ACC003098,train
ACC003099,train
ACC003100,train
ACC003101,train
ACC003102,train
ACC003103,test
ACC003104,test
ACC003105,test
ACC003106,train
ACC003107,train
ACC003108,train
ACC003109,train
ACC003110,train
ACC003111,train
ACC003112,test
ACC003113,test
ACC003114,train
ACC003115,train
ACC003116,test
ACC003117,train
ACC003118,test
ACC003119,test
ACC003120,train
ACC003121,train
ACC003122,train
ACC003123,train
ACC003124,train
ACC003125,train
ACC003126,train
ACC003127,train
ACC003128,test
ACC003129,train
ACC003130,train
ACC003131,train
ACC003132,train
ACC003133,train
ACC003134,test
ACC003135,train
ACC003136,train
ACC003137,train
ACC003138,train
ACC003139,train
ACC003140,train
ACC003141,train
ACC003142,train
ACC003143,test
ACC003144,test
ACC003145,train
ACC003146,train
ACC003147,train
ACC003148,test
ACC003149,train
ACC003150,train
ACC003151,train
ACC003152,train
ACC003153,train
ACC003154,train
ACC003155,test
ACC003156,test
ACC003157,test
ACC003158,train
ACC003159,test
ACC003160,train
ACC003161,train
ACC003162,test
ACC003163,train
ACC003164,train
ACC003165,train
ACC003166,train
ACC003167,test
ACC003168,train
ACC003169,test
ACC003170,train
ACC003171,train
ACC003172,test
ACC003173,train
ACC003174,train
ACC003175,test
ACC003176,test
ACC003177,test
ACC003178,train
ACC003179,train
ACC003180,train
ACC003181,train
ACC003182,train
ACC003183,train
ACC003184,test
ACC003185,train
ACC003186,train
ACC003187,train
ACC003188,train
ACC003189,train
ACC003190,train
ACC003191,test
ACC003192,train
ACC003193,train
ACC003194,train
ACC003195,train
ACC003196,train
ACC003197,test
ACC003198,test
ACC003199,train
ACC003200,train
ACC003201,train
ACC003202,train
ACC003203,train
ACC003204,test
ACC003205,train
ACC003206,train
ACC003207,train
ACC003208,test
ACC003209,test
ACC003210,train
ACC003211,test
ACC003212,train
ACC003213,train
ACC003214,test
ACC003215,test
ACC003216,train
ACC003217,train
ACC003218,train
ACC003219,train
ACC003220,train
ACC003221,train
ACC003222,train
ACC003223,test
ACC003224,train
ACC003225,train
ACC003226,train
ACC003227,train
ACC003228,test
ACC003229,train
ACC003230,train
ACC003231,test
ACC003232,train
ACC003233,test
ACC003234,train
ACC003235,train
ACC003236,train
ACC003237,test
ACC003238,test
ACC003239,train
ACC003240,train
ACC003241,train
ACC003242,train
ACC003243,train
ACC003244,train
ACC003245,test
ACC003246,train
ACC003247,train
ACC003248,train
ACC003249,train
ACC003250,train
ACC003251,train
ACC003252,train
ACC003253,train
ACC003254,train
ACC003255,train
ACC003256,train
ACC003257,train
ACC003258,train
ACC003259,train
ACC003260,train
ACC003261,train
ACC003262,test
ACC003263,test
ACC003264,train
ACC003265,train
ACC003266,test
ACC003267,train
ACC003268,train
ACC003269,train
ACC003270,test
ACC003271,train
ACC003272,train
ACC003273,train
ACC003274,test
ACC003275,test
ACC003276,train
ACC003277,train
ACC003278,test
ACC003279,train
ACC003280,train
ACC003281,train
ACC003282,train
ACC003283,train
ACC003284,train
ACC003285,train
ACC003286,train
ACC003287,train
ACC003288,train
ACC003289,train
ACC003290,train
ACC003291,test
ACC003292,train
ACC003293,train
ACC003294,train
ACC003295,test
ACC003296,train
ACC003297,test
ACC003298,train
ACC003299,train
ACC003300,test
ACC003301,train
ACC003302,test
ACC003303,train
ACC003304,test
ACC003305,train
ACC003306,train
ACC003307,train
ACC003308,train
ACC003309,train
ACC003310,train
ACC003311,test
ACC003312,test
ACC003313,train
ACC003314,train
ACC003315,test
ACC003316,train
ACC003317,train
ACC003318,train
ACC003319,train
ACC003320,test
ACC003321,train
ACC003322,train
ACC003323,train
ACC003324,train
ACC003325,train
ACC003326,train
ACC003327,train
ACC003328,train
ACC003329,train
ACC003330,test
ACC003331,train
ACC003332,test
ACC003333,train
ACC003334,test
ACC003335,train
ACC003336,train
ACC003337,train
ACC003338,train
ACC003339,train
ACC003340,train
ACC003341,test
ACC003342,train
ACC003343,test
ACC003344,test
ACC003345,train
ACC003346,test
ACC003347,train
ACC003348,train
ACC003349,test
ACC003350,train
ACC003351,train
ACC003352,train
ACC003353,train
ACC003354,train
ACC003355,train
ACC003356,test
ACC003357,train
ACC003358,train
ACC003359,train
ACC003360,test
ACC003361,test
ACC003362,test
ACC003363,train
ACC003364,train
ACC003365,train
ACC003366,train
ACC003367,train
ACC003368,test
ACC003369,test
ACC003370,train
ACC003371,train
ACC003372,train
ACC003373,test
ACC003374,train
ACC003375,train
ACC003376,test
ACC003377,train
ACC003378,train
ACC003379,train
ACC003380,train
ACC003381,test
ACC003382,train
ACC003383,train
ACC003384,test
ACC003385,train
ACC003386,train
ACC003387,train
ACC003388,train
ACC003389,train
ACC003390,train
ACC003391,train
ACC003392,test
ACC003393,train
ACC003394,train
ACC003395,test
ACC003396,train
ACC003397,train
ACC003398,train
ACC003399,test
ACC003400,train
ACC003401,test
ACC003402,test
ACC003403,test
ACC003404,train
ACC003405,train
ACC003406,train
ACC003407,train
ACC003408,train
ACC003409,train
ACC003410,train
ACC003411,train
ACC003412,test
ACC003413,train
ACC003414,train
ACC003415,train
ACC003416,test
ACC003417,train
ACC003418,train
ACC003419,train
ACC003420,train
ACC003421,train
ACC003422,train
ACC003423,train
ACC003424,train
ACC003425,train
ACC003426,train
ACC003427,train
ACC003428,train
ACC003429,train
ACC003430,train
ACC003431,train
ACC003432,train
ACC003433,train
ACC003434,test
ACC003435,train
ACC003436,test
ACC003437,train
ACC003438,test
ACC003439,train
ACC003440,train
ACC003441,test
ACC003442,train
ACC003443,train
ACC003444,train
ACC003445,train
ACC003446,train
ACC003447,train
ACC003448,train
ACC003449,test
ACC003450,train
ACC003451,train
ACC003452,train
ACC003453,train
ACC003454,train
ACC003455,train
ACC003456,train
ACC003457,test
ACC003458,train
ACC003459,train
ACC003460,train
ACC003461,train
ACC003462,test
ACC003463,train
ACC003464,train
ACC003465,train
ACC003466,train
ACC003467,test
ACC003468,train
ACC003469,test
ACC003470,train
ACC003471,test
ACC003472,test
ACC003473,train
ACC003474,train
ACC003475,train
ACC003476,train
ACC003477,train
ACC003478,train
ACC003479,train
ACC003480,train
ACC003481,train
ACC003482,train
ACC003483,train
ACC003484,train
ACC003485,train
ACC003486,test
ACC003487,test
ACC003488,test
ACC003489,train
ACC003490,train
ACC003491,train
ACC003492,train
ACC003493,test
ACC003494,train
ACC003495,train
ACC003496,train
ACC003497,train
ACC003498,train
ACC003499,train
ACC003500,test
ACC003501,train
ACC003502,test
ACC003503,train
ACC003504,test
ACC003505,test
ACC003506,test
ACC003507,test
ACC003508,train
ACC003509,train
ACC003510,train
ACC003511,test
ACC003512,train
ACC003513,train
ACC003514,train
ACC003515,test
ACC003516,train
ACC003517,train
ACC003518,train
ACC003519,train
ACC003520,train
ACC003521,train
ACC003522,train
ACC003523,train
ACC003524,train
ACC003525,train
ACC003526,train
ACC003527,train
ACC003528,train
ACC003529,train
ACC003530,train
ACC003531,test
ACC003532,train
ACC003533,train
ACC003534,train
ACC003535,train
ACC003536,train
ACC003537,train
ACC003538,train
ACC003539,test
ACC003540,train
ACC003541,train
ACC003542,train
ACC003543,train
ACC003544,train
ACC003545,train
ACC003546,train
ACC003547,train
ACC003548,test
ACC003549,test
ACC003550,train
ACC003551,train
ACC003552,train
ACC003553,train
ACC003554,train
ACC003555,train
ACC003556,test
ACC003557,train
ACC003558,test
ACC003559,train
ACC003560,train
ACC003561,test
ACC003562,test
ACC003563,train
ACC003564,train
ACC003565,test
ACC003566,train
ACC003567,train
ACC003568,train
ACC003569,test
ACC003570,train
ACC003571,test
ACC003572,test
ACC003573,test
ACC003574,train
ACC003575,test
ACC003576,train
ACC003577,test
ACC003578,train
ACC003579,test
ACC003580,train
ACC003581,test
ACC003582,test
ACC003583,train
ACC003584,train
ACC003585,train
ACC003586,train
ACC003587,train
ACC003588,train
ACC003589,test
ACC003590,train
ACC003591,train
ACC003592,train
ACC003593,test
ACC003594,train
ACC003595,train
ACC003596,test
ACC003597,train
ACC003598,train
ACC003599,train
ACC003600,train
ACC003601,train
ACC003602,train
ACC003603,train
ACC003604,train
ACC003605,test
ACC003606,train
ACC003607,test
ACC003608,train
ACC003609,train
ACC003610,test
ACC003611,train
ACC003612,test
ACC003613,test
ACC003614,train
ACC003615,train
ACC003616,train
ACC003617,test
ACC003618,train
ACC003619,train
ACC003620,train
ACC003621,train
ACC003622,test
ACC003623,test
ACC003624,test
ACC003625,train
ACC003626,train
ACC003627,test
ACC003628,train
ACC003629,train
ACC003630,train
ACC003631,test
ACC003632,train
ACC003633,train
ACC003634,train
ACC003635,train
ACC003636,test
ACC003637,train
ACC003638,train
ACC003639,train
ACC003640,test
ACC003641,test
ACC003642,train
ACC003643,train
ACC003644,test
ACC003645,train
ACC003646,test
ACC003647,train
ACC003648,train
ACC003649,train
ACC003650,train
ACC003651,test
ACC003652,train
ACC003653,train
ACC003654,test
ACC003655,train
ACC003656,train
ACC003657,train
ACC003658,train
ACC003659,train
ACC003660,test
ACC003661,test
ACC003662,test
ACC003663,train
ACC003664,train
ACC003665,train
ACC003666,train
ACC003667,train
ACC003668,train
ACC003669,train
ACC003670,train
ACC003671,test
ACC003672,train
ACC003673,train
ACC003674,test
ACC003675,train
ACC003676,train
ACC003677,train
ACC003678,train
ACC003679,train
ACC003680,test
ACC003681,train
ACC003682,train
ACC003683,test
ACC003684,train
ACC003685,train
ACC003686,train
ACC003687,train
ACC003688,test
ACC003689,test
ACC003690,test
ACC003691,test
ACC003692,test
ACC003693,train
ACC003694,train
ACC003695,train
ACC003696,train
ACC003697,train
ACC003698,train
ACC003699,test
ACC003700,train
ACC003701,test
ACC003702,test
ACC003703,test
ACC003704,train
ACC003705,train
ACC003706,test
ACC003707,train
ACC003708,train
ACC003709,train
ACC003710,train
ACC003711,train
ACC003712,train
ACC003713,train
ACC003714,train
ACC003715,train
ACC003716,train
ACC003717,train
ACC003718,train
ACC003719,test
ACC003720,train
ACC003721,train
ACC003722,train
ACC003723,train
ACC003724,train
ACC003725,test
ACC003726,train
ACC003727,train
ACC003728,train
ACC003729,train
ACC003730,train
ACC003731,train
ACC003732,train
ACC003733,train
ACC003734,train
ACC003735,train
ACC003736,train
ACC003737,train
ACC003738,train
ACC003739,train
ACC003740,train
ACC003741,train
ACC003742,train
ACC003743,train
ACC003744,train
ACC003745,train
ACC003746,train
ACC003747,train
ACC003748,test
ACC003749,test
ACC003750,train
ACC003751,train
ACC003752,test
ACC003753,train
ACC003754,train
ACC003755,test
ACC003756,train
ACC003757,train
ACC003758,test
ACC003759,train
ACC003760,train
ACC003761,train
ACC003762,test
ACC003763,train
ACC003764,train
ACC003765,train
ACC003766,train
ACC003767,train
ACC003768,train
ACC003769,train
ACC003770,train
ACC003771,train
ACC003772,train
ACC003773,train
ACC003774,test
ACC003775,train
ACC003776,train
ACC003777,test
ACC003778,train
ACC003779,train
ACC003780,test
ACC003781,train
ACC003782,train
ACC003783,test
ACC003784,test
ACC003785,train
ACC003786,test
ACC003787,train
ACC003788,train
ACC003789,train
ACC003790,test
ACC003791,train
ACC003792,train
ACC003793,train
ACC003794,train
ACC003795,train
ACC003796,train
ACC003797,train
ACC003798,train
ACC003799,train
ACC003800,train
ACC003801,train
ACC003802,test
ACC003803,test
ACC003804,train
ACC003805,test
ACC003806,train
ACC003807,test
ACC003808,train
ACC003809,test
ACC003810,train
ACC003811,train
ACC003812,train
ACC003813,train
ACC003814,test
ACC003815,test
ACC003816,test
ACC003817,train
ACC003818,train
ACC003819,train
ACC003820,train
ACC003821,train
ACC003822,train
ACC003823,test
ACC003824,train
ACC003825,test
ACC003826,train
ACC003827,train
ACC003828,test
ACC003829,train
ACC003830,train
ACC003831,train
ACC003832,train
ACC003833,test
ACC003834,train
ACC003835,test
ACC003836,train
ACC003837,train
ACC003838,train
ACC003839,train
ACC003840,train
ACC003841,train
ACC003842,train
ACC003843,test
ACC003844,train
ACC003845,train
ACC003846,test
ACC003847,train
ACC003848,train
ACC003849,train
ACC003850,train
ACC003851,train
ACC003852,train
ACC003853,train
ACC003854,test
ACC003855,train
ACC003856,train
ACC003857,test
ACC003858,test
ACC003859,train
ACC003860,test
ACC003861,test
ACC003862,train
ACC003863,train
ACC003864,train
ACC003865,test
ACC003866,test
ACC003867,test
ACC003868,test
ACC003869,train
ACC003870,train
ACC003871,train
ACC003872,test
ACC003873,train
ACC003874,train
ACC003875,test
ACC003876,train
ACC003877,test
ACC003878,test
ACC003879,train
ACC003880,train
ACC003881,train
ACC003882,test
ACC003883,train
ACC003884,test
ACC003885,train
ACC003886,train
ACC003887,train
ACC003888,train
ACC003889,train
ACC003890,test
ACC003891,train
ACC003892,train
ACC003893,train
ACC003894,train
ACC003895,train
ACC003896,train
ACC003897,train
ACC003898,train
ACC003899,train
ACC003900,test
ACC003901,test
ACC003902,train
ACC003903,train
ACC003904,test
ACC003905,train
ACC003906,train
ACC003907,train
ACC003908,train
ACC003909,train
ACC003910,train
ACC003911,train
ACC003912,test
ACC003913,train
ACC003914,train
ACC003915,test
ACC003916,test
ACC003917,test
ACC003918,train
ACC003919,train
ACC003920,test
ACC003921,test
ACC003922,train
ACC003923,train
ACC003924,train
ACC003925,train
ACC003926,test
ACC003927,train
ACC003928,train
ACC003929,train
ACC003930,train
ACC003931,test
ACC003932,train
ACC003933,train
ACC003934,train
ACC003935,train
ACC003936,test
ACC003937,train
ACC003938,test
ACC003939,train
ACC003940,test
ACC003941,train
ACC003942,train
ACC003943,train
ACC003944,train
ACC003945,train
ACC003946,test
ACC003947,train
ACC003948,train
ACC003949,train
ACC003950,train
ACC003951,train
ACC003952,train
ACC003953,train
ACC003954,test
ACC003955,test
ACC003956,train
ACC003957,train
ACC003958,test
ACC003959,test
ACC003960,train
ACC003961,train
ACC003962,train
ACC003963,train
ACC003964,train
ACC003965,train
ACC003966,train
ACC003967,train
ACC003968,train
ACC003969,train
ACC003970,train
ACC003971,test
ACC003972,test
ACC003973,train
ACC003974,train
ACC003975,train
ACC003976,train
ACC003977,test
ACC003978,train
ACC003979,train
ACC003980,test
ACC003981,train
ACC003982,train
ACC003983,train
ACC003984,train
ACC003985,train
ACC003986,test
ACC003987,train
ACC003988,train
ACC003989,train
ACC003990,train
ACC003991,train
ACC003992,train
ACC003993,train
ACC003994,train
ACC003995,train
ACC003996,train
ACC003997,train
ACC003998,train
ACC003999,train
ACC004000,train
ACC004001,train
ACC004002,train
ACC004003,train
ACC004004,train
ACC004005,train
ACC004006,train
ACC004007,test
ACC004008,train
ACC004009,train
ACC004010,test
ACC004011,train
ACC004012,train
ACC004013,train
ACC004014,train
ACC004015,train
ACC004016,test
ACC004017,train
ACC004018,test
ACC004019,train
ACC004020,test
ACC004021,train
ACC004022,test
ACC004023,train
ACC004024,train
ACC004025,train
ACC004026,train
ACC004027,train
ACC004028,test
ACC004029,train
ACC004030,train
ACC004031,test
ACC004032,train
ACC004033,train
ACC004034,train
ACC004035,train
ACC004036,train
ACC004037,train
ACC004038,train
ACC004039,train
ACC004040,train
ACC004041,train
ACC004042,train
ACC004043,train
ACC004044,train
ACC004045,train
ACC004046,train
ACC004047,test
ACC004048,test
ACC004049,train
ACC004050,train
ACC004051,test
ACC004052,train
ACC004053,test
ACC004054,train
ACC004055,train
ACC004056,test
ACC004057,train
ACC004058,train
ACC004059,train
ACC004060,train
ACC004061,train
ACC004062,train
ACC004063,train
ACC004064,test
ACC004065,train
ACC004066,train
ACC004067,train
ACC004068,train
ACC004069,train
ACC004070,train
ACC004071,test
ACC004072,train
ACC004073,train
ACC004074,train
ACC004075,test
ACC004076,test
ACC004077,train
ACC004078,train
ACC004079,train
ACC004080,train
ACC004081,train
ACC004082,train
ACC004083,train
ACC004084,test
ACC004085,train
ACC004086,train
ACC004087,train
ACC004088,train
ACC004089,train
ACC004090,test
ACC004091,train
ACC004092,test
ACC004093,train
ACC004094,train
ACC004095,train
ACC004096,train
ACC004097,train
ACC004098,train
ACC004099,test
ACC004100,train
ACC004101,train
ACC004102,train
ACC004103,train
ACC004104,train
ACC004105,train
ACC004106,test
ACC004107,test
ACC004108,train
ACC004109,train
ACC004110,train
ACC004111,train
ACC004112,train
ACC004113,train
ACC004114,train
ACC004115,train
ACC004116,test
ACC004117,train
ACC004118,train
ACC004119,train
ACC004120,test
ACC004121,test
ACC004122,train
ACC004123,train
ACC004124,train
ACC004125,test
ACC004126,train
ACC004127,train
ACC004128,train
ACC004129,train
ACC004130,train
ACC004131,train
ACC004132,test
ACC004133,test
ACC004134,test
ACC004135,test
ACC004136,test
ACC004137,train
ACC004138,train
ACC004139,train
ACC004140,test
ACC004141,train
ACC004142,train
ACC004143,train
ACC004144,train
ACC004145,test
ACC004146,train
ACC004147,train
ACC004148,train
ACC004149,train
ACC004150,test
ACC004151,train
ACC004152,train
ACC004153,train
ACC004154,train
ACC004155,train
ACC004156,test
ACC004157,test
ACC004158,test
ACC004159,train
ACC004160,test
ACC004161,train
ACC004162,train
ACC004163,train
ACC004164,train
ACC004165,train
ACC004166,train
ACC004167,train
ACC004168,test
ACC004169,train
ACC004170,train
ACC004171,train
ACC004172,train
ACC004173,train
ACC004174,train
ACC004175,train
ACC004176,train
ACC004177,train
ACC004178,test
ACC004179,test
ACC004180,train
ACC004181,test
ACC004182,train
ACC004183,test
ACC004184,train
ACC004185,train
ACC004186,train
ACC004187,train
ACC004188,test
ACC004189,test
ACC004190,train
ACC004191,train
ACC004192,train
ACC004193,train
ACC004194,train
ACC004195,test
ACC004196,train
ACC004197,test
ACC004198,train
ACC004199,train
ACC004200,train
ACC004201,train
ACC004202,train
ACC004203,train
ACC004204,train
ACC004205,train
ACC004206,train
ACC004207,train
ACC004208,test
ACC004209,test
ACC004210,test
ACC004211,train
ACC004212,train
ACC004213,train
ACC004214,train
ACC004215,train
ACC004216,train
ACC004217,train
ACC004218,train
ACC004219,test
ACC004220,train
ACC004221,test
ACC004222,train
ACC004223,test
ACC004224,train
ACC004225,train
ACC004226,train
ACC004227,train
ACC004228,train
ACC004229,train
ACC004230,train
ACC004231,train
ACC004232,train
ACC004233,train
ACC004234,train
ACC004235,train
ACC004236,test
ACC004237,train
ACC004238,test
ACC004239,train
ACC004240,test
ACC004241,train
ACC004242,train
ACC004243,train
ACC004244,train
ACC004245,train
ACC004246,train
ACC004247,train
ACC004248,train
ACC004249,test
ACC004250,train
ACC004251,train
ACC004252,train
ACC004253,test
ACC004254,test
ACC004255,train
ACC004256,test
ACC004257,test
ACC004258,test
ACC004259,train
ACC004260,train
ACC004261,train
ACC004262,train
ACC004263,train
ACC004264,train
ACC004265,test
ACC004266,test
ACC004267,train
ACC004268,train
ACC004269,train
ACC004270,train
ACC004271,test
ACC004272,train
ACC004273,train
ACC004274,train
ACC004275,test
ACC004276,train
ACC004277,test
ACC004278,train
ACC004279,train
ACC004280,test
ACC004281,train
ACC004282,train
ACC004283,train
ACC004284,test
ACC004285,train
ACC004286,train
ACC004287,test
ACC004288,test
ACC004289,train
ACC004290,train
ACC004291,train
ACC004292,train
ACC004293,test
ACC004294,train
ACC004295,test
ACC004296,train
ACC004297,train
ACC004298,train
ACC004299,test
ACC004300,train
ACC004301,train
ACC004302,train
ACC004303,test
ACC004304,train
ACC004305,train
ACC004306,train
ACC004307,train
ACC004308,train
ACC004309,test
ACC004310,test
ACC004311,train
ACC004312,test
ACC004313,train
ACC004314,train
ACC004315,test
ACC004316,train
ACC004317,train
ACC004318,train
ACC004319,train
ACC004320,train
ACC004321,train
ACC004322,train
ACC004323,test
ACC004324,train
ACC004325,test
ACC004326,test
ACC004327,test
ACC004328,train
ACC004329,train
ACC004330,train
ACC004331,train
ACC004332,test
ACC004333,train
ACC004334,train
ACC004335,test
ACC004336,train
ACC004337,train
ACC004338,train
ACC004339,train
ACC004340,test
ACC004341,train
ACC004342,train
ACC004343,train
ACC004344,train
ACC004345,train
ACC004346,train
ACC004347,train
ACC004348,train
ACC004349,train
ACC004350,train
ACC004351,train
ACC004352,test
ACC004353,train
ACC004354,train
ACC004355,train
ACC004356,train
ACC004357,test
ACC004358,test
ACC004359,train
ACC004360,train
ACC004361,train
ACC004362,train
ACC004363,train
ACC004364,train
ACC004365,train
ACC004366,train
ACC004367,train
ACC004368,train
ACC004369,train
ACC004370,train
ACC004371,train
ACC004372,train
ACC004373,train
ACC004374,train
ACC004375,test
ACC004376,train
ACC004377,train
ACC004378,train
ACC004379,train
ACC004380,train
ACC004381,train
ACC004382,test
ACC004383,train
ACC004384,train
ACC004385,test
ACC004386,train
ACC004387,train
ACC004388,test
ACC004389,train
ACC004390,train
ACC004391,train
ACC004392,train
ACC004393,train
ACC004394,train
ACC004395,train
ACC004396,train
ACC004397,train
ACC004398,train
ACC004399,test
ACC004400,test
ACC004401,test
ACC004402,train
ACC004403,train
ACC004404,train
ACC004405,test
ACC004406,test
ACC004407,train
ACC004408,train
ACC004409,train
ACC004410,train
ACC004411,test
ACC004412,train
ACC004413,train
ACC004414,train
ACC004415,test
ACC004416,train
ACC004417,train
ACC004418,train
ACC004419,train
ACC004420,train
ACC004421,train
ACC004422,train
ACC004423,train
ACC004424,train
ACC004425,test
ACC004426,train
ACC004427,train
ACC004428,train
ACC004429,test
ACC004430,train
ACC004431,train
ACC004432,test
ACC004433,train
ACC004434,test
ACC004435,test
ACC004436,train
ACC004437,train
ACC004438,train
ACC004439,train
ACC004440,train
ACC004441,train
ACC004442,train
ACC004443,train
ACC004444,train
ACC004445,train
ACC004446,test
ACC004447,train
ACC004448,test
ACC004449,train
ACC004450,train
ACC004451,train
ACC004452,train
ACC004453,train
ACC004454,test
ACC004455,train
ACC004456,train
ACC004457,test
ACC004458,train
ACC004459,test
ACC004460,test
ACC004461,test
ACC004462,test
ACC004463,train
ACC004464,test
ACC004465,train
ACC004466,train
ACC004467,train
ACC004468,train
ACC004469,train
ACC004470,train
ACC004471,test
ACC004472,train
ACC004473,train
ACC004474,train
ACC004475,train
ACC004476,train
ACC004477,test
ACC004478,train
ACC004479,train
ACC004480,test
ACC004481,train
ACC004482,test
ACC004483,test
ACC004484,train
ACC004485,train
ACC004486,test
ACC004487,test
ACC004488,train
ACC004489,test
ACC004490,test
ACC004491,test
ACC004492,train
ACC004493,train
ACC004494,train
ACC004495,train
ACC004496,train
ACC004497,train
ACC004498,test
ACC004499,test
ACC004500,train
ACC004501,test
ACC004502,test
ACC004503,train
ACC004504,test
ACC004505,train
ACC004506,train
ACC004507,train
ACC004508,test
ACC004509,train
ACC004510,train
ACC004511,train
ACC004512,train
ACC004513,train
ACC004514,test
ACC004515,train
ACC004516,test
ACC004517,train
ACC004518,test
ACC004519,train
ACC004520,train
ACC004521,train
ACC004522,train
ACC004523,test
ACC004524,test
ACC004525,train
ACC004526,test
ACC004527,train
ACC004528,train
ACC004529,train
ACC004530,train
ACC004531,train
ACC004532,train
ACC004533,train
ACC004534,train
ACC004535,train
ACC004536,test
ACC004537,train
ACC004538,train
ACC004539,train
ACC004540,train
ACC004541,train
ACC004542,test
ACC004543,train
ACC004544,test
ACC004545,train
ACC004546,train
ACC004547,train
ACC004548,test
ACC004549,train
ACC004550,test
ACC004551,train
ACC004552,train
ACC004553,train
ACC004554,train
ACC004555,train
ACC004556,train
ACC004557,train
ACC004558,test
ACC004559,train
ACC004560,train
ACC004561,train
ACC004562,train
ACC004563,train
ACC004564,train
ACC004565,test
ACC004566,test
ACC004567,train
ACC004568,test
ACC004569,train
ACC004570,test
ACC004571,test
ACC004572,train
ACC004573,train
ACC004574,test
ACC004575,train
ACC004576,test
ACC004577,train
ACC004578,train
ACC004579,train
ACC004580,train
ACC004581,train
ACC004582,test
ACC004583,train
ACC004584,test
ACC004585,test
ACC004586,train
ACC004587,train
ACC004588,train
ACC004589,train
ACC004590,train
ACC004591,train
ACC004592,train
ACC004593,train
ACC004594,test
ACC004595,test
ACC004596,test
ACC004597,train
ACC004598,train
ACC004599,train
ACC004600,train
ACC004601,train
ACC004602,test
ACC004603,train
ACC004604,train
ACC004605,test
ACC004606,train
ACC004607,train
ACC004608,train
ACC004609,train
ACC004610,test
ACC004611,train
ACC004612,train
ACC004613,train
ACC004614,train
ACC004615,train
ACC004616,test
ACC004617,test
ACC004618,test
ACC004619,test
ACC004620,test
ACC004621,train
ACC004622,train
ACC004623,train
ACC004624,train
ACC004625,test
ACC004626,train
ACC004627,train
ACC004628,train
ACC004629,train
ACC004630,train
ACC004631,train
ACC004632,train
ACC004633,train
ACC004634,train
ACC004635,train
ACC004636,train
ACC004637,train
ACC004638,train
ACC004639,train
ACC004640,test
ACC004641,train
ACC004642,train
ACC004643,train
ACC004644,train
ACC004645,test
ACC004646,train
ACC004647,train
ACC004648,test
ACC004649,train
ACC004650,train
ACC004651,train
ACC004652,test
ACC004653,test
ACC004654,test
ACC004655,train
ACC004656,train
ACC004657,test
ACC004658,test
ACC004659,test
ACC004660,train
ACC004661,train
ACC004662,train
ACC004663,train
ACC004664,train
ACC004665,train
ACC004666,train
ACC004667,test
ACC004668,train
ACC004669,train
ACC004670,test
ACC004671,test
ACC004672,train
ACC004673,train
ACC004674,train
ACC004675,test
ACC004676,train
ACC004677,train
ACC004678,test
ACC004679,train
ACC004680,train
ACC004681,test
ACC004682,train
ACC004683,train
ACC004684,train
ACC004685,train
ACC004686,train
ACC004687,test
ACC004688,test
ACC004689,test
ACC004690,train
ACC004691,train
ACC004692,train
ACC004693,train
ACC004694,train
ACC004695,train
ACC004696,train
ACC004697,test
ACC004698,train
ACC004699,train
ACC004700,test
ACC004701,test
ACC004702,train
ACC004703,train
ACC004704,train
ACC004705,train
ACC004706,train
ACC004707,test
ACC004708,test
ACC004709,train
ACC004710,train
ACC004711,train
ACC004712,train
ACC004713,train
ACC004714,train
ACC004715,train
ACC004716,train
ACC004717,train
ACC004718,train
ACC004719,train
ACC004720,train
ACC004721,test
ACC004722,train
ACC004723,train
ACC004724,train
ACC004725,train
ACC004726,train
ACC004727,test
ACC004728,train
ACC004729,test
ACC004730,train
ACC004731,test
ACC004732,train
ACC004733,test
ACC004734,train
ACC004735,train
ACC004736,train
ACC004737,train
ACC004738,train
ACC004739,train
ACC004740,train
ACC004741,train
ACC004742,train
ACC004743,train
ACC004744,test
ACC004745,test
ACC004746,test
ACC004747,train
ACC004748,train
ACC004749,test
ACC004750,test
ACC004751,train
ACC004752,test
ACC004753,test
ACC004754,train
ACC004755,test
ACC004756,train
ACC004757,train
ACC004758,train
ACC004759,train
ACC004760,train
ACC004761,test
ACC004762,train
ACC004763,train
ACC004764,train
ACC004765,test
ACC004766,test
ACC004767,train
ACC004768,train
ACC004769,train
ACC004770,test
ACC004771,train
ACC004772,train
ACC004773,train
ACC004774,train
ACC004775,train
ACC004776,train
ACC004777,train
ACC004778,train
ACC004779,train
ACC004780,test
ACC004781,train
ACC004782,train
ACC004783,train
ACC004784,train
ACC004785,test
ACC004786,train
ACC004787,train
ACC004788,train
ACC004789,train
ACC004790,train
ACC004791,train
ACC004792,train
ACC004793,train
ACC004794,train
ACC004795,train
ACC004796,train
ACC004797,train
ACC004798,train
ACC004799,test
ACC004800,test
ACC004801,train
ACC004802,train
ACC004803,test
ACC004804,test
ACC004805,train
ACC004806,train
ACC004807,train
ACC004808,test
ACC004809,train
ACC004810,train
ACC004811,train
ACC004812,train
ACC004813,train
ACC004814,train
ACC004815,test
ACC004816,train
ACC004817,train
ACC004818,test
ACC004819,train
ACC004820,train
ACC004821,train
ACC004822,test
ACC004823,train
ACC004824,test
ACC004825,train
ACC004826,test
ACC004827,train
ACC004828,test
ACC004829,train
ACC004830,train
ACC004831,train
ACC004832,train
ACC004833,train
ACC004834,test
ACC004835,test
ACC004836,test
ACC004837,train
ACC004838,train
ACC004839,train
ACC004840,train
ACC004841,test
ACC004842,test
ACC004843,test
ACC004844,train
ACC004845,train
ACC004846,train
ACC004847,test
ACC004848,train
ACC004849,train
ACC004850,train
ACC004851,train
ACC004852,train
ACC004853,train
ACC004854,train
ACC004855,train
ACC004856,train
ACC004857,test
ACC004858,train
ACC004859,train
ACC004860,train
ACC004861,train
ACC004862,train
ACC004863,train
ACC004864,test
ACC004865,train
ACC004866,train
ACC004867,test
ACC004868,test
ACC004869,test
ACC004870,train
ACC004871,test
ACC004872,train
ACC004873,train
ACC004874,train
ACC004875,train
ACC004876,test
ACC004877,train
ACC004878,train
ACC004879,train
ACC004880,train
ACC004881,test
ACC004882,train
ACC004883,train
ACC004884,test
ACC004885,train
ACC004886,train
ACC004887,train
ACC004888,train
ACC004889,train
ACC004890,test
ACC004891,train
ACC004892,train
ACC004893,train
ACC004894,train
ACC004895,train
ACC004896,train
ACC004897,train
ACC004898,test
ACC004899,train
ACC004900,train
ACC004901,train
ACC004902,test
ACC004903,train
ACC004904,train
ACC004905,test
ACC004906,train
ACC004907,train
ACC004908,test
ACC004909,train
ACC004910,test
ACC004911,train
ACC004912,test
ACC004913,test
ACC004914,train
ACC004915,test
ACC004916,train
ACC004917,train
ACC004918,train
ACC004919,test
ACC004920,test
ACC004921,train
ACC004922,train
ACC004923,train
ACC004924,train
ACC004925,train
ACC004926,train
ACC004927,test
ACC004928,train
ACC004929,train
ACC004930,train
ACC004931,train
ACC004932,test
ACC004933,train
ACC004934,test
ACC004935,train
ACC004936,train
ACC004937,test
ACC004938,train
ACC004939,train
ACC004940,train
ACC004941,train
ACC004942,train
ACC004943,train
ACC004944,train
ACC004945,train
ACC004946,test
ACC004947,train
ACC004948,test
ACC004949,train
ACC004950,train
ACC004951,train
ACC004952,train
ACC004953,test
ACC004954,train
ACC004955,train
ACC004956,test
ACC004957,train
ACC004958,test
ACC004959,train
ACC004960,train
ACC004961,train
ACC004962,train
ACC004963,train
ACC004964,train
ACC004965,train
ACC004966,train
ACC004967,train
ACC004968,train
ACC004969,train
ACC004970,train
ACC004971,train
ACC004972,train
ACC004973,test
ACC004974,train
ACC004975,train
ACC004976,train
ACC004977,train
ACC004978,train
ACC004979,train
ACC004980,test
ACC004981,train
ACC004982,test
ACC004983,train
ACC004984,train
ACC004985,train
ACC004986,train
ACC004987,train
ACC004988,train
ACC004989,train
ACC004990,test
ACC004991,train
ACC004992,train
ACC004993,train
ACC004994,test
ACC004995,train
ACC004996,train
ACC004997,train
ACC004998,train
ACC004999,test
ACC005000,train
ACC005001,train
ACC005002,train
ACC005003,test
ACC005004,train
ACC005005,train
ACC005006,train
ACC005007,train
ACC005008,train
ACC005009,train
ACC005010,train
ACC005011,train
ACC005012,train
ACC005013,train
ACC005014,train
ACC005015,train
ACC005016,train
ACC005017,train
ACC005018,train
ACC005019,train
ACC005020,test
ACC005021,train
ACC005022,train
ACC005023,train
ACC005024,train
ACC005025,train
ACC005026,test
ACC005027,test
ACC005028,test
ACC005029,train
ACC005030,test
ACC005031,train
ACC005032,train
ACC005033,test
ACC005034,train
ACC005035,train
ACC005036,train
ACC005037,train
ACC005038,train
ACC005039,train
ACC005040,test
ACC005041,train
ACC005042,train
ACC005043,train
ACC005044,train
ACC005045,train
ACC005046,train
ACC005047,train
ACC005048,test
ACC005049,train
ACC005050,train
ACC005051,train
ACC005052,test
ACC005053,train
ACC005054,train
ACC005055,train
ACC005056,test
ACC005057,train
ACC005058,train
ACC005059,test
ACC005060,train
ACC005061,test
ACC005062,train
ACC005063,train
ACC005064,train
ACC005065,train
ACC005066,train
ACC005067,train
ACC005068,train
ACC005069,train
ACC005070,train
ACC005071,train
ACC005072,train
ACC005073,train
ACC005074,train
ACC005075,train
ACC005076,test
ACC005077,train
ACC005078,test
ACC005079,train
ACC005080,train
ACC005081,train
ACC005082,train
ACC005083,test
ACC005084,train
ACC005085,train
ACC005086,train
ACC005087,train
ACC005088,train
ACC005089,train
ACC005090,train
ACC005091,train
ACC005092,test
ACC005093,train
ACC005094,test
ACC005095,test
ACC005096,train
ACC005097,train
ACC005098,test
ACC005099,test
ACC005100,test
ACC005101,train
ACC005102,train
ACC005103,train
ACC005104,train
ACC005105,train
ACC005106,train
ACC005107,train
ACC005108,test
ACC005109,train
ACC005110,test
ACC005111,train
ACC005112,test
ACC005113,train
ACC005114,train
ACC005115,train
ACC005116,test
ACC005117,train
ACC005118,train
ACC005119,train
ACC005120,train
ACC005121,train
ACC005122,train
ACC005123,train
ACC005124,train
ACC005125,train
ACC005126,train
ACC005127,test
ACC005128,train
ACC005129,train
ACC005130,train
ACC005131,train
ACC005132,train
ACC005133,train
ACC005134,train
ACC005135,train
ACC005136,train
ACC005137,train
ACC005138,train
ACC005139,train
ACC005140,test
ACC005141,train
ACC005142,train
ACC005143,train
ACC005144,train
ACC005145,test
ACC005146,train
ACC005147,train
ACC005148,test
ACC005149,train
ACC005150,test
ACC005151,train
ACC005152,train
ACC005153,train
ACC005154,test
ACC005155,train
ACC005156,train
ACC005157,train
ACC005158,train
ACC005159,train
ACC005160,train
ACC005161,train
ACC005162,test
ACC005163,train
ACC005164,train
ACC005165,train
ACC005166,test
ACC005167,train
ACC005168,train
ACC005169,train
ACC005170,train
ACC005171,train
ACC005172,train
ACC005173,train
ACC005174,train
ACC005175,train
ACC005176,test
ACC005177,train
ACC005178,train
ACC005179,train
ACC005180,train
ACC005181,train
ACC005182,test
ACC005183,test
ACC005184,train
ACC005185,train
ACC005186,train
ACC005187,train
ACC005188,test
ACC005189,train
ACC005190,train
ACC005191,train
ACC005192,test
ACC005193,train
ACC005194,test
ACC005195,train
ACC005196,train
ACC005197,train
ACC005198,train
ACC005199,train
ACC005200,train
ACC005201,train
ACC005202,train
ACC005203,train
ACC005204,train
ACC005205,train
ACC005206,train
ACC005207,train
ACC005208,test
ACC005209,train
ACC005210,train
ACC005211,train
ACC005212,train
ACC005213,train
ACC005214,train
ACC005215,test
ACC005216,train
ACC005217,train
ACC005218,train
ACC005219,test
ACC005220,train
ACC005221,train
ACC005222,train
ACC005223,train
ACC005224,train
ACC005225,train
ACC005226,test
ACC005227,train
ACC005228,train
ACC005229,train
ACC005230,test
ACC005231,train
ACC005232,train
ACC005233,test
ACC005234,train
ACC005235,train
ACC005236,train
ACC005237,train
ACC005238,train
ACC005239,train
ACC005240,train
ACC005241,test
ACC005242,test
ACC005243,train
ACC005244,test
ACC005245,train
ACC005246,test
ACC005247,test
ACC005248,train
ACC005249,train
ACC005250,train
ACC005251,test
ACC005252,train
ACC005253,train
ACC005254,train
ACC005255,train
ACC005256,train
ACC005257,test
ACC005258,test
ACC005259,train
ACC005260,train
ACC005261,test
ACC005262,test
ACC005263,test
ACC005264,train
ACC005265,train
ACC005266,train
ACC005267,train
ACC005268,train
ACC005269,train
ACC005270,test
ACC005271,train
ACC005272,test
ACC005273,train
ACC005274,test
ACC005275,train
ACC005276,train
ACC005277,train
ACC005278,train
ACC005279,train
ACC005280,train
ACC005281,test
ACC005282,test
ACC005283,train
ACC005284,train
ACC005285,test
ACC005286,train
ACC005287,train
ACC005288,train
ACC005289,train
ACC005290,train
ACC005291,test
ACC005292,train
ACC005293,train
ACC005294,train
ACC005295,train
ACC005296,train
ACC005297,train
ACC005298,train
ACC005299,train
ACC005300,train
ACC005301,train
ACC005302,test
ACC005303,train
ACC005304,test
ACC005305,test
ACC005306,test
ACC005307,train
ACC005308,train
ACC005309,train
ACC005310,train
ACC005311,train
ACC005312,test
ACC005313,train
ACC005314,test
ACC005315,train
ACC005316,train
ACC005317,train
ACC005318,train
ACC005319,train
ACC005320,test
ACC005321,test
ACC005322,test
ACC005323,test
ACC005324,train
ACC005325,train
ACC005326,train
ACC005327,train
ACC005328,train
ACC005329,test
ACC005330,train
ACC005331,train
ACC005332,train
ACC005333,train
ACC005334,train
ACC005335,train
ACC005336,train
ACC005337,test
ACC005338,train
ACC005339,train
ACC005340,test
ACC005341,train
ACC005342,test
ACC005343,train
ACC005344,train
ACC005345,test
ACC005346,train
ACC005347,train
ACC005348,train
ACC005349,train
ACC005350,train
ACC005351,test
ACC005352,test
ACC005353,train
ACC005354,train
ACC005355,train
ACC005356,train
ACC005357,train
ACC005358,train
ACC005359,train
ACC005360,train
ACC005361,train
ACC005362,test
ACC005363,test
ACC005364,train
ACC005365,test
ACC005366,train
ACC005367,train
ACC005368,train
ACC005369,train
ACC005370,train
ACC005371,train
ACC005372,test
ACC005373,train
ACC005374,train
ACC005375,train
ACC005376,train
ACC005377,train
ACC005378,train
ACC005379,train
ACC005380,train
ACC005381,train
ACC005382,train
ACC005383,train
ACC005384,train
ACC005385,test
ACC005386,train
ACC005387,train
ACC005388,train
ACC005389,train
ACC005390,test
ACC005391,train
ACC005392,train
ACC005393,train
ACC005394,train
ACC005395,test
ACC005396,test
ACC005397,train
ACC005398,test
ACC005399,train
ACC005400,train
ACC005401,train
ACC005402,train
ACC005403,train
ACC005404,train
ACC005405,train
ACC005406,train
ACC005407,train
ACC005408,test
ACC005409,test
ACC005410,train
ACC005411,train
ACC005412,train
ACC005413,test
ACC005414,train
ACC005415,train
ACC005416,train
ACC005417,test
ACC005418,train
ACC005419,test
ACC005420,train
ACC005421,test
ACC005422,train
ACC005423,train
ACC005424,train
ACC005425,test
ACC005426,train
ACC005427,train
ACC005428,train
ACC005429,train
ACC005430,test
ACC005431,test
ACC005432,train
ACC005433,test
ACC005434,train
ACC005435,train
ACC005436,train
ACC005437,train
ACC005438,test
ACC005439,train
ACC005440,train
ACC005441,train
ACC005442,train
ACC005443,test
ACC005444,test
ACC005445,train
ACC005446,test
ACC005447,test
ACC005448,train
ACC005449,train
ACC005450,train
ACC005451,train
ACC005452,train
ACC005453,train
ACC005454,train
ACC005455,train
ACC005456,train
ACC005457,train
ACC005458,train
ACC005459,train
ACC005460,train
ACC005461,test
ACC005462,train
ACC005463,test
ACC005464,train
ACC005465,train
ACC005466,train
ACC005467,train
ACC005468,train
ACC005469,train
ACC005470,test
ACC005471,test
ACC005472,train
ACC005473,test
ACC005474,train
ACC005475,test
ACC005476,train
ACC005477,train
ACC005478,train
ACC005479,train
ACC005480,train
ACC005481,test
ACC005482,train
ACC005483,train
ACC005484,train
ACC005485,train
ACC005486,test
ACC005487,train
ACC005488,train
ACC005489,train
ACC005490,train
ACC005491,train
ACC005492,train
ACC005493,test
ACC005494,train
ACC005495,test
ACC005496,train
ACC005497,train
ACC005498,train
ACC005499,train
ACC005500,train
ACC005501,train
ACC005502,train
ACC005503,train
ACC005504,train
ACC005505,train
ACC005506,train
ACC005507,train
ACC005508,test
ACC005509,test
ACC005510,train
ACC005511,train
ACC005512,train
ACC005513,train
ACC005514,test
ACC005515,train
ACC005516,train
ACC005517,test
ACC005518,train
ACC005519,train
ACC005520,train
ACC005521,train
ACC005522,test
ACC005523,train
ACC005524,train
ACC005525,train
ACC005526,train
ACC005527,test
ACC005528,train
ACC005529,test
ACC005530,train
ACC005531,test
ACC005532,train
ACC005533,train
ACC005534,test
ACC005535,train
ACC005536,train
ACC005537,train
ACC005538,train
ACC005539,train
ACC005540,train
ACC005541,test
ACC005542,train
ACC005543,test
ACC005544,train
ACC005545,train
ACC005546,train
ACC005547,train
ACC005548,test
ACC005549,train
ACC005550,train
ACC005551,train
ACC005552,train
ACC005553,train
ACC005554,train
ACC005555,train
ACC005556,train
ACC005557,train
ACC005558,train
ACC005559,train
ACC005560,train
ACC005561,test
ACC005562,test
ACC005563,train
ACC005564,train
ACC005565,test
ACC005566,test
ACC005567,train
ACC005568,train
ACC005569,train
ACC005570,test
ACC005571,train
ACC005572,train
ACC005573,train
ACC005574,train
ACC005575,train
ACC005576,train
ACC005577,train
ACC005578,test
ACC005579,train
ACC005580,train
ACC005581,train
ACC005582,train
ACC005583,train
ACC005584,test
ACC005585,train
ACC005586,test
ACC005587,train
ACC005588,train
ACC005589,train
ACC005590,train
ACC005591,train
ACC005592,train
ACC005593,train
ACC005594,train
ACC005595,train
ACC005596,train
ACC005597,train
ACC005598,train
ACC005599,test
ACC005600,train
ACC005601,train
ACC005602,test
ACC005603,train
ACC005604,test
ACC005605,test
ACC005606,train
ACC005607,train
ACC005608,test
ACC005609,train
ACC005610,train
ACC005611,train
ACC005612,train
ACC005613,train
ACC005614,train
ACC005615,train
ACC005616,train
ACC005617,train
ACC005618,train
ACC005619,train
ACC005620,train
ACC005621,train
ACC005622,train
ACC005623,train
ACC005624,test
ACC005625,test
ACC005626,train
ACC005627,test
ACC005628,test
ACC005629,train
ACC005630,train
ACC005631,test
ACC005632,train
ACC005633,train
ACC005634,train
ACC005635,train
ACC005636,train
ACC005637,train
ACC005638,train
ACC005639,train
ACC005640,train
ACC005641,train
ACC005642,test
ACC005643,test
ACC005644,test
ACC005645,train
ACC005646,test
ACC005647,train
ACC005648,train
ACC005649,train
ACC005650,test
ACC005651,train
ACC005652,train
ACC005653,train
ACC005654,train
ACC005655,train
ACC005656,train
ACC005657,train
ACC005658,train
ACC005659,train
ACC005660,train
ACC005661,train
ACC005662,test
ACC005663,test
ACC005664,train
ACC005665,train
ACC005666,train
ACC005667,train
ACC005668,test
ACC005669,train
ACC005670,train
ACC005671,train
ACC005672,test
ACC005673,train
ACC005674,train
ACC005675,train
ACC005676,train
ACC005677,train
ACC005678,train
ACC005679,train
ACC005680,train
ACC005681,train
ACC005682,test
ACC005683,train
ACC005684,test
ACC005685,train
ACC005686,train
ACC005687,train
ACC005688,train
ACC005689,train
ACC005690,train
ACC005691,train
ACC005692,train
ACC005693,train
ACC005694,train
ACC005695,train
ACC005696,train
ACC005697,train
ACC005698,test
ACC005699,train
ACC005700,train
ACC005701,train
ACC005702,train
ACC005703,train
ACC005704,train
ACC005705,train
ACC005706,train
ACC005707,test
ACC005708,train
ACC005709,train
ACC005710,train
ACC005711,test
ACC005712,train
ACC005713,train
ACC005714,train
ACC005715,test
ACC005716,test
ACC005717,train
ACC005718,train
ACC005719,test
ACC005720,train
ACC005721,test
ACC005722,test
ACC005723,train
ACC005724,train
ACC005725,train
ACC005726,train
ACC005727,train
ACC005728,train
ACC005729,train
ACC005730,train
ACC005731,train
ACC005732,test
ACC005733,train
ACC005734,test
ACC005735,test
ACC005736,test
ACC005737,train
ACC005738,train
ACC005739,train
ACC005740,test
ACC005741,train
ACC005742,train
ACC005743,test
ACC005744,train
ACC005745,train
ACC005746,train
ACC005747,test
ACC005748,train
ACC005749,train
ACC005750,train
ACC005751,train
ACC005752,test
ACC005753,train
ACC005754,train
ACC005755,test
ACC005756,train
ACC005757,train
ACC005758,train
ACC005759,test
ACC005760,train
ACC005761,test
ACC005762,train
ACC005763,train
ACC005764,test
ACC005765,train
ACC005766,test
ACC005767,train
ACC005768,test
ACC005769,test
ACC005770,train
ACC005771,train
ACC005772,train
ACC005773,train
ACC005774,train
ACC005775,train
ACC005776,train
ACC005777,train
ACC005778,train
ACC005779,train
ACC005780,test
ACC005781,train
ACC005782,test
ACC005783,train
ACC005784,train
ACC005785,train
ACC005786,train
ACC005787,train
ACC005788,train
ACC005789,train
ACC005790,test
ACC005791,train
ACC005792,train
ACC005793,train
ACC005794,train
ACC005795,train
ACC005796,train
ACC005797,train
ACC005798,train
ACC005799,train
ACC005800,test
ACC005801,train
ACC005802,train
ACC005803,test
ACC005804,test
ACC005805,train
ACC005806,train
ACC005807,train
ACC005808,train
ACC005809,train
ACC005810,test
ACC005811,train
ACC005812,train
ACC005813,train
ACC005814,train
ACC005815,train
ACC005816,test
ACC005817,test
ACC005818,train
ACC005819,test
ACC005820,train
ACC005821,train
ACC005822,train
ACC005823,train
ACC005824,train
ACC005825,test
ACC005826,train
ACC005827,train
ACC005828,train
ACC005829,train
ACC005830,train
ACC005831,train
ACC005832,train
ACC005833,train
ACC005834,train
ACC005835,train
ACC005836,train
ACC005837,train
ACC005838,train
ACC005839,train
ACC005840,test
ACC005841,train
ACC005842,train
ACC005843,train
ACC005844,train
ACC005845,test
ACC005846,train
ACC005847,train
ACC005848,train
ACC005849,train
ACC005850,test
ACC005851,test
ACC005852,test
ACC005853,train
ACC005854,train
ACC005855,train
ACC005856,train
ACC005857,train
ACC005858,test
ACC005859,test
ACC005860,train
ACC005861,train
ACC005862,train
ACC005863,train
ACC005864,train
ACC005865,train
ACC005866,test
ACC005867,train
ACC005868,train
ACC005869,test
ACC005870,train
ACC005871,train
ACC005872,train
ACC005873,train
ACC005874,test
ACC005875,train
ACC005876,test
ACC005877,train
ACC005878,train
ACC005879,test
ACC005880,train
ACC005881,train
ACC005882,train
ACC005883,train
ACC005884,train
ACC005885,train
ACC005886,train
ACC005887,train
ACC005888,test
ACC005889,train
ACC005890,train
ACC005891,train
ACC005892,train
ACC005893,train
ACC005894,train
ACC005895,test
ACC005896,train
ACC005897,train
ACC005898,test
ACC005899,train
ACC005900,train
ACC005901,train
ACC005902,train
ACC005903,train
ACC005904,train
ACC005905,train
ACC005906,test
ACC005907,test
ACC005908,train
ACC005909,train
ACC005910,train
ACC005911,train
ACC005912,train
ACC005913,train
ACC005914,train
ACC005915,train
ACC005916,test
ACC005917,train
ACC005918,train
ACC005919,train
ACC005920,train
ACC005921,train
ACC005922,train
ACC005923,train
ACC005924,train
ACC005925,train
ACC005926,test
ACC005927,test
ACC005928,test
ACC005929,test
ACC005930,train
ACC005931,train
ACC005932,train
ACC005933,train
ACC005934,train
ACC005935,test
ACC005936,train
ACC005937,test
ACC005938,train
ACC005939,train
ACC005940,train
ACC005941,test
ACC005942,train
ACC005943,train
ACC005944,train
ACC005945,train
ACC005946,train
ACC005947,train
ACC005948,train
ACC005949,test
ACC005950,test
ACC005951,train
ACC005952,train
ACC005953,train
ACC005954,test
ACC005955,train
ACC005956,train
ACC005957,train
ACC005958,test
ACC005959,train
ACC005960,train
ACC005961,train
ACC005962,train
ACC005963,train
ACC005964,train
ACC005965,train
ACC005966,train
ACC005967,test
ACC005968,train
ACC005969,train
ACC005970,train
ACC005971,train
ACC005972,train
ACC005973,test
ACC005974,train
ACC005975,train
ACC005976,train
ACC005977,train
ACC005978,test
ACC005979,train
ACC005980,train
ACC005981,test
ACC005982,train
ACC005983,train
ACC005984,train
ACC005985,train
ACC005986,train
ACC005987,train
ACC005988,train
ACC005989,train
ACC005990,train
ACC005991,train
ACC005992,train
ACC005993,test
ACC005994,train
ACC005995,train
ACC005996,train
ACC005997,train
ACC005998,test
ACC005999,train
ACC006000,test
ACC006001,train
ACC006002,train
ACC006003,test
ACC006004,train
ACC006005,train
ACC006006,train
ACC006007,train
ACC006008,train
ACC006009,train
ACC006010,test
ACC006011,train
ACC006012,train
ACC006013,train
ACC006014,test
ACC006015,test
ACC006016,train
ACC006017,test
ACC006018,train
ACC006019,train
ACC006020,train
ACC006021,train
ACC006022,train
ACC006023,train
ACC006024,train
ACC006025,train
ACC006026,train
ACC006027,test
ACC006028,test
ACC006029,train
ACC006030,train
ACC006031,train
ACC006032,train
ACC006033,test
ACC006034,train
ACC006035,train
ACC006036,train
ACC006037,train
ACC006038,train
ACC006039,train
ACC006040,train
ACC006041,train
ACC006042,train
ACC006043,train
ACC006044,train
ACC006045,test
ACC006046,test
ACC006047,train
ACC006048,train
ACC006049,train
ACC006050,test
ACC006051,train
ACC006052,train
ACC006053,test
ACC006054,train
ACC006055,test
ACC006056,test
ACC006057,train
ACC006058,train
ACC006059,test
ACC006060,train
ACC006061,test
ACC006062,train
ACC006063,train
ACC006064,test
ACC006065,test
ACC006066,test
ACC006067,train
ACC006068,train
ACC006069,train
ACC006070,train
ACC006071,train
ACC006072,test
ACC006073,train
ACC006074,train
ACC006075,test
ACC006076,train
ACC006077,train
ACC006078,test
ACC006079,train
ACC006080,train
ACC006081,train
ACC006082,test
ACC006083,train
ACC006084,test
ACC006085,test
ACC006086,train
ACC006087,train
ACC006088,test
ACC006089,test
ACC006090,train
ACC006091,train
ACC006092,train
ACC006093,train
ACC006094,train
ACC006095,train
ACC006096,train
ACC006097,train
ACC006098,train
ACC006099,train
ACC006100,train
ACC006101,train
ACC006102,train
ACC006103,train
ACC006104,train
ACC006105,train
ACC006106,train
ACC006107,train
ACC006108,train
ACC006109,train
ACC006110,train
ACC006111,test
ACC006112,train
ACC006113,train
ACC006114,train
ACC006115,test
ACC006116,test
ACC006117,train
ACC006118,train
ACC006119,train
ACC006120,test
ACC006121,train
ACC006122,train
ACC006123,train
ACC006124,train
ACC006125,test
ACC006126,train
ACC006127,train
ACC006128,test
ACC006129,train
ACC006130,train
ACC006131,train
ACC006132,test
ACC006133,train
ACC006134,test
ACC006135,train
ACC006136,train
ACC006137,train
ACC006138,train
ACC006139,test
ACC006140,train
ACC006141,train
ACC006142,train
ACC006143,train
ACC006144,train
ACC006145,test
ACC006146,train
ACC006147,train
ACC006148,test
ACC006149,train
ACC006150,train
ACC006151,train
ACC006152,train
ACC006153,train
ACC006154,train
ACC006155,train
ACC006156,train
ACC006157,train
ACC006158,test
ACC006159,train
ACC006160,train
ACC006161,train
ACC006162,train
ACC006163,test
ACC006164,train
ACC006165,test
ACC006166,train
ACC006167,test
ACC006168,train
ACC006169,train
ACC006170,train
ACC006171,train
ACC006172,train
ACC006173,train
ACC006174,test
ACC006175,train
ACC006176,train
ACC006177,train
ACC006178,train
ACC006179,train
ACC006180,train
ACC006181,train
ACC006182,train
ACC006183,train
ACC006184,train
ACC006185,test
ACC006186,train
ACC006187,test
ACC006188,train
ACC006189,train
ACC006190,train
ACC006191,train
ACC006192,train
ACC006193,train
ACC006194,train
ACC006195,train
ACC006196,train
ACC006197,train
ACC006198,train
ACC006199,train
ACC006200,train
ACC006201,train
ACC006202,train
ACC006203,train
ACC006204,train
ACC006205,train
ACC006206,test
ACC006207,train
ACC006208,test
ACC006209,train
ACC006210,train
ACC006211,test
ACC006212,train
ACC006213,train
ACC006214,train
ACC006215,train
ACC006216,train
ACC006217,train
ACC006218,test
ACC006219,train
ACC006220,train
ACC006221,test
ACC006222,train
ACC006223,test
ACC006224,train
ACC006225,train
ACC006226,train
ACC006227,test
ACC006228,train
ACC006229,test
ACC006230,train
ACC006231,train
ACC006232,train
ACC006233,train
ACC006234,train
ACC006235,train
ACC006236,test
ACC006237,train
ACC006238,train
ACC006239,train
ACC006240,train
ACC006241,train
ACC006242,test
ACC006243,test
ACC006244,train
ACC006245,train
ACC006246,test
ACC006247,test
ACC006248,train
ACC006249,train
ACC006250,train
ACC006251,train
ACC006252,train
ACC006253,train
ACC006254,test
ACC006255,train
ACC006256,train
ACC006257,train
ACC006258,train
ACC006259,train
ACC006260,train
ACC006261,train
ACC006262,train
ACC006263,train
ACC006264,test
ACC006265,train
ACC006266,train
ACC006267,train
ACC006268,train
ACC006269,test
ACC006270,train
ACC006271,test
ACC006272,train
ACC006273,train
ACC006274,train
ACC006275,train
ACC006276,train
ACC006277,test
ACC006278,test
ACC006279,train
ACC006280,test
ACC006281,test
ACC006282,train
ACC006283,test
ACC006284,train
ACC006285,test
ACC006286,train
ACC006287,train
ACC006288,train
ACC006289,train
ACC006290,test
ACC006291,train
ACC006292,test
ACC006293,train
ACC006294,train
ACC006295,test
ACC006296,train
ACC006297,train
ACC006298,train
ACC006299,test
ACC006300,train
ACC006301,train
ACC006302,test
ACC006303,test
ACC006304,train
ACC006305,test
ACC006306,train
ACC006307,test
ACC006308,train
ACC006309,train
ACC006310,test
ACC006311,train
ACC006312,train
ACC006313,test
ACC006314,train
ACC006315,test
ACC006316,train
ACC006317,train
ACC006318,train
ACC006319,train
ACC006320,train
ACC006321,train
ACC006322,test
ACC006323,train
ACC006324,train
ACC006325,train
ACC006326,train
ACC006327,test
ACC006328,test
ACC006329,train
ACC006330,train
ACC006331,test
ACC006332,train
ACC006333,train
ACC006334,train
ACC006335,train
ACC006336,train
ACC006337,test
ACC006338,test
ACC006339,test
ACC006340,train
ACC006341,train
ACC006342,train
ACC006343,train
ACC006344,train
ACC006345,train
ACC006346,train
ACC006347,train
ACC006348,test
ACC006349,train
ACC006350,test
ACC006351,train
ACC006352,train
ACC006353,train
ACC006354,train
ACC006355,train
ACC006356,train
ACC006357,test
ACC006358,train
ACC006359,train
ACC006360,test
ACC006361,test
ACC006362,train
ACC006363,train
ACC006364,train
ACC006365,train
ACC006366,test
ACC006367,train
ACC006368,train
ACC006369,train
ACC006370,test
ACC006371,train
ACC006372,train
ACC006373,train
ACC006374,train
ACC006375,train
ACC006376,train
ACC006377,test
ACC006378,test
ACC006379,train
ACC006380,test
ACC006381,train
ACC006382,train
ACC006383,test
ACC006384,train
ACC006385,train
ACC006386,train
ACC006387,train
ACC006388,train
ACC006389,train
ACC006390,train
ACC006391,test
ACC006392,test
ACC006393,train
ACC006394,train
ACC006395,train
ACC006396,train
ACC006397,train
ACC006398,train
ACC006399,train
ACC006400,train
ACC006401,train
ACC006402,test
ACC006403,train
ACC006404,train
ACC006405,train
ACC006406,train
ACC006407,test
ACC006408,train
ACC006409,train
ACC006410,test
ACC006411,test
ACC006412,test
ACC006413,train
ACC006414,train
ACC006415,train
ACC006416,train
ACC006417,train
ACC006418,train
ACC006419,test
ACC006420,train
ACC006421,train
ACC006422,train
ACC006423,train
ACC006424,train
ACC006425,train
ACC006426,train
ACC006427,train
ACC006428,train
ACC006429,train
ACC006430,train
ACC006431,train
ACC006432,train
ACC006433,test
ACC006434,test
ACC006435,train
ACC006436,train
ACC006437,test
ACC006438,test
ACC006439,test
ACC006440,train
ACC006441,test
ACC006442,train
ACC006443,test
ACC006444,test
ACC006445,train
ACC006446,train
ACC006447,train
ACC006448,train
ACC006449,train
ACC006450,train
ACC006451,train
ACC006452,test
ACC006453,test
ACC006454,test
ACC006455,train
ACC006456,train
ACC006457,train
ACC006458,test
ACC006459,train
ACC006460,train
ACC006461,train
ACC006462,train
ACC006463,train
ACC006464,train
ACC006465,train
ACC006466,test
ACC006467,train
ACC006468,train
ACC006469,test
ACC006470,train
ACC006471,train
ACC006472,train
ACC006473,test
ACC006474,train
ACC006475,train
ACC006476,train
ACC006477,train
ACC006478,train
ACC006479,train
ACC006480,train
ACC006481,train
ACC006482,test
ACC006483,train
ACC006484,train
ACC006485,test
ACC006486,train
ACC006487,train
ACC006488,train
ACC006489,test
ACC006490,test
ACC006491,train
ACC006492,train
ACC006493,train
ACC006494,test
ACC006495,train
ACC006496,train
ACC006497,train
ACC006498,train
ACC006499,train
ACC006500,train
ACC006501,train
ACC006502,train
ACC006503,train
ACC006504,train
ACC006505,test
ACC006506,train
ACC006507,test
ACC006508,train
ACC006509,train
ACC006510,test
ACC006511,test
ACC006512,train
ACC006513,test
ACC006514,test
ACC006515,train
ACC006516,test
ACC006517,train
ACC006518,test
ACC006519,test
ACC006520,train
ACC006521,train
ACC006522,train
ACC006523,train
ACC006524,train
ACC006525,train
ACC006526,test
ACC006527,test
ACC006528,train
ACC006529,train
ACC006530,train
ACC006531,train
ACC006532,train
ACC006533,train
ACC006534,train
ACC006535,train
ACC006536,train
ACC006537,train
ACC006538,test
ACC006539,test
ACC006540,train
ACC006541,train
ACC006542,train
ACC006543,test
ACC006544,train
ACC006545,train
ACC006546,train
ACC006547,train
ACC006548,test
ACC006549,train
ACC006550,train
ACC006551,test
ACC006552,train
ACC006553,test
ACC006554,train
ACC006555,train
ACC006556,test
ACC006557,train
ACC006558,train
ACC006559,test
ACC006560,train
ACC006561,train
ACC006562,train
ACC006563,train
ACC006564,train
ACC006565,test
ACC006566,test
ACC006567,train
ACC006568,test
ACC006569,train
ACC006570,train
ACC006571,train
ACC006572,train
ACC006573,train
ACC006574,train
ACC006575,train
ACC006576,test
ACC006577,test
ACC006578,train
ACC006579,train
ACC006580,train
ACC006581,train
ACC006582,train
ACC006583,train
ACC006584,train
ACC006585,train
ACC006586,train
ACC006587,train
ACC006588,train
ACC006589,train
ACC006590,train
ACC006591,train
ACC006592,train
ACC006593,train
ACC006594,test
ACC006595,test
ACC006596,test
ACC006597,test
ACC006598,train
ACC006599,train
ACC006600,train
ACC006601,test
ACC006602,train
ACC006603,test
ACC006604,train
ACC006605,train
ACC006606,test
ACC006607,train
ACC006608,test
ACC006609,train
ACC006610,train
ACC006611,train
ACC006612,test
ACC006613,train
ACC006614,test
ACC006615,train
ACC006616,test
ACC006617,train
ACC006618,train
ACC006619,train
ACC006620,train
ACC006621,train
ACC006622,train
ACC006623,train
ACC006624,train
ACC006625,train
ACC006626,test
ACC006627,train
ACC006628,test
ACC006629,train
ACC006630,train
ACC006631,train
ACC006632,train
ACC006633,test
ACC006634,train
ACC006635,train
ACC006636,train
ACC006637,train
ACC006638,train
ACC006639,train
ACC006640,test
ACC006641,train
ACC006642,train
ACC006643,train
ACC006644,train
ACC006645,train
ACC006646,train
ACC006647,train
ACC006648,train
ACC006649,test
ACC006650,train
ACC006651,test
ACC006652,train
ACC006653,test
ACC006654,train
ACC006655,train
ACC006656,train
ACC006657,train
ACC006658,test
ACC006659,test
ACC006660,train
ACC006661,train
ACC006662,train
ACC006663,train
ACC006664,train
ACC006665,train
ACC006666,test
ACC006667,train
ACC006668,train
ACC006669,train
ACC006670,train
ACC006671,test
ACC006672,train
ACC006673,test
ACC006674,train
ACC006675,train
ACC006676,train
ACC006677,train
ACC006678,train
ACC006679,test
ACC006680,test
ACC006681,train
ACC006682,train
ACC006683,train
ACC006684,train
ACC006685,test
ACC006686,train
ACC006687,train
ACC006688,test
ACC006689,train
ACC006690,train
ACC006691,train
ACC006692,test
ACC006693,train
ACC006694,train
ACC006695,train
ACC006696,test
ACC006697,train
ACC006698,train
ACC006699,train
ACC006700,train
ACC006701,train
ACC006702,test
ACC006703,test
ACC006704,train
ACC006705,train
ACC006706,train
ACC006707,train
ACC006708,train
ACC006709,train
ACC006710,test
ACC006711,train
ACC006712,test
ACC006713,train
ACC006714,train
ACC006715,train
ACC006716,train
ACC006717,train
ACC006718,test
ACC006719,train
ACC006720,train
ACC006721,train
ACC006722,test
ACC006723,train
ACC006724,train
ACC006725,train
ACC006726,test
ACC006727,train
ACC006728,test
ACC006729,train
ACC006730,train
ACC006731,train
ACC006732,train
ACC006733,train
ACC006734,train
ACC006735,train
ACC006736,train
ACC006737,train
ACC006738,test
ACC006739,test
ACC006740,train
ACC006741,test
ACC006742,train
ACC006743,test
ACC006744,test
ACC006745,train
ACC006746,train
ACC006747,train
ACC006748,test
ACC006749,test
ACC006750,train
ACC006751,train
ACC006752,train
ACC006753,train
ACC006754,train
ACC006755,train
ACC006756,train
ACC006757,train
ACC006758,test
ACC006759,train
ACC006760,train
ACC006761,train
ACC006762,test
ACC006763,train
ACC006764,train
ACC006765,train
ACC006766,test
ACC006767,train
ACC006768,train
ACC006769,test
ACC006770,test
ACC006771,train
ACC006772,test
ACC006773,test
ACC006774,train
ACC006775,test
ACC006776,train
ACC006777,train
ACC006778,train
ACC006779,train
ACC006780,test
ACC006781,train
ACC006782,train
ACC006783,train
ACC006784,train
ACC006785,test
ACC006786,test
ACC006787,train
ACC006788,train
ACC006789,train
ACC006790,test
ACC006791,train
ACC006792,test
ACC006793,train
ACC006794,train
ACC006795,train
ACC006796,test
ACC006797,train
ACC006798,train
ACC006799,train
ACC006800,train
ACC006801,test
ACC006802,train
ACC006803,train
ACC006804,test
ACC006805,train
ACC006806,test
ACC006807,train
ACC006808,train
ACC006809,train
ACC006810,train
ACC006811,train
ACC006812,train
ACC006813,test
ACC006814,test
ACC006815,train
ACC006816,test
ACC006817,test
ACC006818,train
ACC006819,test
ACC006820,train
ACC006821,train
ACC006822,train
ACC006823,train
ACC006824,test
ACC006825,test
ACC006826,train
ACC006827,train
ACC006828,test
ACC006829,test
ACC006830,train
ACC006831,train
ACC006832,test
ACC006833,train
ACC006834,train
ACC006835,train
ACC006836,train
ACC006837,train
ACC006838,test
ACC006839,train
ACC006840,test
ACC006841,train
ACC006842,train
ACC006843,train
ACC006844,test
ACC006845,train
ACC006846,train
ACC006847,train
ACC006848,train
ACC006849,test
ACC006850,test
ACC006851,train
ACC006852,train
ACC006853,train
ACC006854,test
ACC006855,test
ACC006856,train
ACC006857,train
ACC006858,train
ACC006859,test
ACC006860,train
ACC006861,train
ACC006862,train
ACC006863,train
ACC006864,train
ACC006865,test
ACC006866,train
ACC006867,test
ACC006868,train
ACC006869,train
ACC006870,test
ACC006871,train
ACC006872,train
ACC006873,test
ACC006874,train
ACC006875,test
ACC006876,train
ACC006877,train
ACC006878,train
ACC006879,train
ACC006880,train
ACC006881,test
ACC006882,train
ACC006883,test
ACC006884,train
ACC006885,train
ACC006886,train
ACC006887,test
ACC006888,test
ACC006889,test
ACC006890,train
ACC006891,train
ACC006892,train
ACC006893,test
ACC006894,train
ACC006895,train
ACC006896,train
ACC006897,train
ACC006898,train
ACC006899,test
ACC006900,train
ACC006901,train
ACC006902,test
ACC006903,train
ACC006904,train
ACC006905,train
ACC006906,train
ACC006907,test
ACC006908,train
ACC006909,train
ACC006910,train
ACC006911,train
ACC006912,test
ACC006913,train
ACC006914,train
ACC006915,test
ACC006916,test
ACC006917,test
ACC006918,train
ACC006919,train
ACC006920,train
ACC006921,train
ACC006922,test
ACC006923,test
ACC006924,test
ACC006925,test
ACC006926,train
ACC006927,train
ACC006928,train
ACC006929,test
ACC006930,test
ACC006931,train
ACC006932,train
ACC006933,train
ACC006934,train
ACC006935,train
ACC006936,train
ACC006937,train
ACC006938,train
ACC006939,train
ACC006940,train
ACC006941,train
ACC006942,train
ACC006943,train
ACC006944,train
ACC006945,train
ACC006946,train
ACC006947,train
ACC006948,train
ACC006949,train
ACC006950,train
ACC006951,train
ACC006952,train
ACC006953,train
ACC006954,test
ACC006955,train
ACC006956,test
ACC006957,train
ACC006958,train
ACC006959,train
ACC006960,test
ACC006961,train
ACC006962,test
ACC006963,test
ACC006964,train
ACC006965,train
ACC006966,train
ACC006967,train
ACC006968,train
ACC006969,train
ACC006970,train
ACC006971,train
ACC006972,test
ACC006973,test
ACC006974,test
ACC006975,train
ACC006976,train
ACC006977,train
ACC006978,test
ACC006979,test
ACC006980,test
ACC006981,train
ACC006982,train
ACC006983,train
ACC006984,train
ACC006985,test
ACC006986,test
ACC006987,train
ACC006988,train
ACC006989,train
ACC006990,train
ACC006991,train
ACC006992,test
ACC006993,test
ACC006994,train
ACC006995,train
ACC006996,test
ACC006997,train
ACC006998,train
ACC006999,train
ACC007000,train
ACC007001,train
ACC007002,train
ACC007003,test
ACC007004,test
ACC007005,train
ACC007006,train
ACC007007,test
ACC007008,train
ACC007009,train
ACC007010,test
ACC007011,test
ACC007012,train
ACC007013,train
ACC007014,train
ACC007015,train
ACC007016,train
ACC007017,train
ACC007018,train
ACC007019,test
ACC007020,train
ACC007021,train
ACC007022,train
ACC007023,train
ACC007024,train
ACC007025,train
ACC007026,train
ACC007027,train
ACC007028,train
ACC007029,train
ACC007030,train
ACC007031,train
ACC007032,test
ACC007033,train
ACC007034,train
ACC007035,train
ACC007036,train
ACC007037,train
ACC007038,train
ACC007039,test
ACC007040,train
ACC007041,test
ACC007042,train
ACC007043,train
ACC007044,train
ACC007045,train
ACC007046,train
ACC007047,test
ACC007048,train
ACC007049,train
ACC007050,train
ACC007051,train
ACC007052,train
ACC007053,train
ACC007054,train
ACC007055,test
ACC007056,train
ACC007057,train
ACC007058,train
ACC007059,train
ACC007060,train
ACC007061,train
ACC007062,train
ACC007063,test
ACC007064,train
ACC007065,train
ACC007066,train
ACC007067,train
ACC007068,train
ACC007069,train
ACC007070,train
ACC007071,train
ACC007072,train
ACC007073,test
ACC007074,train
ACC007075,train
ACC007076,train
ACC007077,train
ACC007078,train
ACC007079,train
ACC007080,train
ACC007081,train
ACC007082,train
ACC007083,train
ACC007084,train
ACC007085,train
ACC007086,train
ACC007087,train
ACC007088,test
ACC007089,train
ACC007090,train
ACC007091,train
ACC007092,train
ACC007093,test
ACC007094,test
ACC007095,train
ACC007096,train
ACC007097,test
ACC007098,test
ACC007099,test
ACC007100,train
ACC007101,train
ACC007102,test
ACC007103,train
ACC007104,train
ACC007105,train
ACC007106,train
ACC007107,train
ACC007108,train
ACC007109,train
ACC007110,train
ACC007111,train
ACC007112,train
ACC007113,train
ACC007114,train
ACC007115,train
ACC007116,train
ACC007117,train
ACC007118,train
ACC007119,test
ACC007120,train
ACC007121,train
ACC007122,train
ACC007123,train
ACC007124,test
ACC007125,train
ACC007126,test
ACC007127,test
ACC007128,test
ACC007129,train
ACC007130,train
ACC007131,train
ACC007132,test
ACC007133,train
ACC007134,train
ACC007135,train
ACC007136,train
ACC007137,train
ACC007138,train
ACC007139,test
ACC007140,train
ACC007141,train
ACC007142,test
ACC007143,train
ACC007144,train
ACC007145,train
ACC007146,test
ACC007147,test
ACC007148,train
ACC007149,train
ACC007150,test
ACC007151,train
ACC007152,test
ACC007153,train
ACC007154,test
ACC007155,train
ACC007156,train
ACC007157,test
ACC007158,test
ACC007159,test
ACC007160,train
ACC007161,test
ACC007162,train
ACC007163,test
ACC007164,train
ACC007165,train
ACC007166,test
ACC007167,train
ACC007168,train
ACC007169,train
ACC007170,train
ACC007171,train
ACC007172,train
ACC007173,test
ACC007174,train
ACC007175,train
ACC007176,train
ACC007177,train
ACC007178,test
ACC007179,test
ACC007180,test
ACC007181,train
ACC007182,train
ACC007183,train
ACC007184,test
ACC007185,test
ACC007186,train
ACC007187,train
ACC007188,train
ACC007189,train
ACC007190,train
ACC007191,train
ACC007192,train
ACC007193,test
ACC007194,test
ACC007195,train
ACC007196,test
ACC007197,test
ACC007198,train
ACC007199,test
ACC007200,train
ACC007201,train
ACC007202,train
ACC007203,test
ACC007204,train
ACC007205,train
ACC007206,train
ACC007207,train
ACC007208,train
ACC007209,train
ACC007210,train
ACC007211,train
ACC007212,train
ACC007213,test
ACC007214,test
ACC007215,test
ACC007216,train
ACC007217,test
ACC007218,train
ACC007219,train
ACC007220,train
ACC007221,test
ACC007222,train
ACC007223,train
ACC007224,train
ACC007225,test
ACC007226,train
ACC007227,train
ACC007228,train
ACC007229,train
ACC007230,test
ACC007231,train
ACC007232,test
ACC007233,test
ACC007234,train
ACC007235,train
ACC007236,test
ACC007237,train
ACC007238,train
ACC007239,train
ACC007240,train
ACC007241,train
ACC007242,train
ACC007243,train
ACC007244,train
ACC007245,test
ACC007246,train
ACC007247,train
ACC007248,test
ACC007249,test
ACC007250,train
ACC007251,test
ACC007252,train
ACC007253,train
ACC007254,test
ACC007255,train
ACC007256,train
ACC007257,train
ACC007258,train
ACC007259,train
ACC007260,train
ACC007261,test
ACC007262,train
ACC007263,train
ACC007264,train
ACC007265,test
ACC007266,test
ACC007267,train
ACC007268,train
ACC007269,test
ACC007270,train
ACC007271,train
ACC007272,train
ACC007273,test
ACC007274,train
ACC007275,train
ACC007276,train
ACC007277,train
ACC007278,train
ACC007279,train
ACC007280,train
ACC007281,train
ACC007282,train
ACC007283,train
ACC007284,train
ACC007285,train
ACC007286,train
ACC007287,train
ACC007288,train
ACC007289,train
ACC007290,train
ACC007291,train
ACC007292,train
ACC007293,test
ACC007294,train
ACC007295,train
ACC007296,train
ACC007297,train
ACC007298,test
ACC007299,train
ACC007300,train
ACC007301,train
ACC007302,train
ACC007303,test
ACC007304,train
ACC007305,test
ACC007306,train
ACC007307,train
ACC007308,train
ACC007309,train
ACC007310,test
ACC007311,train
ACC007312,train
ACC007313,train
ACC007314,train
ACC007315,test
ACC007316,train
ACC007317,train
ACC007318,test
ACC007319,train
ACC007320,train
ACC007321,test
ACC007322,train
ACC007323,test
ACC007324,train
ACC007325,train
ACC007326,train
ACC007327,train
ACC007328,train
ACC007329,train
ACC007330,train
ACC007331,train
ACC007332,train
ACC007333,test
ACC007334,train
ACC007335,test
ACC007336,test
ACC007337,train
ACC007338,train
ACC007339,train
ACC007340,train
ACC007341,test
ACC007342,train
ACC007343,train
ACC007344,train
ACC007345,train
ACC007346,train
ACC007347,train
ACC007348,train
ACC007349,train
ACC007350,test
ACC007351,train
ACC007352,train
ACC007353,train
ACC007354,test
ACC007355,test
ACC007356,train
ACC007357,train
ACC007358,test
ACC007359,train
ACC007360,train
ACC007361,train
ACC007362,train
ACC007363,train
ACC007364,train
ACC007365,train
ACC007366,train
ACC007367,train
ACC007368,test
ACC007369,train
ACC007370,train
ACC007371,train
ACC007372,train
ACC007373,train
ACC007374,train
ACC007375,train
ACC007376,train
ACC007377,test
ACC007378,train
ACC007379,train
ACC007380,train
ACC007381,test
ACC007382,train
ACC007383,test
ACC007384,train
ACC007385,train
ACC007386,train
ACC007387,train
ACC007388,train
ACC007389,test
ACC007390,train
ACC007391,train
ACC007392,train
ACC007393,train
ACC007394,train
ACC007395,train
ACC007396,train
ACC007397,test
ACC007398,train
ACC007399,test
ACC007400,test
ACC007401,train
ACC007402,train
ACC007403,train
ACC007404,train
ACC007405,train
ACC007406,train
ACC007407,train
ACC007408,train
ACC007409,train
ACC007410,train
ACC007411,train
ACC007412,test
ACC007413,train
ACC007414,test
ACC007415,train
ACC007416,test
ACC007417,train
ACC007418,train
ACC007419,test
ACC007420,train
ACC007421,test
ACC007422,train
ACC007423,train
ACC007424,train
ACC007425,train
ACC007426,test
ACC007427,test
ACC007428,train
ACC007429,train
ACC007430,train
ACC007431,train
ACC007432,train
ACC007433,test
ACC007434,train
ACC007435,test
ACC007436,train
ACC007437,test
ACC007438,test
ACC007439,train
ACC007440,test
ACC007441,train
ACC007442,train
ACC007443,train
ACC007444,train
ACC007445,train
ACC007446,train
ACC007447,train
ACC007448,train
ACC007449,train
ACC007450,train
ACC007451,test
ACC007452,test
ACC007453,train
ACC007454,train
ACC007455,train
ACC007456,train
ACC007457,train
ACC007458,train
ACC007459,train
ACC007460,train
ACC007461,test
ACC007462,train
ACC007463,train
ACC007464,train
ACC007465,train
ACC007466,train
ACC007467,train
ACC007468,train
ACC007469,test
ACC007470,train
ACC007471,test
ACC007472,train
ACC007473,train
ACC007474,train
ACC007475,train
ACC007476,test
ACC007477,train
ACC007478,train
ACC007479,test
ACC007480,train
ACC007481,test
ACC007482,train
ACC007483,test
ACC007484,test
ACC007485,train
ACC007486,train
ACC007487,train
ACC007488,train
ACC007489,train
ACC007490,train
ACC007491,test
ACC007492,train
ACC007493,train
ACC007494,train
ACC007495,test
ACC007496,train
ACC007497,train
ACC007498,train
ACC007499,train
ACC007500,train
ACC007501,train
ACC007502,train
ACC007503,train
ACC007504,train
ACC007505,train
ACC007506,test
ACC007507,train
ACC007508,test
ACC007509,train
ACC007510,train
ACC007511,train
ACC007512,train
ACC007513,train
ACC007514,test
ACC007515,train
ACC007516,test
ACC007517,train
ACC007518,test
ACC007519,train
ACC007520,train
ACC007521,train
ACC007522,train
ACC007523,train
ACC007524,train
ACC007525,train
ACC007526,train
ACC007527,train
ACC007528,test
ACC007529,test
ACC007530,train
ACC007531,train
ACC007532,train
ACC007533,train
ACC007534,train
ACC007535,train
ACC007536,train
ACC007537,train
ACC007538,train
ACC007539,test
ACC007540,train
ACC007541,train
ACC007542,train
ACC007543,test
ACC007544,train
ACC007545,train
ACC007546,train
ACC007547,train
ACC007548,train
ACC007549,test
ACC007550,train
ACC007551,test
ACC007552,train
ACC007553,train
ACC007554,test
ACC007555,train
ACC007556,train
ACC007557,train
ACC007558,train
ACC007559,train
ACC007560,train
ACC007561,test
ACC007562,train
ACC007563,train
ACC007564,train
ACC007565,train
ACC007566,train
ACC007567,test
ACC007568,test
ACC007569,train
ACC007570,train
ACC007571,train
ACC007572,train
ACC007573,train
ACC007574,train
ACC007575,train
ACC007576,train
ACC007577,train
ACC007578,train
ACC007579,train
ACC007580,train
ACC007581,test
ACC007582,train
ACC007583,train
ACC007584,test
ACC007585,train
ACC007586,test
ACC007587,train
ACC007588,train
ACC007589,test
ACC007590,train
ACC007591,test
ACC007592,train
ACC007593,train
ACC007594,train
ACC007595,train
ACC007596,train
ACC007597,train
ACC007598,train
ACC007599,train
ACC007600,train
ACC007601,train
ACC007602,train
ACC007603,train
ACC007604,train
ACC007605,train
ACC007606,train
ACC007607,train
ACC007608,train
ACC007609,train
ACC007610,train
ACC007611,train
ACC007612,test
ACC007613,train
ACC007614,train
ACC007615,train
ACC007616,train
ACC007617,train
ACC007618,test
ACC007619,train
ACC007620,train
ACC007621,train
ACC007622,train
ACC007623,train
ACC007624,train
ACC007625,train
ACC007626,train
ACC007627,train
ACC007628,test
ACC007629,train
ACC007630,test
ACC007631,test
ACC007632,train
ACC007633,train
ACC007634,train
ACC007635,test
ACC007636,train
ACC007637,train
ACC007638,train
ACC007639,train
ACC007640,train
ACC007641,train
ACC007642,train
ACC007643,train
ACC007644,train
ACC007645,test
ACC007646,train
ACC007647,train
ACC007648,test
ACC007649,train
ACC007650,test
ACC007651,train
ACC007652,train
ACC007653,train
ACC007654,train
ACC007655,test
ACC007656,train
ACC007657,train
ACC007658,train
ACC007659,train
ACC007660,train
ACC007661,train
ACC007662,train
ACC007663,train
ACC007664,train
ACC007665,train
ACC007666,train
ACC007667,test
ACC007668,train
ACC007669,test
ACC007670,test
ACC007671,train
ACC007672,test
ACC007673,train
ACC007674,train
ACC007675,train
ACC007676,train
ACC007677,train
ACC007678,train
ACC007679,train
ACC007680,train
ACC007681,train
ACC007682,test
ACC007683,train
ACC007684,test
ACC007685,train
ACC007686,train
ACC007687,test
ACC007688,train
ACC007689,train
ACC007690,test
ACC007691,train
ACC007692,train
ACC007693,test
ACC007694,train
ACC007695,train
ACC007696,train
ACC007697,train
ACC007698,train
ACC007699,train
ACC007700,train
ACC007701,train
ACC007702,train
ACC007703,test
ACC007704,train
ACC007705,train
ACC007706,train
ACC007707,test
ACC007708,train
ACC007709,train
ACC007710,test
ACC007711,train
ACC007712,train
ACC007713,test
ACC007714,train
ACC007715,train
ACC007716,test
ACC007717,train
ACC007718,train
ACC007719,test
ACC007720,train
ACC007721,train
ACC007722,train
ACC007723,train
ACC007724,train
ACC007725,train
ACC007726,train
ACC007727,train
ACC007728,test
ACC007729,train
ACC007730,test
ACC007731,test
ACC007732,train
ACC007733,test
ACC007734,train
ACC007735,test
ACC007736,train
ACC007737,train
ACC007738,test
ACC007739,train
ACC007740,train
ACC007741,train
ACC007742,train
ACC007743,train
ACC007744,train
ACC007745,train
ACC007746,train
ACC007747,train
ACC007748,train
ACC007749,train
ACC007750,train
ACC007751,train
ACC007752,train
ACC007753,test
ACC007754,test
ACC007755,train
ACC007756,train
ACC007757,test
ACC007758,train
ACC007759,train
ACC007760,train
ACC007761,test
ACC007762,train
ACC007763,train
ACC007764,train
ACC007765,test
ACC007766,train
ACC007767,test
ACC007768,train
ACC007769,train
ACC007770,train
ACC007771,test
ACC007772,train
ACC007773,train
ACC007774,train
ACC007775,test
ACC007776,train
ACC007777,train
ACC007778,train
ACC007779,train
ACC007780,train
ACC007781,train
ACC007782,train
ACC007783,train
ACC007784,test
ACC007785,test
ACC007786,train
ACC007787,train
ACC007788,train
ACC007789,train
ACC007790,train
ACC007791,test
ACC007792,train
ACC007793,train
ACC007794,train
ACC007795,train
ACC007796,train
ACC007797,train
ACC007798,train
ACC007799,train
ACC007800,train
ACC007801,train
ACC007802,train
ACC007803,train
ACC007804,test
ACC007805,train
ACC007806,train
ACC007807,train
ACC007808,test
ACC007809,train
ACC007810,train
ACC007811,train
ACC007812,train
ACC007813,train
ACC007814,test
ACC007815,train
ACC007816,train
ACC007817,train
ACC007818,train
ACC007819,train
ACC007820,test
ACC007821,train
ACC007822,train
ACC007823,train
ACC007824,test
ACC007825,train
ACC007826,train
ACC007827,train
ACC007828,test
ACC007829,train
ACC007830,test
ACC007831,train
ACC007832,train
ACC007833,train
ACC007834,train
ACC007835,test
ACC007836,train
ACC007837,train
ACC007838,train
ACC007839,test
ACC007840,test
ACC007841,train
ACC007842,train
ACC007843,test
ACC007844,train
ACC007845,train
ACC007846,train
ACC007847,train
ACC007848,train
ACC007849,train
ACC007850,test
ACC007851,train
ACC007852,test
ACC007853,test
ACC007854,train
ACC007855,train
ACC007856,test
ACC007857,train
ACC007858,test
ACC007859,train
ACC007860,train
ACC007861,train
ACC007862,train
ACC007863,train
ACC007864,train
ACC007865,train
ACC007866,train
ACC007867,train
ACC007868,train
ACC007869,train
ACC007870,train
ACC007871,train
ACC007872,train
ACC007873,train
ACC007874,train
ACC007875,train
ACC007876,train
ACC007877,train
ACC007878,train
ACC007879,train
ACC007880,train
ACC007881,train
ACC007882,test
ACC007883,train
ACC007884,train
ACC007885,train
ACC007886,test
ACC007887,train
ACC007888,train
ACC007889,train
ACC007890,train
ACC007891,test
ACC007892,train
ACC007893,train
ACC007894,train
ACC007895,test
ACC007896,train
ACC007897,test
ACC007898,train
ACC007899,test
ACC007900,test
ACC007901,train
ACC007902,test
ACC007903,train
ACC007904,test
ACC007905,test
ACC007906,train
ACC007907,train
ACC007908,test
ACC007909,train
ACC007910,train
ACC007911,train
ACC007912,train
ACC007913,train
ACC007914,train
ACC007915,test
ACC007916,train
ACC007917,train
ACC007918,train
ACC007919,train
ACC007920,train
ACC007921,train
ACC007922,test
ACC007923,test
ACC007924,train
ACC007925,train
ACC007926,train
ACC007927,train
ACC007928,train
ACC007929,train
ACC007930,train
ACC007931,train
ACC007932,test
ACC007933,train
ACC007934,test
ACC007935,test
ACC007936,train
ACC007937,train
ACC007938,train
ACC007939,train
ACC007940,train
ACC007941,train
ACC007942,test
ACC007943,train
ACC007944,train
ACC007945,train
ACC007946,test
ACC007947,train
ACC007948,test
ACC007949,train
ACC007950,test
ACC007951,train
ACC007952,test
ACC007953,train
ACC007954,test
ACC007955,train
ACC007956,train
ACC007957,test
ACC007958,test
ACC007959,test
ACC007960,train
ACC007961,train
ACC007962,train
ACC007963,test
ACC007964,train
ACC007965,train
ACC007966,train
ACC007967,test
ACC007968,test
ACC007969,train
ACC007970,train
ACC007971,train
ACC007972,train
ACC007973,test
ACC007974,train
ACC007975,train
ACC007976,test
ACC007977,test
ACC007978,train
ACC007979,train
ACC007980,train
ACC007981,train
ACC007982,train
ACC007983,test
ACC007984,test
ACC007985,train
ACC007986,train
ACC007987,test
ACC007988,train
ACC007989,train
ACC007990,train
ACC007991,test
ACC007992,test
ACC007993,train
ACC007994,test
ACC007995,test
ACC007996,train
ACC007997,train
ACC007998,train
ACC007999,test
ACC008000,train
ACC008001,train
ACC008002,train
ACC008003,train
ACC008004,train
ACC008005,train
ACC008006,train
ACC008007,train
ACC008008,train
ACC008009,train
ACC008010,test
ACC008011,test
ACC008012,test
ACC008013,train
ACC008014,train
ACC008015,test
ACC008016,train
ACC008017,train
ACC008018,train
ACC008019,train
ACC008020,train
ACC008021,train
ACC008022,test
ACC008023,train
ACC008024,train
ACC008025,train
ACC008026,train
ACC008027,train
ACC008028,train
ACC008029,test
ACC008030,train
ACC008031,train
ACC008032,train
ACC008033,train
ACC008034,test
ACC008035,train
ACC008036,train
ACC008037,train
ACC008038,train
ACC008039,train
ACC008040,train
ACC008041,train
ACC008042,train
ACC008043,test
ACC008044,test
ACC008045,test
ACC008046,train
ACC008047,train
ACC008048,test
ACC008049,train
ACC008050,test
ACC008051,test
ACC008052,train
ACC008053,train
ACC008054,train
ACC008055,train
ACC008056,train
ACC008057,train
ACC008058,test
ACC008059,train
ACC008060,train
ACC008061,test
ACC008062,train
ACC008063,train
ACC008064,train
ACC008065,train
ACC008066,train
ACC008067,train
ACC008068,train
ACC008069,train
ACC008070,train
ACC008071,test
ACC008072,test
ACC008073,train
ACC008074,test
ACC008075,train
ACC008076,train
ACC008077,test
ACC008078,train
ACC008079,train
ACC008080,train
ACC008081,train
ACC008082,train
ACC008083,train
ACC008084,test
ACC008085,train
ACC008086,train
ACC008087,test
ACC008088,train
ACC008089,train
ACC008090,train
ACC008091,train
ACC008092,test
ACC008093,train
ACC008094,train
ACC008095,train
ACC008096,train
ACC008097,train
ACC008098,train
ACC008099,train
ACC008100,train
ACC008101,train
ACC008102,train
ACC008103,train
ACC008104,train
ACC008105,test
ACC008106,test
ACC008107,train
ACC008108,train
ACC008109,train
ACC008110,test
ACC008111,train
ACC008112,train
ACC008113,train
ACC008114,train
ACC008115,train
ACC008116,train
ACC008117,train
ACC008118,train
ACC008119,train
ACC008120,train
ACC008121,test
ACC008122,test
ACC008123,train
ACC008124,train
ACC008125,train
ACC008126,train
ACC008127,train
ACC008128,train
ACC008129,train
ACC008130,test
ACC008131,train
ACC008132,train
ACC008133,train
ACC008134,train
ACC008135,train
ACC008136,train
ACC008137,train
ACC008138,test
ACC008139,test
ACC008140,train
ACC008141,train
ACC008142,test
ACC008143,train
ACC008144,train
ACC008145,train
ACC008146,train
ACC008147,test
ACC008148,train
ACC008149,train
ACC008150,train
ACC008151,train
ACC008152,train
ACC008153,train
ACC008154,train
ACC008155,train
ACC008156,train
ACC008157,test
ACC008158,train
ACC008159,train
ACC008160,train
ACC008161,train
ACC008162,train
ACC008163,train
ACC008164,train
ACC008165,test
ACC008166,test
ACC008167,train
ACC008168,train
ACC008169,train
ACC008170,test
ACC008171,train
ACC008172,train
ACC008173,train
ACC008174,train
ACC008175,test
ACC008176,test
ACC008177,train
ACC008178,train
ACC008179,train
ACC008180,train
ACC008181,test
ACC008182,train
ACC008183,test
ACC008184,train
ACC008185,train
ACC008186,train
ACC008187,train
ACC008188,train
ACC008189,train
ACC008190,train
ACC008191,test
ACC008192,train
ACC008193,train
ACC008194,train
ACC008195,train
ACC008196,test
ACC008197,train
ACC008198,train
ACC008199,train
ACC008200,train
ACC008201,test
ACC008202,test
ACC008203,test
ACC008204,test
ACC008205,train
ACC008206,test
ACC008207,train
ACC008208,train
ACC008209,test
ACC008210,train
ACC008211,test
ACC008212,train
ACC008213,train
ACC008214,train
ACC008215,test
ACC008216,train
ACC008217,train
ACC008218,train
ACC008219,train
ACC008220,train
ACC008221,train
ACC008222,test
ACC008223,test
ACC008224,train
ACC008225,train
ACC008226,train
ACC008227,train
ACC008228,test
ACC008229,train
ACC008230,train
ACC008231,train
ACC008232,test
ACC008233,train
ACC008234,test
ACC008235,test
ACC008236,test
ACC008237,train
ACC008238,train
ACC008239,train
ACC008240,test
ACC008241,train
ACC008242,train
ACC008243,train
ACC008244,test
ACC008245,train
ACC008246,train
ACC008247,test
ACC008248,train
ACC008249,train
ACC008250,train
ACC008251,train
ACC008252,train
ACC008253,train
ACC008254,test
ACC008255,train
ACC008256,test
ACC008257,train
ACC008258,train
ACC008259,train
ACC008260,train
ACC008261,train
ACC008262,test
ACC008263,train
ACC008264,train
ACC008265,train
ACC008266,test
ACC008267,test
ACC008268,train
ACC008269,train
ACC008270,train
ACC008271,test
ACC008272,train
ACC008273,train
ACC008274,test
ACC008275,train
ACC008276,train
ACC008277,train
ACC008278,train
ACC008279,train
ACC008280,train
ACC008281,train
ACC008282,train
ACC008283,test
ACC008284,train
ACC008285,train
ACC008286,train
ACC008287,train
ACC008288,train
ACC008289,train
ACC008290,train
ACC008291,train
ACC008292,train
ACC008293,train
ACC008294,test
ACC008295,train
ACC008296,train
ACC008297,test
ACC008298,train
ACC008299,test
ACC008300,train
ACC008301,train
ACC008302,test
ACC008303,train
ACC008304,train
ACC008305,train
ACC008306,test
ACC008307,train
ACC008308,train
ACC008309,train
ACC008310,train
ACC008311,train
ACC008312,train
ACC008313,train
ACC008314,train
ACC008315,train
ACC008316,train
ACC008317,train
ACC008318,train
ACC008319,test
ACC008320,train
ACC008321,train
ACC008322,train
ACC008323,train
ACC008324,train
ACC008325,train
ACC008326,test
ACC008327,train
ACC008328,train
ACC008329,train
ACC008330,train
ACC008331,train
ACC008332,train
ACC008333,train
ACC008334,test
ACC008335,train
ACC008336,train
ACC008337,train
ACC008338,train
ACC008339,train
ACC008340,test
ACC008341,train
ACC008342,train
ACC008343,train
ACC008344,test
ACC008345,train
ACC008346,test
ACC008347,train
ACC008348,test
ACC008349,train
ACC008350,train
ACC008351,train
ACC008352,train
ACC008353,train
ACC008354,train
ACC008355,train
ACC008356,train
ACC008357,train
ACC008358,train
ACC008359,test
ACC008360,train
ACC008361,test
ACC008362,train
ACC008363,train
ACC008364,test
ACC008365,train
ACC008366,train
ACC008367,train
ACC008368,train
ACC008369,train
ACC008370,train
ACC008371,train
ACC008372,test
ACC008373,train
ACC008374,train
ACC008375,test
ACC008376,test
ACC008377,train
ACC008378,train
ACC008379,test
ACC008380,train
ACC008381,test
ACC008382,train
ACC008383,train
ACC008384,train
ACC008385,train
ACC008386,train
ACC008387,train
ACC008388,test
ACC008389,train
ACC008390,test
ACC008391,train
ACC008392,train
ACC008393,train
ACC008394,train
ACC008395,train
ACC008396,train
ACC008397,train
ACC008398,train
ACC008399,train
ACC008400,test
ACC008401,train
ACC008402,train
ACC008403,train
ACC008404,train
ACC008405,test
ACC008406,train
ACC008407,train
ACC008408,train
ACC008409,train
ACC008410,train
ACC008411,train
ACC008412,train
ACC008413,train
ACC008414,train
ACC008415,train
ACC008416,train
ACC008417,train
ACC008418,train
ACC008419,train
ACC008420,train
ACC008421,train
ACC008422,train
ACC008423,train
ACC008424,train
ACC008425,train
ACC008426,train
ACC008427,train
ACC008428,train
ACC008429,train
ACC008430,train
ACC008431,train
ACC008432,test
ACC008433,train
ACC008434,train
ACC008435,train
ACC008436,train
ACC008437,train
ACC008438,train
ACC008439,train
ACC008440,train
ACC008441,test
ACC008442,train
ACC008443,test
ACC008444,test
ACC008445,train
ACC008446,test
ACC008447,train
ACC008448,train
ACC008449,test
ACC008450,train
ACC008451,train
ACC008452,train
ACC008453,test
ACC008454,train
ACC008455,train
ACC008456,test
ACC008457,train
ACC008458,train
ACC008459,train
ACC008460,test
ACC008461,test
ACC008462,train
ACC008463,test
ACC008464,train
ACC008465,train
ACC008466,train
ACC008467,test
ACC008468,train
ACC008469,train
ACC008470,train
ACC008471,test
ACC008472,train
ACC008473,train
ACC008474,train
ACC008475,test
ACC008476,train
ACC008477,test
ACC008478,train
ACC008479,train
ACC008480,train
ACC008481,test
ACC008482,train
ACC008483,train
ACC008484,train
ACC008485,train
ACC008486,train
ACC008487,train
ACC008488,test
ACC008489,train
ACC008490,test
ACC008491,train
ACC008492,train
ACC008493,train
ACC008494,test
ACC008495,test
ACC008496,train
ACC008497,train
ACC008498,train
ACC008499,test
ACC008500,train
ACC008501,train
ACC008502,test
ACC008503,train
ACC008504,train
ACC008505,train
ACC008506,train
ACC008507,train
ACC008508,train
ACC008509,train
ACC008510,test
ACC008511,train
ACC008512,test
ACC008513,train
ACC008514,train
ACC008515,train
ACC008516,test
ACC008517,train
ACC008518,train
ACC008519,train
ACC008520,test
ACC008521,test
ACC008522,train
ACC008523,train
ACC008524,test
ACC008525,test
ACC008526,test
ACC008527,train
ACC008528,train
ACC008529,train
ACC008530,test
ACC008531,test
ACC008532,train
ACC008533,train
ACC008534,train
ACC008535,train
ACC008536,train
ACC008537,train
ACC008538,train
ACC008539,train
ACC008540,train
ACC008541,train
ACC008542,train
ACC008543,train
ACC008544,test
ACC008545,train
ACC008546,train
ACC008547,train
ACC008548,train
ACC008549,train
ACC008550,train
ACC008551,train
ACC008552,train
ACC008553,train
ACC008554,train
ACC008555,test
ACC008556,train
ACC008557,train
ACC008558,train
ACC008559,train
ACC008560,train
ACC008561,train
ACC008562,test
ACC008563,train
ACC008564,train
ACC008565,train
ACC008566,train
ACC008567,test
ACC008568,train
ACC008569,train
ACC008570,test
ACC008571,test
ACC008572,train
ACC008573,test
ACC008574,train
ACC008575,test
ACC008576,train
ACC008577,test
ACC008578,train
ACC008579,train
ACC008580,train
ACC008581,test
ACC008582,train
ACC008583,train
ACC008584,train
ACC008585,train
ACC008586,train
ACC008587,test
ACC008588,train
ACC008589,test
ACC008590,train
ACC008591,train
ACC008592,train
ACC008593,test
ACC008594,train
ACC008595,test
ACC008596,train
ACC008597,train
ACC008598,train
ACC008599,train
ACC008600,train
ACC008601,train
ACC008602,train
ACC008603,test
ACC008604,train
ACC008605,test
ACC008606,train
ACC008607,test
ACC008608,train
ACC008609,train
ACC008610,test
ACC008611,train
ACC008612,train
ACC008613,train
ACC008614,test
ACC008615,train
ACC008616,train
ACC008617,train
ACC008618,train
ACC008619,train
ACC008620,train
ACC008621,train
ACC008622,train
ACC008623,train
ACC008624,train
ACC008625,train
ACC008626,train
ACC008627,train
ACC008628,train
ACC008629,train
ACC008630,train
ACC008631,train
ACC008632,train
ACC008633,train
ACC008634,test
ACC008635,train
ACC008636,train
ACC008637,train
ACC008638,train
ACC008639,train
ACC008640,train
ACC008641,train
ACC008642,test
ACC008643,train
ACC008644,train
ACC008645,train
ACC008646,train
ACC008647,test
ACC008648,train
ACC008649,test
ACC008650,test
ACC008651,train
ACC008652,train
ACC008653,train
ACC008654,test
ACC008655,train
ACC008656,train
ACC008657,test
ACC008658,train
ACC008659,train
ACC008660,train
ACC008661,train
ACC008662,train
ACC008663,test
ACC008664,test
ACC008665,train
ACC008666,test
ACC008667,train
ACC008668,train
ACC008669,train
ACC008670,train
ACC008671,train
ACC008672,train
ACC008673,test
ACC008674,test
ACC008675,train
ACC008676,train
ACC008677,train
ACC008678,train
ACC008679,train
ACC008680,train
ACC008681,train
ACC008682,train
ACC008683,train
ACC008684,test
ACC008685,train
ACC008686,train
ACC008687,train
ACC008688,train
ACC008689,train
ACC008690,train
ACC008691,train
ACC008692,train
ACC008693,train
ACC008694,train
ACC008695,train
ACC008696,test
ACC008697,train
ACC008698,test
ACC008699,train
ACC008700,test
ACC008701,train
ACC008702,test
ACC008703,test
ACC008704,train
ACC008705,train
ACC008706,train
ACC008707,train
ACC008708,train
ACC008709,test
ACC008710,test
ACC008711,train
ACC008712,train
ACC008713,train
ACC008714,train
ACC008715,test
ACC008716,test
ACC008717,test
ACC008718,test
ACC008719,train
ACC008720,test
ACC008721,test
ACC008722,train
ACC008723,train
ACC008724,train
ACC008725,train
ACC008726,train
ACC008727,test
ACC008728,test
ACC008729,test
ACC008730,train
ACC008731,train
ACC008732,train
ACC008733,train
ACC008734,train
ACC008735,test
ACC008736,train
ACC008737,test
ACC008738,train
ACC008739,train
ACC008740,train
ACC008741,test
ACC008742,test
ACC008743,train
ACC008744,train
ACC008745,test
ACC008746,test
ACC008747,train
ACC008748,train
ACC008749,train
ACC008750,train
ACC008751,test
ACC008752,train
ACC008753,train
ACC008754,test
ACC008755,test
ACC008756,test
ACC008757,train
ACC008758,test
ACC008759,test
ACC008760,test
ACC008761,test
ACC008762,train
ACC008763,train
ACC008764,train
ACC008765,train
ACC008766,train
ACC008767,train
ACC008768,train
ACC008769,test
ACC008770,train
ACC008771,train
ACC008772,train
ACC008773,test
ACC008774,train
ACC008775,train
ACC008776,test
ACC008777,test
ACC008778,train
ACC008779,test
ACC008780,train
ACC008781,test
ACC008782,train
ACC008783,train
ACC008784,train
ACC008785,test
ACC008786,train
ACC008787,train
ACC008788,test
ACC008789,train
ACC008790,train
ACC008791,train
ACC008792,train
ACC008793,train
ACC008794,train
ACC008795,test
ACC008796,train
ACC008797,train
ACC008798,train
ACC008799,train
ACC008800,train
ACC008801,train
ACC008802,train
ACC008803,train
ACC008804,test
ACC008805,train
ACC008806,test
ACC008807,train
ACC008808,train
ACC008809,train
ACC008810,train
ACC008811,train
ACC008812,test
ACC008813,train
ACC008814,train
ACC008815,train
ACC008816,train
ACC008817,train
ACC008818,test
ACC008819,train
ACC008820,test
ACC008821,train
ACC008822,train
ACC008823,train
ACC008824,train
ACC008825,train
ACC008826,train
ACC008827,train
ACC008828,train
ACC008829,train
ACC008830,test
ACC008831,train
ACC008832,train
ACC008833,train
ACC008834,test
ACC008835,train
ACC008836,train
ACC008837,train
ACC008838,train
ACC008839,train
ACC008840,train
ACC008841,train
ACC008842,train
ACC008843,train
ACC008844,train
ACC008845,train
ACC008846,train
ACC008847,train
ACC008848,test
ACC008849,test
ACC008850,train
ACC008851,train
ACC008852,test
ACC008853,train
ACC008854,test
ACC008855,train
ACC008856,train
ACC008857,train
ACC008858,test
ACC008859,train
ACC008860,test
ACC008861,train
ACC008862,train
ACC008863,train
ACC008864,train
ACC008865,train
ACC008866,test
ACC008867,train
ACC008868,train
ACC008869,test
ACC008870,train
ACC008871,train
ACC008872,test
ACC008873,test
ACC008874,train
ACC008875,train
ACC008876,train
ACC008877,test
ACC008878,train
ACC008879,test
ACC008880,train
ACC008881,train
ACC008882,test
ACC008883,train
ACC008884,test
ACC008885,test
ACC008886,train
ACC008887,test
ACC008888,train
ACC008889,train
ACC008890,train
ACC008891,test
ACC008892,test
ACC008893,train
ACC008894,train
ACC008895,train
ACC008896,train
ACC008897,train
ACC008898,train
ACC008899,train
ACC008900,train
ACC008901,train
ACC008902,train
ACC008903,train
ACC008904,train
ACC008905,train
ACC008906,train
ACC008907,train
ACC008908,train
ACC008909,train
ACC008910,test
ACC008911,train
ACC008912,train
ACC008913,test
ACC008914,test
ACC008915,train
ACC008916,train
ACC008917,test
ACC008918,test
ACC008919,train
ACC008920,train
ACC008921,train
ACC008922,train
ACC008923,train
ACC008924,train
ACC008925,train
ACC008926,train
ACC008927,train
ACC008928,test
ACC008929,test
ACC008930,train
ACC008931,train
ACC008932,test
ACC008933,train
ACC008934,train
ACC008935,train
ACC008936,train
ACC008937,test
ACC008938,test
ACC008939,test
ACC008940,test
ACC008941,test
ACC008942,train
ACC008943,train
ACC008944,train
ACC008945,test
ACC008946,train
ACC008947,test
ACC008948,test
ACC008949,train
ACC008950,train
ACC008951,train
ACC008952,test
ACC008953,test
ACC008954,train
ACC008955,train
ACC008956,train
ACC008957,train
ACC008958,train
ACC008959,train
ACC008960,train
ACC008961,test
ACC008962,train
ACC008963,train
ACC008964,test
ACC008965,train
ACC008966,train
ACC008967,train
ACC008968,test
ACC008969,train
ACC008970,train
ACC008971,train
ACC008972,test
ACC008973,train
ACC008974,test
ACC008975,train
ACC008976,test
ACC008977,train
ACC008978,train
ACC008979,train
ACC008980,train
ACC008981,train
ACC008982,train
ACC008983,train
ACC008984,train
ACC008985,test
ACC008986,train
ACC008987,train
ACC008988,test
ACC008989,train
ACC008990,train
ACC008991,train
ACC008992,train
ACC008993,train
ACC008994,train
ACC008995,train
ACC008996,test
ACC008997,test
ACC008998,test
ACC008999,test
ACC009000,train
ACC009001,train
ACC009002,train
ACC009003,train
ACC009004,train
ACC009005,train
ACC009006,test
ACC009007,test
ACC009008,train
ACC009009,test
ACC009010,test
ACC009011,train
ACC009012,test
ACC009013,test
ACC009014,test
ACC009015,train
ACC009016,test
ACC009017,train
ACC009018,train
ACC009019,train
ACC009020,train
ACC009021,test
ACC009022,test
ACC009023,train
ACC009024,train
ACC009025,train
ACC009026,train
ACC009027,train
ACC009028,test
ACC009029,train
ACC009030,train
ACC009031,test
ACC009032,test
ACC009033,train
ACC009034,train
ACC009035,train
ACC009036,test
ACC009037,train
ACC009038,train
ACC009039,train
ACC009040,train
ACC009041,train
ACC009042,train
ACC009043,train
ACC009044,train
ACC009045,test
ACC009046,test
ACC009047,train
ACC009048,train
ACC009049,train
ACC009050,train
ACC009051,train
ACC009052,test
ACC009053,train
ACC009054,train
ACC009055,train
ACC009056,train
ACC009057,test
ACC009058,train
ACC009059,test
ACC009060,train
ACC009061,train
ACC009062,test
ACC009063,train
ACC009064,train
ACC009065,train
ACC009066,train
ACC009067,train
ACC009068,train
ACC009069,test
ACC009070,test
ACC009071,train
ACC009072,train
ACC009073,train
ACC009074,train
ACC009075,test
ACC009076,train
ACC009077,test
ACC009078,train
ACC009079,train
ACC009080,test
ACC009081,train
ACC009082,test
ACC009083,train
ACC009084,test
ACC009085,test
ACC009086,test
ACC009087,train
ACC009088,train
ACC009089,train
ACC009090,test
ACC009091,train
ACC009092,train
ACC009093,test
ACC009094,train
ACC009095,test
ACC009096,train
ACC009097,train
ACC009098,test
ACC009099,train
ACC009100,train
ACC009101,test
ACC009102,train
ACC009103,train
ACC009104,train
ACC009105,train
ACC009106,train
ACC009107,test
ACC009108,train
ACC009109,train
ACC009110,test
ACC009111,train
ACC009112,train
ACC009113,train
ACC009114,train
ACC009115,train
ACC009116,train
ACC009117,train
ACC009118,train
ACC009119,train
ACC009120,train
ACC009121,train
ACC009122,train
ACC009123,train
ACC009124,test
ACC009125,train
ACC009126,test
ACC009127,train
ACC009128,train
ACC009129,train
ACC009130,train
ACC009131,test
ACC009132,train
ACC009133,test
ACC009134,test
ACC009135,train
ACC009136,train
ACC009137,train
ACC009138,train
ACC009139,train
ACC009140,test
ACC009141,train
ACC009142,train
ACC009143,train
ACC009144,train
ACC009145,test
ACC009146,train
ACC009147,test
ACC009148,train
ACC009149,train
ACC009150,train
ACC009151,train
ACC009152,train
ACC009153,test
ACC009154,train
ACC009155,train
ACC009156,test
ACC009157,train
ACC009158,train
ACC009159,test
ACC009160,train
ACC009161,test
ACC009162,test
ACC009163,test
ACC009164,train
ACC009165,train
ACC009166,train
ACC009167,train
ACC009168,test
ACC009169,train
ACC009170,test
ACC009171,train
ACC009172,train
ACC009173,train
ACC009174,train
ACC009175,test
ACC009176,test
ACC009177,test
ACC009178,train
ACC009179,train
ACC009180,train
ACC009181,test
ACC009182,train
ACC009183,train
ACC009184,train
ACC009185,train
ACC009186,train
ACC009187,train
ACC009188,train
ACC009189,test
ACC009190,train
ACC009191,train
ACC009192,train
ACC009193,test
ACC009194,test
ACC009195,train
ACC009196,train
ACC009197,train
ACC009198,train
ACC009199,train
ACC009200,test
ACC009201,train
ACC009202,train
ACC009203,train
ACC009204,train
ACC009205,train
ACC009206,train
ACC009207,test
ACC009208,train
ACC009209,train
ACC009210,train
ACC009211,train
ACC009212,train
ACC009213,train
ACC009214,train
ACC009215,test
ACC009216,train
ACC009217,train
ACC009218,test
ACC009219,train
ACC009220,train
ACC009221,train
ACC009222,train
ACC009223,train
ACC009224,test
ACC009225,test
ACC009226,train
ACC009227,test
ACC009228,train
ACC009229,train
ACC009230,train
ACC009231,train
ACC009232,train
ACC009233,train
ACC009234,test
ACC009235,train
ACC009236,test
ACC009237,test
ACC009238,test
ACC009239,train
ACC009240,test
ACC009241,train
ACC009242,train
ACC009243,train
ACC009244,train
ACC009245,train
ACC009246,train
ACC009247,test
ACC009248,train
ACC009249,test
ACC009250,test
ACC009251,train
ACC009252,train
ACC009253,train
ACC009254,train
ACC009255,train
ACC009256,train
ACC009257,train
ACC009258,train
ACC009259,test
ACC009260,train
ACC009261,train
ACC009262,train
ACC009263,train
ACC009264,test
ACC009265,train
ACC009266,train
ACC009267,train
ACC009268,train
ACC009269,test
ACC009270,test
ACC009271,train
ACC009272,train
ACC009273,train
ACC009274,train
ACC009275,train
ACC009276,train
ACC009277,train
ACC009278,train
ACC009279,test
ACC009280,train
ACC009281,train
ACC009282,train
ACC009283,train
ACC009284,train
ACC009285,train
ACC009286,train
ACC009287,train
ACC009288,train
ACC009289,train
ACC009290,test
ACC009291,train
ACC009292,train
ACC009293,test
ACC009294,test
ACC009295,train
ACC009296,train
ACC009297,train
ACC009298,test
ACC009299,train
ACC009300,train
ACC009301,train
ACC009302,train
ACC009303,train
ACC009304,train
ACC009305,train
ACC009306,train
ACC009307,train
ACC009308,train
ACC009309,train
ACC009310,test
ACC009311,train
ACC009312,train
ACC009313,train
ACC009314,train
ACC009315,train
ACC009316,train
ACC009317,train
ACC009318,train
ACC009319,test
ACC009320,train
ACC009321,train
ACC009322,train
ACC009323,test
ACC009324,train
ACC009325,train
ACC009326,train
ACC009327,test
ACC009328,train
ACC009329,train
ACC009330,train
ACC009331,test
ACC009332,train
ACC009333,test
ACC009334,train
ACC009335,train
ACC009336,train
ACC009337,test
ACC009338,train
ACC009339,test
ACC009340,train
ACC009341,test
ACC009342,train
ACC009343,train
ACC009344,train
ACC009345,train
ACC009346,train
ACC009347,train
ACC009348,train
ACC009349,test
ACC009350,train
ACC009351,train
ACC009352,test
ACC009353,train
ACC009354,train
ACC009355,train
ACC009356,train
ACC009357,train
ACC009358,train
ACC009359,train
ACC009360,train
ACC009361,train
ACC009362,train
ACC009363,train
ACC009364,train
ACC009365,test
ACC009366,train
ACC009367,test
ACC009368,test
ACC009369,test
ACC009370,train
ACC009371,train
ACC009372,train
ACC009373,train
ACC009374,train
ACC009375,test
ACC009376,test
ACC009377,test
ACC009378,test
ACC009379,train
ACC009380,train
ACC009381,train
ACC009382,test
ACC009383,train
ACC009384,test
ACC009385,test
ACC009386,test
ACC009387,train
ACC009388,test
ACC009389,test
ACC009390,test
ACC009391,train
ACC009392,train
ACC009393,test
ACC009394,test
ACC009395,train
ACC009396,train
ACC009397,train
ACC009398,train
ACC009399,train
ACC009400,test
ACC009401,train
ACC009402,train
ACC009403,train
ACC009404,train
ACC009405,train
ACC009406,train
ACC009407,test
ACC009408,test
ACC009409,train
ACC009410,train
ACC009411,train
ACC009412,train
ACC009413,test
ACC009414,train
ACC009415,train
ACC009416,train
ACC009417,train
ACC009418,train
ACC009419,train
ACC009420,train
ACC009421,test
ACC009422,train
ACC009423,train
ACC009424,train
ACC009425,train
ACC009426,train
ACC009427,test
ACC009428,train
ACC009429,train
ACC009430,train
ACC009431,test
ACC009432,train
ACC009433,train
ACC009434,train
ACC009435,train
ACC009436,train
ACC009437,train
ACC009438,test
ACC009439,train
ACC009440,train
ACC009441,train
ACC009442,train
ACC009443,train
ACC009444,test
ACC009445,train
ACC009446,test
ACC009447,test
ACC009448,train
ACC009449,train
ACC009450,test
ACC009451,train
ACC009452,train
ACC009453,train
ACC009454,train
ACC009455,train
ACC009456,train
ACC009457,train
ACC009458,train
ACC009459,train
ACC009460,train
ACC009461,train
ACC009462,test
ACC009463,train
ACC009464,test
ACC009465,test
ACC009466,train
ACC009467,train
ACC009468,train
ACC009469,train
ACC009470,train
ACC009471,train
ACC009472,train
ACC009473,train
ACC009474,train
ACC009475,train
ACC009476,train
ACC009477,test
ACC009478,test
ACC009479,test
ACC009480,train
ACC009481,train
ACC009482,train
ACC009483,train
ACC009484,train
ACC009485,test
ACC009486,train
ACC009487,test
ACC009488,train
ACC009489,train
ACC009490,test
ACC009491,train
ACC009492,train
ACC009493,test
ACC009494,train
ACC009495,train
ACC009496,test
ACC009497,train
ACC009498,test
ACC009499,train
ACC009500,train
ACC009501,train
ACC009502,test
ACC009503,train
ACC009504,train
ACC009505,train
ACC009506,test
ACC009507,train
ACC009508,test
ACC009509,train
ACC009510,train
ACC009511,train
ACC009512,train
ACC009513,test
ACC009514,train
ACC009515,train
ACC009516,train
ACC009517,train
ACC009518,train
ACC009519,train
ACC009520,test
ACC009521,train
ACC009522,train
ACC009523,train
ACC009524,test
ACC009525,test
ACC009526,train
ACC009527,train
ACC009528,train
ACC009529,train
ACC009530,test
ACC009531,train
ACC009532,train
ACC009533,train
ACC009534,train
ACC009535,train
ACC009536,train
ACC009537,train
ACC009538,test
ACC009539,train
ACC009540,train
ACC009541,test
ACC009542,test
ACC009543,test
ACC009544,train
ACC009545,train
ACC009546,test
ACC009547,train
ACC009548,train
ACC009549,test
ACC009550,train
ACC009551,test
ACC009552,train
ACC009553,test
ACC009554,test
ACC009555,test
ACC009556,test
ACC009557,train
ACC009558,train
ACC009559,train
ACC009560,test
ACC009561,train
ACC009562,train
ACC009563,test
ACC009564,train
ACC009565,train
ACC009566,test
ACC009567,train
ACC009568,test
ACC009569,train
ACC009570,train
ACC009571,train
ACC009572,test
ACC009573,train
ACC009574,train
ACC009575,test
ACC009576,train
ACC009577,train
ACC009578,train
ACC009579,train
ACC009580,train
ACC009581,train
ACC009582,train
ACC009583,train
ACC009584,train
ACC009585,train
ACC009586,train
ACC009587,train
ACC009588,train
ACC009589,train
ACC009590,test
ACC009591,train
ACC009592,test
ACC009593,train
ACC009594,test
ACC009595,test
ACC009596,train
ACC009597,test
ACC009598,train
ACC009599,train
ACC009600,train
ACC009601,train
ACC009602,test
ACC009603,train
ACC009604,train
ACC009605,train
ACC009606,train
ACC009607,train
ACC009608,train
ACC009609,train
ACC009610,test
ACC009611,test
ACC009612,train
ACC009613,train
ACC009614,train
ACC009615,train
ACC009616,test
ACC009617,test
ACC009618,test
ACC009619,train
ACC009620,test
ACC009621,test
ACC009622,test
ACC009623,train
ACC009624,train
ACC009625,test
ACC009626,train
ACC009627,train
ACC009628,test
ACC009629,train
ACC009630,train
ACC009631,train
ACC009632,train
ACC009633,train
ACC009634,test
ACC009635,train
ACC009636,train
ACC009637,test
ACC009638,train
ACC009639,test
ACC009640,train
ACC009641,test
ACC009642,train
ACC009643,test
ACC009644,test
ACC009645,train
ACC009646,test
ACC009647,train
ACC009648,train
ACC009649,train
ACC009650,train
ACC009651,train
ACC009652,test
ACC009653,train
ACC009654,train
ACC009655,test
ACC009656,train
ACC009657,train
ACC009658,test
ACC009659,train
ACC009660,test
ACC009661,train
ACC009662,train
ACC009663,train
ACC009664,train
ACC009665,train
ACC009666,train
ACC009667,train
ACC009668,train
ACC009669,train
ACC009670,test
ACC009671,train
ACC009672,train
ACC009673,test
ACC009674,train
ACC009675,test
ACC009676,train
ACC009677,train
ACC009678,train
ACC009679,train
ACC009680,train
ACC009681,train
ACC009682,train
ACC009683,train
ACC009684,train
ACC009685,train
ACC009686,train
ACC009687,test
ACC009688,test
ACC009689,test
ACC009690,test
ACC009691,train
ACC009692,test
ACC009693,train
ACC009694,train
ACC009695,test
ACC009696,train
ACC009697,train
ACC009698,train
ACC009699,train
ACC009700,test
ACC009701,train
ACC009702,train
ACC009703,test
ACC009704,train
ACC009705,train
ACC009706,train
ACC009707,train
ACC009708,train
ACC009709,test
ACC009710,train
ACC009711,train
ACC009712,train
ACC009713,test
ACC009714,test
ACC009715,train
ACC009716,train
ACC009717,train
ACC009718,train
ACC009719,train
ACC009720,test
ACC009721,train
ACC009722,train
ACC009723,train
ACC009724,train
ACC009725,train
ACC009726,train
ACC009727,train
ACC009728,train
ACC009729,test
ACC009730,train
ACC009731,train
ACC009732,train
ACC009733,train
ACC009734,train
ACC009735,train
ACC009736,train
ACC009737,train
ACC009738,train
ACC009739,train
ACC009740,train
ACC009741,test
ACC009742,train
ACC009743,test
ACC009744,train
ACC009745,train
ACC009746,test
ACC009747,test
ACC009748,test
ACC009749,train
ACC009750,train
ACC009751,test
ACC009752,train
ACC009753,test
ACC009754,test
ACC009755,train
ACC009756,train
ACC009757,train
ACC009758,train
ACC009759,test
ACC009760,train
ACC009761,train
ACC009762,train
ACC009763,train
ACC009764,train
ACC009765,train
ACC009766,train
ACC009767,test
ACC009768,train
ACC009769,train
ACC009770,test
ACC009771,test
ACC009772,train
ACC009773,test
ACC009774,test
ACC009775,train
ACC009776,test
ACC009777,train
ACC009778,train
ACC009779,test
ACC009780,train
ACC009781,train
ACC009782,train
ACC009783,train
ACC009784,train
ACC009785,train
ACC009786,train
ACC009787,train
ACC009788,train
ACC009789,train
ACC009790,test
ACC009791,test
ACC009792,train
ACC009793,test
ACC009794,train
ACC009795,test
ACC009796,train
ACC009797,train
ACC009798,train
ACC009799,test
ACC009800,test
ACC009801,train
ACC009802,train
ACC009803,test
ACC009804,train
ACC009805,train
ACC009806,train
ACC009807,test
ACC009808,train
ACC009809,train
ACC009810,train
ACC009811,test
ACC009812,train
ACC009813,train
ACC009814,train
ACC009815,train
ACC009816,train
ACC009817,test
ACC009818,train
ACC009819,train
ACC009820,test
ACC009821,train
ACC009822,test
ACC009823,test
ACC009824,train
ACC009825,train
ACC009826,test
ACC009827,train
ACC009828,train
ACC009829,test
ACC009830,train
ACC009831,train
ACC009832,train
ACC009833,train
ACC009834,train
ACC009835,train
ACC009836,train
ACC009837,train
ACC009838,train
ACC009839,train
ACC009840,test
ACC009841,train
ACC009842,train
ACC009843,train
ACC009844,train
ACC009845,train
ACC009846,train
ACC009847,test
ACC009848,train
ACC009849,train
ACC009850,train
ACC009851,train
ACC009852,train
ACC009853,train
ACC009854,train
ACC009855,test
ACC009856,train
ACC009857,train
ACC009858,train
ACC009859,train
ACC009860,train
ACC009861,train
ACC009862,train
ACC009863,test
ACC009864,test
ACC009865,train
ACC009866,train
ACC009867,train
ACC009868,test
ACC009869,train
ACC009870,train
ACC009871,test
ACC009872,train
ACC009873,test
ACC009874,train
ACC009875,train
ACC009876,train
ACC009877,test
ACC009878,train
ACC009879,test
ACC009880,train
ACC009881,train
ACC009882,train
ACC009883,train
ACC009884,test
ACC009885,train
ACC009886,train
ACC009887,test
ACC009888,test
ACC009889,train
ACC009890,test
ACC009891,train
ACC009892,train
ACC009893,train
ACC009894,train
ACC009895,train
ACC009896,test
ACC009897,train
ACC009898,test
ACC009899,train
ACC009900,train
ACC009901,train
ACC009902,train
ACC009903,train
ACC009904,train
ACC009905,test
ACC009906,train
ACC009907,train
ACC009908,train
ACC009909,train
ACC009910,test
ACC009911,test
ACC009912,train
ACC009913,train
ACC009914,train
ACC009915,train
ACC009916,train
ACC009917,train
ACC009918,train
ACC009919,train
ACC009920,train
ACC009921,train
ACC009922,test
ACC009923,test
ACC009924,train
ACC009925,train
ACC009926,train
ACC009927,train
ACC009928,test
ACC009929,train
ACC009930,train
ACC009931,train
ACC009932,train
ACC009933,test
ACC009934,test
ACC009935,train
ACC009936,train
ACC009937,test
ACC009938,train
ACC009939,train
ACC009940,test
ACC009941,train
ACC009942,test
ACC009943,train
ACC009944,train
ACC009945,train
ACC009946,train
ACC009947,train
ACC009948,train
ACC009949,train
ACC009950,train
ACC009951,train
ACC009952,train
ACC009953,train
ACC009954,train
ACC009955,test
ACC009956,train
ACC009957,test
ACC009958,train
ACC009959,train
ACC009960,train
ACC009961,train
ACC009962,test
ACC009963,train
ACC009964,train
ACC009965,train
ACC009966,test
ACC009967,train
ACC009968,test
ACC009969,train
ACC009970,train
ACC009971,train
ACC009972,train
ACC009973,train
ACC009974,train
ACC009975,train
ACC009976,test
ACC009977,train
ACC009978,train
ACC009979,test
ACC009980,train
ACC009981,train
ACC009982,train
ACC009983,train
ACC009984,train
ACC009985,train
ACC009986,train
ACC009987,train
ACC009988,train
ACC009989,train
ACC009990,train
ACC009991,train
ACC009992,train
ACC009993,train
ACC009994,train
ACC009995,test
ACC009996,train
ACC009997,train
ACC009998,train
ACC009999,train
ACC010000,train
ACC010001,train
ACC010002,train
ACC010003,train
ACC010004,train
ACC010005,test
ACC010006,test
ACC010007,train
ACC010008,train
ACC010009,train
ACC010010,test
ACC010011,train
ACC010012,train
ACC010013,train
ACC010014,train
ACC010015,train
ACC010016,test
ACC010017,train
ACC010018,train
ACC010019,train
ACC010020,train
ACC010021,train
ACC010022,train
ACC010023,train
ACC010024,train
ACC010025,train
ACC010026,train
ACC010027,train
ACC010028,train
ACC010029,test
ACC010030,train
ACC010031,train
ACC010032,test
ACC010033,train
ACC010034,train
ACC010035,train
ACC010036,train
ACC010037,train
ACC010038,train
ACC010039,train
ACC010040,train
ACC010041,train
ACC010042,train
ACC010043,test
ACC010044,test
ACC010045,train
ACC010046,train
ACC010047,train
ACC010048,train
ACC010049,train
ACC010050,test
ACC010051,train
ACC010052,test
ACC010053,test
ACC010054,train
ACC010055,test
ACC010056,train
ACC010057,test
ACC010058,train
ACC010059,test
ACC010060,train
ACC010061,train
ACC010062,train
ACC010063,train
ACC010064,train
ACC010065,test
ACC010066,train
ACC010067,train
ACC010068,train
ACC010069,test
ACC010070,train
ACC010071,test
ACC010072,train
ACC010073,train
ACC010074,train
ACC010075,train
ACC010076,train
ACC010077,train
ACC010078,test
ACC010079,train
ACC010080,train
ACC010081,train
ACC010082,train
ACC010083,train
ACC010084,train
ACC010085,train
ACC010086,test
ACC010087,test
ACC010088,test
ACC010089,train
ACC010090,test
ACC010091,train
ACC010092,test
ACC010093,train
ACC010094,train
ACC010095,test
ACC010096,train
ACC010097,test
ACC010098,train
ACC010099,test
ACC010100,train
ACC010101,train
ACC010102,train
ACC010103,train
ACC010104,test
ACC010105,train
ACC010106,train
ACC010107,train
ACC010108,train
ACC010109,train
ACC010110,test
ACC010111,test
ACC010112,test
ACC010113,test
ACC010114,test
ACC010115,test
ACC010116,test
ACC010117,train
ACC010118,train
ACC010119,train
ACC010120,train
ACC010121,train
ACC010122,train
ACC010123,train
ACC010124,train
ACC010125,train
ACC010126,train
ACC010127,test
ACC010128,train
ACC010129,train
ACC010130,train
ACC010131,test
ACC010132,train
ACC010133,train
ACC010134,train
ACC010135,train
ACC010136,train
ACC010137,test
ACC010138,train
ACC010139,train
ACC010140,test
ACC010141,test
ACC010142,train
ACC010143,train
ACC010144,train
ACC010145,train
ACC010146,train
ACC010147,train
ACC010148,train
ACC010149,test
ACC010150,test
ACC010151,train
ACC010152,test
ACC010153,train
ACC010154,test
ACC010155,train
ACC010156,test
ACC010157,train
ACC010158,train
ACC010159,train
ACC010160,test
ACC010161,train
ACC010162,train
ACC010163,train
ACC010164,test
ACC010165,train
ACC010166,test
ACC010167,train
ACC010168,train
ACC010169,train
ACC010170,train
ACC010171,test
ACC010172,train
ACC010173,train
ACC010174,train
ACC010175,train
ACC010176,train
ACC010177,train
ACC010178,train
ACC010179,train
ACC010180,train
ACC010181,train
ACC010182,train
ACC010183,train
ACC010184,train
ACC010185,test
ACC010186,test
ACC010187,train
ACC010188,train
ACC010189,train
ACC010190,train
ACC010191,train
ACC010192,test
ACC010193,train
ACC010194,test
ACC010195,train
ACC010196,train
ACC010197,test
ACC010198,train
ACC010199,test
ACC010200,train
ACC010201,train
ACC010202,train
ACC010203,train
ACC010204,train
ACC010205,train
ACC010206,train
ACC010207,train
ACC010208,train
ACC010209,train
ACC010210,train
ACC010211,train
ACC010212,test
ACC010213,train
ACC010214,train
ACC010215,train
ACC010216,train
ACC010217,train
ACC010218,test
ACC010219,train
ACC010220,test
ACC010221,train
ACC010222,train
ACC010223,train
ACC010224,train
ACC010225,test
ACC010226,train
ACC010227,train
ACC010228,train
ACC010229,train
ACC010230,test
ACC010231,test
ACC010232,train
ACC010233,train
ACC010234,train
ACC010235,test
ACC010236,train
ACC010237,train
ACC010238,train
ACC010239,train
ACC010240,train
ACC010241,train
ACC010242,train
ACC010243,train
ACC010244,test
ACC010245,train
ACC010246,train
ACC010247,train
ACC010248,test
ACC010249,train
ACC010250,train
ACC010251,train
ACC010252,train
ACC010253,train
ACC010254,train
ACC010255,test
ACC010256,train
ACC010257,test
ACC010258,train
ACC010259,train
ACC010260,train
ACC010261,train
ACC010262,test
ACC010263,test
ACC010264,train
ACC010265,test
ACC010266,train
ACC010267,train
ACC010268,train
ACC010269,test
ACC010270,train
ACC010271,train
ACC010272,train
ACC010273,test
ACC010274,train
ACC010275,train
ACC010276,train
ACC010277,train
ACC010278,train
ACC010279,train
ACC010280,train
ACC010281,test
ACC010282,train
ACC010283,train
ACC010284,train
ACC010285,train
ACC010286,train
ACC010287,train
ACC010288,test
ACC010289,train
ACC010290,train
ACC010291,train
ACC010292,train
ACC010293,train
ACC010294,train
ACC010295,train
ACC010296,train
ACC010297,test
ACC010298,train
ACC010299,train
ACC010300,train
ACC010301,train
ACC010302,test
ACC010303,train
ACC010304,train
ACC010305,test
ACC010306,train
ACC010307,train
ACC010308,train
ACC010309,train
ACC010310,train
ACC010311,test
ACC010312,train
ACC010313,train
ACC010314,train
ACC010315,train
ACC010316,train
ACC010317,test
ACC010318,train
ACC010319,test
ACC010320,train
ACC010321,train
ACC010322,train
ACC010323,train
ACC010324,train
ACC010325,train
ACC010326,train
ACC010327,test
ACC010328,train
ACC010329,train
ACC010330,test
ACC010331,train
ACC010332,train
ACC010333,train
ACC010334,train
ACC010335,train
ACC010336,test
ACC010337,train
ACC010338,train
ACC010339,train
ACC010340,train
ACC010341,train
ACC010342,test
ACC010343,train
ACC010344,train
ACC010345,train
ACC010346,train
ACC010347,test
ACC010348,train
ACC010349,train
ACC010350,train
ACC010351,train
ACC010352,test
ACC010353,train
ACC010354,train
ACC010355,train
ACC010356,test
ACC010357,train
ACC010358,train
ACC010359,train
ACC010360,test
ACC010361,test
ACC010362,train
ACC010363,train
ACC010364,train
ACC010365,train
ACC010366,test
ACC010367,train
ACC010368,train
ACC010369,train
ACC010370,train
ACC010371,train
ACC010372,train
ACC010373,train
ACC010374,test
ACC010375,test
ACC010376,train
ACC010377,test
ACC010378,train
ACC010379,train
ACC010380,train
ACC010381,test
ACC010382,test
ACC010383,train
ACC010384,train
ACC010385,train
ACC010386,train
ACC010387,train
ACC010388,train
ACC010389,train
ACC010390,test
ACC010391,train
ACC010392,train
ACC010393,train
ACC010394,train
ACC010395,train
ACC010396,test
ACC010397,train
ACC010398,train
ACC010399,train
ACC010400,train
ACC010401,test
ACC010402,test
ACC010403,train
ACC010404,test
ACC010405,train
ACC010406,train
ACC010407,train
ACC010408,train
ACC010409,train
ACC010410,train
ACC010411,train
ACC010412,test
ACC010413,train
ACC010414,train
ACC010415,train
ACC010416,train
ACC010417,train
ACC010418,train
ACC010419,train
ACC010420,train
ACC010421,train
ACC010422,train
ACC010423,train
ACC010424,test
ACC010425,train
ACC010426,train
ACC010427,train
ACC010428,test
ACC010429,test
ACC010430,test
ACC010431,train
ACC010432,test
ACC010433,train
ACC010434,train
ACC010435,train
ACC010436,test
ACC010437,train
ACC010438,train
ACC010439,test
ACC010440,test
ACC010441,test
ACC010442,train
ACC010443,test
ACC010444,train
ACC010445,test
ACC010446,train
ACC010447,train
ACC010448,train
ACC010449,test
ACC010450,train
ACC010451,train
ACC010452,test
ACC010453,train
ACC010454,train
ACC010455,train
ACC010456,train
ACC010457,train
ACC010458,train
ACC010459,train
ACC010460,train
ACC010461,train
ACC010462,test
ACC010463,train
ACC010464,train
ACC010465,train
ACC010466,train
ACC010467,train
ACC010468,train
ACC010469,train
ACC010470,train
ACC010471,train
ACC010472,test
ACC010473,train
ACC010474,train
ACC010475,train
ACC010476,test
ACC010477,test
ACC010478,test
ACC010479,train
ACC010480,test
ACC010481,train
ACC010482,train
ACC010483,train
ACC010484,train
ACC010485,train
ACC010486,train
ACC010487,train
ACC010488,test
ACC010489,train
ACC010490,train
ACC010491,train
ACC010492,train
ACC010493,test
ACC010494,train
ACC010495,train
ACC010496,train
ACC010497,test
ACC010498,train
ACC010499,train
ACC010500,train
ACC010501,train
ACC010502,train
ACC010503,train
ACC010504,test
ACC010505,train
ACC010506,train
ACC010507,train
ACC010508,test
ACC010509,train
ACC010510,train
ACC010511,train
ACC010512,train
ACC010513,test
ACC010514,train
ACC010515,train
ACC010516,train
ACC010517,train
ACC010518,train
ACC010519,train
ACC010520,train
ACC010521,train
ACC010522,test
ACC010523,train
ACC010524,train
ACC010525,test
ACC010526,train
ACC010527,train
ACC010528,train
ACC010529,train
ACC010530,train
ACC010531,train
ACC010532,train
ACC010533,train
ACC010534,test
ACC010535,train
ACC010536,train
ACC010537,train
ACC010538,train
ACC010539,train
ACC010540,train
ACC010541,train
ACC010542,train
ACC010543,test
ACC010544,train
ACC010545,train
ACC010546,train
ACC010547,train
ACC010548,train
ACC010549,train
ACC010550,train
ACC010551,test
ACC010552,train
ACC010553,train
ACC010554,test
ACC010555,train
ACC010556,test
ACC010557,test
ACC010558,train
ACC010559,train
ACC010560,test
ACC010561,test
ACC010562,train
ACC010563,train
ACC010564,train
ACC010565,train
ACC010566,train
ACC010567,train
ACC010568,test
ACC010569,train
ACC010570,train
ACC010571,test
ACC010572,train
ACC010573,train
ACC010574,train
ACC010575,train
ACC010576,train
ACC010577,train
ACC010578,test
ACC010579,train
ACC010580,test
ACC010581,train
ACC010582,train
ACC010583,train
ACC010584,train
ACC010585,test
ACC010586,train
ACC010587,test
ACC010588,test
ACC010589,train
ACC010590,train
ACC010591,test
ACC010592,train
ACC010593,train
ACC010594,train
ACC010595,train
ACC010596,test
ACC010597,train
ACC010598,train
ACC010599,test
ACC010600,train
ACC010601,train
ACC010602,train
ACC010603,train
ACC010604,train
ACC010605,train
ACC010606,test
ACC010607,train
ACC010608,train
ACC010609,train
ACC010610,train
ACC010611,train
ACC010612,train
ACC010613,train
ACC010614,train
ACC010615,test
ACC010616,train
ACC010617,train
ACC010618,train
ACC010619,train
ACC010620,train
ACC010621,train
ACC010622,train
ACC010623,test
ACC010624,test
ACC010625,train
ACC010626,train
ACC010627,train
ACC010628,test
ACC010629,train
ACC010630,train
ACC010631,train
ACC010632,train
ACC010633,test
ACC010634,train
ACC010635,train
ACC010636,train
ACC010637,train
ACC010638,train
ACC010639,train
ACC010640,train
ACC010641,train
ACC010642,test
ACC010643,test
ACC010644,train
ACC010645,train
ACC010646,train
ACC010647,train
ACC010648,train
ACC010649,train
ACC010650,test
ACC010651,train
ACC010652,train
ACC010653,train
ACC010654,train
ACC010655,test
ACC010656,test
ACC010657,test
ACC010658,train
ACC010659,train
ACC010660,train
ACC010661,train
ACC010662,train
ACC010663,test
ACC010664,train
ACC010665,test
ACC010666,train
ACC010667,train
ACC010668,train
ACC010669,train
ACC010670,train
ACC010671,train
ACC010672,test
ACC010673,train
ACC010674,train
ACC010675,train
ACC010676,train
ACC010677,train
ACC010678,train
ACC010679,test
ACC010680,train
ACC010681,train
ACC010682,test
ACC010683,train
ACC010684,train
ACC010685,train
ACC010686,test
ACC010687,train
ACC010688,test
ACC010689,train
ACC010690,train
ACC010691,train
ACC010692,train
ACC010693,train
ACC010694,test
ACC010695,train
ACC010696,train
ACC010697,train
ACC010698,test
ACC010699,train
ACC010700,train
ACC010701,train
ACC010702,train
ACC010703,train
ACC010704,test
ACC010705,train
ACC010706,test
ACC010707,train
ACC010708,train
ACC010709,test
ACC010710,train
ACC010711,train
ACC010712,test
ACC010713,train
ACC010714,train
ACC010715,train
ACC010716,test
ACC010717,train
ACC010718,test
ACC010719,train
ACC010720,test
ACC010721,train
ACC010722,train
ACC010723,train
ACC010724,train
ACC010725,train
ACC010726,train
ACC010727,train
ACC010728,train
ACC010729,train
ACC010730,train
ACC010731,train
ACC010732,train
ACC010733,train
ACC010734,train
ACC010735,train
ACC010736,train
ACC010737,train
ACC010738,train
ACC010739,test
ACC010740,train
ACC010741,train
ACC010742,train
ACC010743,train
ACC010744,train
ACC010745,test
ACC010746,train
ACC010747,train
ACC010748,test
ACC010749,train
ACC010750,train
ACC010751,test
ACC010752,test
ACC010753,train
ACC010754,train
ACC010755,train
ACC010756,train
ACC010757,train
ACC010758,test
ACC010759,train
ACC010760,train
ACC010761,test
ACC010762,train
ACC010763,train
ACC010764,train
ACC010765,train
ACC010766,train
ACC010767,train
ACC010768,train
ACC010769,train
ACC010770,train
ACC010771,train
ACC010772,train
ACC010773,test
ACC010774,train
ACC010775,train
ACC010776,train
ACC010777,train
ACC010778,train
ACC010779,test
ACC010780,train
ACC010781,train
ACC010782,train
ACC010783,train
ACC010784,train
ACC010785,train
ACC010786,train
ACC010787,train
ACC010788,train
ACC010789,train
ACC010790,train
ACC010791,test
ACC010792,train
ACC010793,test
ACC010794,train
ACC010795,train
ACC010796,train
ACC010797,train
ACC010798,test
ACC010799,train
ACC010800,train
ACC010801,train
ACC010802,train
ACC010803,train
ACC010804,train
ACC010805,test
ACC010806,train
ACC010807,train
ACC010808,train
ACC010809,test
ACC010810,train
ACC010811,train
ACC010812,test
ACC010813,test
ACC010814,test
ACC010815,test
ACC010816,train
ACC010817,test
ACC010818,train
ACC010819,train
ACC010820,train
ACC010821,train
ACC010822,train
ACC010823,train
ACC010824,test
ACC010825,train
ACC010826,train
ACC010827,train
ACC010828,train
ACC010829,train
ACC010830,train
ACC010831,train
ACC010832,train
ACC010833,test
ACC010834,test
ACC010835,train
ACC010836,train
ACC010837,train
ACC010838,train
ACC010839,train
ACC010840,test
ACC010841,train
ACC010842,train
ACC010843,train
ACC010844,test
ACC010845,train
ACC010846,train
ACC010847,train
ACC010848,train
ACC010849,train
ACC010850,train
ACC010851,test
ACC010852,train
ACC010853,train
ACC010854,train
ACC010855,test
ACC010856,train
ACC010857,train
ACC010858,test
ACC010859,train
ACC010860,train
ACC010861,test
ACC010862,train
ACC010863,train
ACC010864,test
ACC010865,train
ACC010866,test
ACC010867,train
ACC010868,train
ACC010869,train
ACC010870,train
ACC010871,train
ACC010872,test
ACC010873,train
ACC010874,train
ACC010875,train
ACC010876,train
ACC010877,train
ACC010878,test
ACC010879,train
ACC010880,train
ACC010881,test
ACC010882,test
ACC010883,train
ACC010884,train
ACC010885,train
ACC010886,train
ACC010887,train
ACC010888,train
ACC010889,train
ACC010890,train
ACC010891,test
ACC010892,train
ACC010893,train
ACC010894,train
ACC010895,train
ACC010896,train
ACC010897,train
ACC010898,test
ACC010899,train
ACC010900,train
ACC010901,train
ACC010902,train
ACC010903,train
ACC010904,train
ACC010905,train
ACC010906,test
ACC010907,train
ACC010908,train
ACC010909,test
ACC010910,train
ACC010911,train
ACC010912,train
ACC010913,test
ACC010914,train
ACC010915,test
ACC010916,test
ACC010917,train
ACC010918,test
ACC010919,train
ACC010920,train
ACC010921,train
ACC010922,train
ACC010923,test
ACC010924,train
ACC010925,train
ACC010926,train
ACC010927,test
ACC010928,train
ACC010929,train
ACC010930,test
ACC010931,train
ACC010932,test
ACC010933,train
ACC010934,train
ACC010935,train
ACC010936,train
ACC010937,train
ACC010938,train
ACC010939,train
ACC010940,train
ACC010941,test
ACC010942,train
ACC010943,train
ACC010944,test
ACC010945,train
ACC010946,train
ACC010947,test
ACC010948,train
ACC010949,train
ACC010950,test
ACC010951,test
ACC010952,train
ACC010953,train
ACC010954,train
ACC010955,test
ACC010956,train
ACC010957,train
ACC010958,test
ACC010959,train
ACC010960,train
ACC010961,test
ACC010962,train
ACC010963,train
ACC010964,train
ACC010965,test
ACC010966,test
ACC010967,train
ACC010968,train
ACC010969,train
ACC010970,train
ACC010971,train
ACC010972,train
ACC010973,test
ACC010974,train
ACC010975,train
ACC010976,train
ACC010977,train
ACC010978,train
ACC010979,train
ACC010980,test
ACC010981,test
ACC010982,train
ACC010983,test
ACC010984,train
ACC010985,train
ACC010986,train
ACC010987,train
ACC010988,train
ACC010989,train
ACC010990,train
ACC010991,test
ACC010992,train
ACC010993,train
ACC010994,train
ACC010995,train
ACC010996,train
ACC010997,train
ACC010998,test
ACC010999,test
ACC011000,train
ACC011001,train
ACC011002,train
ACC011003,train
ACC011004,train
ACC011005,train
ACC011006,test
ACC011007,test
ACC011008,train
ACC011009,test
ACC011010,train
ACC011011,train
ACC011012,test
ACC011013,test
ACC011014,train
ACC011015,train
ACC011016,test
ACC011017,train
ACC011018,train
ACC011019,test
ACC011020,train
ACC011021,train
ACC011022,test
ACC011023,test
ACC011024,train
ACC011025,test
ACC011026,train
ACC011027,train
ACC011028,train
ACC011029,train
ACC011030,test
ACC011031,test
ACC011032,test
ACC011033,test
ACC011034,test
ACC011035,train
ACC011036,train
ACC011037,train
ACC011038,test
ACC011039,train
ACC011040,train
ACC011041,train
ACC011042,train
ACC011043,test
ACC011044,test
ACC011045,train
ACC011046,train
ACC011047,train
ACC011048,test
ACC011049,train
ACC011050,train
ACC011051,train
ACC011052,train
ACC011053,train
ACC011054,train
ACC011055,train
ACC011056,test
ACC011057,train
ACC011058,train
ACC011059,train
ACC011060,train
ACC011061,train
ACC011062,train
ACC011063,train
ACC011064,train
ACC011065,test
ACC011066,train
ACC011067,train
ACC011068,train
ACC011069,train
ACC011070,train
ACC011071,test
ACC011072,train
ACC011073,test
ACC011074,train
ACC011075,train
ACC011076,test
ACC011077,train
ACC011078,train
ACC011079,test
ACC011080,train
ACC011081,train
ACC011082,train
ACC011083,train
ACC011084,train
ACC011085,train
ACC011086,train
ACC011087,train
ACC011088,train
ACC011089,test
ACC011090,train
ACC011091,test
ACC011092,train
ACC011093,test
ACC011094,train
ACC011095,train
ACC011096,train
ACC011097,train
ACC011098,test
ACC011099,test
ACC011100,train
ACC011101,test
ACC011102,test
ACC011103,train
ACC011104,train
ACC011105,train
ACC011106,train
ACC011107,test
ACC011108,test
ACC011109,train
ACC011110,test
ACC011111,train
ACC011112,test
ACC011113,test
ACC011114,train
ACC011115,train
ACC011116,train
ACC011117,test
ACC011118,train
ACC011119,train
ACC011120,train
ACC011121,test
ACC011122,test
ACC011123,test
ACC011124,train
ACC011125,train
ACC011126,train
ACC011127,train
ACC011128,train
ACC011129,train
ACC011130,test
ACC011131,test
ACC011132,train
ACC011133,train
ACC011134,test
ACC011135,train
ACC011136,train
ACC011137,train
ACC011138,train
ACC011139,train
ACC011140,train
ACC011141,train
ACC011142,train
ACC011143,train
ACC011144,test
ACC011145,train
ACC011146,train
ACC011147,test
ACC011148,train
ACC011149,test
ACC011150,train
ACC011151,train
ACC011152,train
ACC011153,test
ACC011154,train
ACC011155,train
ACC011156,train
ACC011157,train
ACC011158,train
ACC011159,test
ACC011160,test
ACC011161,test
ACC011162,train
ACC011163,train
ACC011164,train
ACC011165,train
ACC011166,test
ACC011167,train
ACC011168,train
ACC011169,train
ACC011170,train
ACC011171,train
ACC011172,test
ACC011173,train
ACC011174,train
ACC011175,train
ACC011176,train
ACC011177,train
ACC011178,train
ACC011179,test
ACC011180,test
ACC011181,train
ACC011182,train
ACC011183,train
ACC011184,train
ACC011185,train
ACC011186,train
ACC011187,train
ACC011188,train
ACC011189,train
ACC011190,test
ACC011191,test
ACC011192,train
ACC011193,train
ACC011194,train
ACC011195,test
ACC011196,test
ACC011197,train
ACC011198,train
ACC011199,train
ACC011200,test
ACC011201,train
ACC011202,train
ACC011203,train
ACC011204,train
ACC011205,train
ACC011206,train
ACC011207,train
ACC011208,train
ACC011209,train
ACC011210,train
ACC011211,test
ACC011212,train
ACC011213,train
ACC011214,train
ACC011215,test
ACC011216,train
ACC011217,train
ACC011218,train
ACC011219,train
ACC011220,train
ACC011221,train
ACC011222,train
ACC011223,train
ACC011224,train
ACC011225,train
ACC011226,test
ACC011227,test
ACC011228,train
ACC011229,test
ACC011230,train
ACC011231,train
ACC011232,train
ACC011233,test
ACC011234,train
ACC011235,test
ACC011236,train
ACC011237,train
ACC011238,train
ACC011239,train
ACC011240,train
ACC011241,train
ACC011242,train
ACC011243,test
ACC011244,test
ACC011245,train
ACC011246,test
ACC011247,train
ACC011248,test
ACC011249,train
ACC011250,train
ACC011251,train
ACC011252,train
ACC011253,test
ACC011254,train
ACC011255,test
ACC011256,train
ACC011257,train
ACC011258,train
ACC011259,test
ACC011260,test
ACC011261,train
ACC011262,test
ACC011263,train
ACC011264,train
ACC011265,test
ACC011266,test
ACC011267,train
ACC011268,test
ACC011269,train
ACC011270,train
ACC011271,train
ACC011272,test
ACC011273,test
ACC011274,test
ACC011275,train
ACC011276,train
ACC011277,test
ACC011278,train
ACC011279,test
ACC011280,train
ACC011281,test
ACC011282,train
ACC011283,train
ACC011284,test
ACC011285,train
ACC011286,test
ACC011287,train
ACC011288,test
ACC011289,train
ACC011290,test
ACC011291,train
ACC011292,test
ACC011293,test
ACC011294,train
ACC011295,train
ACC011296,train
ACC011297,test
ACC011298,test
ACC011299,train
ACC011300,train
ACC011301,train
ACC011302,test
ACC011303,train
ACC011304,train
ACC011305,train
ACC011306,train
ACC011307,train
ACC011308,train
ACC011309,test
ACC011310,train
ACC011311,train
ACC011312,test
ACC011313,train
ACC011314,train
ACC011315,train
ACC011316,test
ACC011317,train
ACC011318,train
ACC011319,train
ACC011320,train
ACC011321,train
ACC011322,train
ACC011323,train
ACC011324,test
ACC011325,test
ACC011326,train
ACC011327,train
ACC011328,train
ACC011329,train
ACC011330,train
ACC011331,train
ACC011332,test
ACC011333,test
ACC011334,train
ACC011335,train
ACC011336,train
ACC011337,test
ACC011338,train
ACC011339,train
ACC011340,test
ACC011341,train
ACC011342,train
ACC011343,test
ACC011344,train
ACC011345,train
ACC011346,train
ACC011347,train
ACC011348,test
ACC011349,test
ACC011350,train
ACC011351,train
ACC011352,train
ACC011353,train
ACC011354,train
ACC011355,train
ACC011356,train
ACC011357,train
ACC011358,train
ACC011359,train
ACC011360,test
ACC011361,train
ACC011362,train
ACC011363,train
ACC011364,train
ACC011365,train
ACC011366,train
ACC011367,test
ACC011368,train
ACC011369,train
ACC011370,test
ACC011371,train
ACC011372,test
ACC011373,train
ACC011374,train
ACC011375,train
ACC011376,train
ACC011377,train
ACC011378,test
ACC011379,test
ACC011380,train
ACC011381,test
ACC011382,test
ACC011383,test
ACC011384,train
ACC011385,train
ACC011386,train
ACC011387,test
ACC011388,train
ACC011389,train
ACC011390,test
ACC011391,train
ACC011392,train
ACC011393,test
ACC011394,train
ACC011395,train
ACC011396,test
ACC011397,train
ACC011398,test
ACC011399,test
ACC011400,train
ACC011401,train
ACC011402,train
ACC011403,test
ACC011404,test
ACC011405,train
ACC011406,train
ACC011407,train
ACC011408,train
ACC011409,test
ACC011410,train
ACC011411,train
ACC011412,train
ACC011413,train
ACC011414,train
ACC011415,train
ACC011416,train
ACC011417,train
ACC011418,train
ACC011419,train
ACC011420,train
ACC011421,train
ACC011422,train
ACC011423,test
ACC011424,train
ACC011425,train
ACC011426,train
ACC011427,train
ACC011428,train
ACC011429,train
ACC011430,train
ACC011431,train
ACC011432,train
ACC011433,test
ACC011434,test
ACC011435,train
ACC011436,train
ACC011437,train
ACC011438,test
ACC011439,train
ACC011440,train
ACC011441,train
ACC011442,train
ACC011443,train
ACC011444,test
ACC011445,train
ACC011446,test
ACC011447,train
ACC011448,train
ACC011449,train
ACC011450,test
ACC011451,test
ACC011452,train
ACC011453,train
ACC011454,train
ACC011455,train
ACC011456,test
ACC011457,test
ACC011458,train
ACC011459,train
ACC011460,train
ACC011461,test
ACC011462,test
ACC011463,train
ACC011464,test
ACC011465,train
ACC011466,train
ACC011467,train
ACC011468,test
ACC011469,train
ACC011470,train
ACC011471,train
ACC011472,test
ACC011473,train
ACC011474,train
ACC011475,test
ACC011476,train
ACC011477,train
ACC011478,test
ACC011479,train
ACC011480,train
ACC011481,train
ACC011482,test
ACC011483,train
ACC011484,train
ACC011485,test
ACC011486,test
ACC011487,test
ACC011488,train
ACC011489,train
ACC011490,train
ACC011491,train
ACC011492,train
ACC011493,train
ACC011494,train
ACC011495,test
ACC011496,train
ACC011497,test
ACC011498,test
ACC011499,train
ACC011500,train
ACC011501,train
ACC011502,train
ACC011503,test
ACC011504,train
ACC011505,test
ACC011506,train
ACC011507,test
ACC011508,train
ACC011509,train
ACC011510,train
ACC011511,train
ACC011512,train
ACC011513,train
ACC011514,train
ACC011515,train
ACC011516,test
ACC011517,train
ACC011518,test
ACC011519,train
ACC011520,train
ACC011521,train
ACC011522,test
ACC011523,train
ACC011524,test
ACC011525,train
ACC011526,train
ACC011527,train
ACC011528,test
ACC011529,test
ACC011530,train
ACC011531,test
ACC011532,train
ACC011533,test
ACC011534,train
ACC011535,test
ACC011536,test
ACC011537,train
ACC011538,train
ACC011539,test
ACC011540,test
ACC011541,train
ACC011542,train
ACC011543,train
ACC011544,test
ACC011545,train
ACC011546,test
ACC011547,train
ACC011548,train
ACC011549,train
ACC011550,train
ACC011551,train
ACC011552,train
ACC011553,test
ACC011554,train
ACC011555,train
ACC011556,test
ACC011557,train
ACC011558,train
ACC011559,train
ACC011560,train
ACC011561,train
ACC011562,train
ACC011563,train
ACC011564,train
ACC011565,test
ACC011566,train
ACC011567,test
ACC011568,train
ACC011569,train
ACC011570,train
ACC011571,train
ACC011572,train
ACC011573,train
ACC011574,train
ACC011575,train
ACC011576,train
ACC011577,test
ACC011578,train
ACC011579,train
ACC011580,train
ACC011581,train
ACC011582,train
ACC011583,train
ACC011584,train
ACC011585,train
ACC011586,train
ACC011587,train
ACC011588,train
ACC011589,train
ACC011590,train
ACC011591,train
ACC011592,train
ACC011593,train
ACC011594,train
ACC011595,train
ACC011596,train
ACC011597,test
ACC011598,test
ACC011599,train
ACC011600,train
ACC011601,train
ACC011602,train
ACC011603,train
ACC011604,train
ACC011605,test
ACC011606,test
ACC011607,test
ACC011608,train
ACC011609,test
ACC011610,test
ACC011611,test
ACC011612,test
ACC011613,train
ACC011614,test
ACC011615,test
ACC011616,train
ACC011617,train
ACC011618,test
ACC011619,train
ACC011620,train
ACC011621,train
ACC011622,train
ACC011623,test
ACC011624,test
ACC011625,train
ACC011626,train
ACC011627,train
ACC011628,train
ACC011629,test
ACC011630,train
ACC011631,train
ACC011632,train
ACC011633,test
ACC011634,train
ACC011635,train
ACC011636,train
ACC011637,train
ACC011638,test
ACC011639,train
ACC011640,train
ACC011641,train
ACC011642,test
ACC011643,test
ACC011644,test
ACC011645,train
ACC011646,train
ACC011647,train
ACC011648,test
ACC011649,train
ACC011650,test
ACC011651,train
ACC011652,test
ACC011653,test
ACC011654,train
ACC011655,train
ACC011656,train
ACC011657,test
ACC011658,train
ACC011659,test
ACC011660,train
ACC011661,train
ACC011662,train
ACC011663,train
ACC011664,train
ACC011665,train
ACC011666,train
ACC011667,train
ACC011668,train
ACC011669,train
ACC011670,test
ACC011671,test
ACC011672,train
ACC011673,train
ACC011674,train
ACC011675,test
ACC011676,train
ACC011677,train
ACC011678,train
ACC011679,train
ACC011680,train
ACC011681,train
ACC011682,test
ACC011683,train
ACC011684,train
ACC011685,train
ACC011686,test
ACC011687,test
ACC011688,train
ACC011689,train
ACC011690,train
ACC011691,train
ACC011692,train
ACC011693,train
ACC011694,train
ACC011695,test
ACC011696,train
ACC011697,train
ACC011698,test
ACC011699,train
ACC011700,train
ACC011701,train
ACC011702,train
ACC011703,train
ACC011704,test
ACC011705,train
ACC011706,train
ACC011707,train
ACC011708,train
ACC011709,train
ACC011710,train
ACC011711,train
ACC011712,train
ACC011713,train
ACC011714,test
ACC011715,train
ACC011716,test
ACC011717,train
ACC011718,train
ACC011719,train
ACC011720,train
ACC011721,train
ACC011722,test
ACC011723,train
ACC011724,train
ACC011725,test
ACC011726,train
ACC011727,train
ACC011728,train
ACC011729,train
ACC011730,train
ACC011731,train
ACC011732,train
ACC011733,train
ACC011734,train
ACC011735,test
ACC011736,test
ACC011737,train
ACC011738,test
ACC011739,test
ACC011740,test
ACC011741,train
ACC011742,train
ACC011743,train
ACC011744,train
ACC011745,test
ACC011746,train
ACC011747,train
ACC011748,test
ACC011749,train
ACC011750,train
ACC011751,train
ACC011752,train
ACC011753,train
ACC011754,train
ACC011755,test
ACC011756,test
ACC011757,test
ACC011758,train
ACC011759,train
ACC011760,train
ACC011761,train
ACC011762,test
ACC011763,train
ACC011764,train
ACC011765,train
ACC011766,train
ACC011767,train
ACC011768,train
ACC011769,train
ACC011770,train
ACC011771,train
ACC011772,test
ACC011773,train
ACC011774,test
ACC011775,train
ACC011776,train
ACC011777,train
ACC011778,train
ACC011779,train
ACC011780,test
ACC011781,train
ACC011782,train
ACC011783,train
ACC011784,test
ACC011785,train
ACC011786,test
ACC011787,train
ACC011788,train
ACC011789,test
ACC011790,test
ACC011791,test
ACC011792,train
ACC011793,test
ACC011794,train
ACC011795,train
ACC011796,train
ACC011797,train
ACC011798,test
ACC011799,train
ACC011800,train
ACC011801,train
ACC011802,train
ACC011803,train
ACC011804,test
ACC011805,train
ACC011806,train
ACC011807,train
ACC011808,train
ACC011809,train
ACC011810,train
ACC011811,train
ACC011812,train
ACC011813,train
ACC011814,train
ACC011815,train
ACC011816,train
ACC011817,train
ACC011818,train
ACC011819,train
ACC011820,train
ACC011821,train
ACC011822,train
ACC011823,train
ACC011824,train
ACC011825,train
ACC011826,train
ACC011827,train
ACC011828,train
ACC011829,train
ACC011830,test
ACC011831,test
ACC011832,train
ACC011833,train
ACC011834,train
ACC011835,train
ACC011836,train
ACC011837,train
ACC011838,train
ACC011839,train
ACC011840,train
ACC011841,test
ACC011842,test
ACC011843,test
ACC011844,train
ACC011845,train
ACC011846,train
ACC011847,train
ACC011848,test
ACC011849,test
ACC011850,test
ACC011851,test
ACC011852,test
ACC011853,test
ACC011854,test
ACC011855,train
ACC011856,train
ACC011857,test
ACC011858,train
ACC011859,train
ACC011860,train
ACC011861,train
ACC011862,test
ACC011863,test
ACC011864,test
ACC011865,train
ACC011866,train
ACC011867,train
ACC011868,test
ACC011869,test
ACC011870,train
ACC011871,train
ACC011872,train
ACC011873,train
ACC011874,train
ACC011875,train
ACC011876,test
ACC011877,train
ACC011878,train
ACC011879,train
ACC011880,train
ACC011881,train
ACC011882,test
ACC011883,train
ACC011884,test
ACC011885,train
ACC011886,train
ACC011887,train
ACC011888,test
ACC011889,test
ACC011890,train
ACC011891,train
ACC011892,train
ACC011893,train
ACC011894,test
ACC011895,train
ACC011896,train
ACC011897,train
ACC011898,test
ACC011899,test
ACC011900,train
ACC011901,train
ACC011902,test
ACC011903,train
ACC011904,train
ACC011905,train
ACC011906,train
ACC011907,train
ACC011908,train
ACC011909,train
ACC011910,train
ACC011911,train
ACC011912,train
ACC011913,train
ACC011914,test
ACC011915,train
ACC011916,train
ACC011917,train
ACC011918,test
ACC011919,test
ACC011920,train
ACC011921,test
ACC011922,train
ACC011923,test
ACC011924,train
ACC011925,test
ACC011926,train
ACC011927,test
ACC011928,train
ACC011929,train
ACC011930,train
ACC011931,train
ACC011932,train
ACC011933,train
ACC011934,train
ACC011935,train
ACC011936,test
ACC011937,train
ACC011938,train
ACC011939,train
ACC011940,test
ACC011941,test
ACC011942,train
ACC011943,train
ACC011944,train
ACC011945,train
ACC011946,train
ACC011947,test
ACC011948,train
ACC011949,test
ACC011950,train
ACC011951,test
ACC011952,test
ACC011953,train
ACC011954,test
ACC011955,test
ACC011956,train
ACC011957,test
ACC011958,train
ACC011959,test
ACC011960,train
ACC011961,train
ACC011962,train
ACC011963,train
ACC011964,train
ACC011965,train
ACC011966,train
ACC011967,test
ACC011968,train
ACC011969,train
ACC011970,test
ACC011971,train
ACC011972,test
ACC011973,train
ACC011974,train
ACC011975,train
ACC011976,train
ACC011977,train
ACC011978,train
ACC011979,train
ACC011980,train
ACC011981,train
ACC011982,train
ACC011983,train
ACC011984,test
ACC011985,train
ACC011986,train
ACC011987,train
ACC011988,test
ACC011989,train
ACC011990,train
ACC011991,train
ACC011992,train
ACC011993,train
ACC011994,train
ACC011995,train
ACC011996,train
ACC011997,test
ACC011998,test
ACC011999,train
ACC012000,train
ACC012001,train
ACC012002,train
ACC012003,train
ACC012004,train
ACC012005,train
ACC012006,train
ACC012007,train
ACC012008,train
ACC012009,train
ACC012010,test
ACC012011,test
ACC012012,train
ACC012013,train
ACC012014,test
ACC012015,train
ACC012016,train
ACC012017,test
ACC012018,train
ACC012019,train
ACC012020,test
ACC012021,test
ACC012022,train
ACC012023,train
ACC012024,train
ACC012025,train
ACC012026,test
ACC012027,train
ACC012028,train
ACC012029,train
ACC012030,train
ACC012031,train
ACC012032,train
ACC012033,train
ACC012034,train
ACC012035,train
ACC012036,train
ACC012037,train
ACC012038,train
ACC012039,train
ACC012040,train
ACC012041,train
ACC012042,train
ACC012043,train
ACC012044,train
ACC012045,train
ACC012046,train
ACC012047,train
ACC012048,test
ACC012049,train
ACC012050,train
ACC012051,test
ACC012052,test
ACC012053,train
ACC012054,train
ACC012055,train
ACC012056,train
ACC012057,test
ACC012058,test
ACC012059,train
ACC012060,train
ACC012061,train
ACC012062,train
ACC012063,train
ACC012064,train
ACC012065,train
ACC012066,train
ACC012067,test
ACC012068,train
ACC012069,test
ACC012070,train
ACC012071,test
ACC012072,train
ACC012073,train
ACC012074,test
ACC012075,train
ACC012076,train
ACC012077,train
ACC012078,train
ACC012079,train
ACC012080,train
ACC012081,test
ACC012082,train
ACC012083,train
ACC012084,train
ACC012085,test
ACC012086,train
ACC012087,train
ACC012088,test
ACC012089,train
ACC012090,test
ACC012091,train
ACC012092,test
ACC012093,test
ACC012094,train
ACC012095,train
ACC012096,train
ACC012097,test
ACC012098,test
ACC012099,train
ACC012100,test
ACC012101,train
ACC012102,train
ACC012103,train
ACC012104,train
ACC012105,train
ACC012106,test
ACC012107,test
ACC012108,train
ACC012109,test
ACC012110,train
ACC012111,train
ACC012112,train
ACC012113,train
ACC012114,train
ACC012115,train
ACC012116,train
ACC012117,train
ACC012118,train
ACC012119,test
ACC012120,train
ACC012121,train
ACC012122,train
ACC012123,train
ACC012124,train
ACC012125,train
ACC012126,train
ACC012127,train
ACC012128,test
ACC012129,train
ACC012130,train
ACC012131,train
ACC012132,train
ACC012133,train
ACC012134,test
ACC012135,train
ACC012136,test
ACC012137,test
ACC012138,test
ACC012139,train
ACC012140,train
ACC012141,train
ACC012142,train
ACC012143,train
ACC012144,train
ACC012145,train
ACC012146,test
ACC012147,test
ACC012148,train
ACC012149,test
ACC012150,train
ACC012151,train
ACC012152,train
ACC012153,train
ACC012154,test
ACC012155,test
ACC012156,test
ACC012157,train
ACC012158,train
ACC012159,train
ACC012160,train
ACC012161,train
ACC012162,train
ACC012163,test
ACC012164,test
ACC012165,test
ACC012166,train
ACC012167,train
ACC012168,train
ACC012169,train
ACC012170,train
ACC012171,train
ACC012172,train
ACC012173,train
ACC012174,train
ACC012175,train
ACC012176,test
ACC012177,train
ACC012178,train
ACC012179,train
ACC012180,train
ACC012181,train
ACC012182,train
ACC012183,train
ACC012184,test
ACC012185,test
ACC012186,test
ACC012187,train
ACC012188,test
ACC012189,train
ACC012190,train
ACC012191,train
ACC012192,train
ACC012193,train
ACC012194,test
ACC012195,train
ACC012196,train
ACC012197,train
ACC012198,train
ACC012199,test
ACC012200,test
ACC012201,train
ACC012202,test
ACC012203,test
ACC012204,train
ACC012205,train
ACC012206,train
ACC012207,train
ACC012208,test
ACC012209,test
ACC012210,train
ACC012211,train
ACC012212,train
ACC012213,train
ACC012214,train
ACC012215,train
ACC012216,train
ACC012217,train
ACC012218,train
ACC012219,train
ACC012220,test
ACC012221,train
ACC012222,train
ACC012223,test
ACC012224,train
ACC012225,test
ACC012226,train
ACC012227,train
ACC012228,train
ACC012229,train
ACC012230,train
ACC012231,test
ACC012232,train
ACC012233,train
ACC012234,train
ACC012235,train
ACC012236,train
ACC012237,train
ACC012238,train
ACC012239,train
ACC012240,train
ACC012241,test
ACC012242,train
ACC012243,train
ACC012244,test
ACC012245,test
ACC012246,train
ACC012247,train
ACC012248,train
ACC012249,train
ACC012250,train
ACC012251,test
ACC012252,train
ACC012253,train
ACC012254,test
ACC012255,test
ACC012256,test
ACC012257,train
ACC012258,test
ACC012259,test
ACC012260,train
ACC012261,train
ACC012262,train
ACC012263,train
ACC012264,train
ACC012265,train
ACC012266,train
ACC012267,train
ACC012268,train
ACC012269,train
ACC012270,train
ACC012271,train
ACC012272,train
ACC012273,test
ACC012274,train
ACC012275,train
ACC012276,train
ACC012277,train
ACC012278,train
ACC012279,train
ACC012280,train
ACC012281,train
ACC012282,train
ACC012283,train
ACC012284,train
ACC012285,train
ACC012286,train
ACC012287,train
ACC012288,train
ACC012289,test
ACC012290,train
ACC012291,test
ACC012292,train
ACC012293,train
ACC012294,train
ACC012295,train
ACC012296,train
ACC012297,train
ACC012298,train
ACC012299,train
ACC012300,test
ACC012301,test
ACC012302,train
ACC012303,train
ACC012304,train
ACC012305,train
ACC012306,train
ACC012307,test
ACC012308,train
ACC012309,train
ACC012310,test
ACC012311,train
ACC012312,train
ACC012313,train
ACC012314,train
ACC012315,train
ACC012316,train
ACC012317,train
ACC012318,train
ACC012319,test
ACC012320,train
ACC012321,test
ACC012322,train
ACC012323,train
ACC012324,train
ACC012325,train
ACC012326,test
ACC012327,train
ACC012328,train
ACC012329,train
ACC012330,train
ACC012331,train
ACC012332,train
ACC012333,train
ACC012334,train
ACC012335,train
ACC012336,train
ACC012337,train
ACC012338,test
ACC012339,train
ACC012340,train
ACC012341,train
ACC012342,train
ACC012343,train
ACC012344,train
ACC012345,test
ACC012346,test
ACC012347,train
ACC012348,train
ACC012349,train
ACC012350,train
ACC012351,train
ACC012352,train
ACC012353,train
ACC012354,train
ACC012355,train
ACC012356,test
ACC012357,test
ACC012358,train
ACC012359,test
ACC012360,train
ACC012361,test
ACC012362,train
ACC012363,train
ACC012364,train
ACC012365,train
ACC012366,train
ACC012367,train
ACC012368,train
ACC012369,train
ACC012370,train
ACC012371,train
ACC012372,train
ACC012373,train
ACC012374,train
ACC012375,test
ACC012376,test
ACC012377,test
ACC012378,train
ACC012379,train
ACC012380,train
ACC012381,train
ACC012382,train
ACC012383,train
ACC012384,train
ACC012385,train
ACC012386,train
ACC012387,train
ACC012388,train
ACC012389,test
ACC012390,train
ACC012391,train
ACC012392,train
ACC012393,train
ACC012394,train
ACC012395,test
ACC012396,train
ACC012397,test
ACC012398,train
ACC012399,train
ACC012400,train
ACC012401,train
ACC012402,train
ACC012403,train
ACC012404,train
ACC012405,train
ACC012406,train
ACC012407,train
ACC012408,test
ACC012409,test
ACC012410,train
ACC012411,train
ACC012412,train
ACC012413,train
ACC012414,train
ACC012415,train
ACC012416,train
ACC012417,train
ACC012418,train
ACC012419,test
ACC012420,train
ACC012421,test
ACC012422,train
ACC012423,train
ACC012424,train
ACC012425,train
ACC012426,train
ACC012427,test
ACC012428,train
ACC012429,train
ACC012430,test
ACC012431,train
ACC012432,train
ACC012433,train
ACC012434,train
ACC012435,test
ACC012436,test
ACC012437,train
ACC012438,train
ACC012439,train
ACC012440,test
ACC012441,test
ACC012442,train
ACC012443,train
ACC012444,train
ACC012445,train
ACC012446,test
ACC012447,train
ACC012448,test
ACC012449,train
ACC012450,train
ACC012451,train
ACC012452,train
ACC012453,train
ACC012454,train
ACC012455,test
ACC012456,train
ACC012457,test
ACC012458,train
ACC012459,test
ACC012460,test
ACC012461,train
ACC012462,train
ACC012463,test
ACC012464,test
ACC012465,train
ACC012466,train
ACC012467,test
ACC012468,train
ACC012469,train
ACC012470,test
ACC012471,test
ACC012472,train
ACC012473,train
ACC012474,train
ACC012475,test
ACC012476,train
ACC012477,train
ACC012478,train
ACC012479,train
ACC012480,train
ACC012481,test
ACC012482,train
ACC012483,test
ACC012484,test
ACC012485,train
ACC012486,train
ACC012487,train
ACC012488,train
ACC012489,train
ACC012490,test
ACC012491,train
ACC012492,train
ACC012493,train
ACC012494,train
ACC012495,test
ACC012496,test
ACC012497,train
ACC012498,train
ACC012499,train
ACC012500,train
ACC012501,test
ACC012502,train
ACC012503,train
ACC012504,test
ACC012505,train
ACC012506,train
ACC012507,train
ACC012508,train
ACC012509,test
ACC012510,train
ACC012511,train
ACC012512,train
ACC012513,test
ACC012514,test
ACC012515,train
ACC012516,test
ACC012517,train
ACC012518,train
ACC012519,train
ACC012520,train
ACC012521,train
ACC012522,train
ACC012523,train
ACC012524,train
ACC012525,train
ACC012526,test
ACC012527,train
ACC012528,test
ACC012529,train
ACC012530,train
ACC012531,train
ACC012532,test
ACC012533,train
ACC012534,test
ACC012535,train
ACC012536,train
ACC012537,train
ACC012538,test
ACC012539,train
ACC012540,train
ACC012541,test
ACC012542,test
ACC012543,test
ACC012544,test
ACC012545,train
ACC012546,train
ACC012547,train
ACC012548,train
ACC012549,train
ACC012550,test
ACC012551,train
ACC012552,test
ACC012553,train
ACC012554,train
ACC012555,test
ACC012556,train
ACC012557,train
ACC012558,train
ACC012559,train
ACC012560,train
ACC012561,train
ACC012562,train
ACC012563,train
ACC012564,test
ACC012565,test
ACC012566,train
ACC012567,train
ACC012568,train
ACC012569,train
ACC012570,test
ACC012571,train
ACC012572,train
ACC012573,train
ACC012574,train
ACC012575,train
ACC012576,train
ACC012577,train
ACC012578,test
ACC012579,train
ACC012580,train
ACC012581,train
ACC012582,train
ACC012583,train
ACC012584,train
ACC012585,train
ACC012586,test
ACC012587,test
ACC012588,test
ACC012589,train
ACC012590,train
ACC012591,train
ACC012592,train
ACC012593,test
ACC012594,test
ACC012595,train
ACC012596,train
ACC012597,test
ACC012598,train
ACC012599,train
ACC012600,train
ACC012601,test
ACC012602,test
ACC012603,test
ACC012604,train
ACC012605,train
ACC012606,train
ACC012607,train
ACC012608,test
ACC012609,test
ACC012610,train
ACC012611,train
ACC012612,train
ACC012613,train
ACC012614,train
ACC012615,train
ACC012616,train
ACC012617,train
ACC012618,train
ACC012619,train
ACC012620,train
ACC012621,train
ACC012622,train
ACC012623,train
ACC012624,test
ACC012625,train
ACC012626,test
ACC012627,train
ACC012628,train
ACC012629,train
ACC012630,train
ACC012631,train
ACC012632,train
ACC012633,train
ACC012634,test
ACC012635,train
ACC012636,test
ACC012637,train
ACC012638,test
ACC012639,test
ACC012640,train
ACC012641,train
ACC012642,test
ACC012643,train
ACC012644,train
ACC012645,train
ACC012646,train
ACC012647,train
ACC012648,train
ACC012649,train
ACC012650,train
ACC012651,train
ACC012652,train
ACC012653,train
ACC012654,train
ACC012655,test
ACC012656,train
ACC012657,train
ACC012658,test
ACC012659,train
ACC012660,train
ACC012661,test
ACC012662,train
ACC012663,train
ACC012664,train
ACC012665,train
ACC012666,train
ACC012667,train
ACC012668,train
ACC012669,test
ACC012670,train
ACC012671,train
ACC012672,train
ACC012673,train
ACC012674,train
ACC012675,train
ACC012676,train
ACC012677,train
ACC012678,test
ACC012679,train
ACC012680,train
ACC012681,test
ACC012682,train
ACC012683,train
ACC012684,train
ACC012685,train
ACC012686,train
ACC012687,test
ACC012688,train
ACC012689,train
ACC012690,train
ACC012691,test
ACC012692,train
ACC012693,test
ACC012694,test
ACC012695,train
ACC012696,train
ACC012697,train
ACC012698,train
ACC012699,train
ACC012700,train
ACC012701,test
ACC012702,train
ACC012703,train
ACC012704,train
ACC012705,train
ACC012706,train
ACC012707,train
ACC012708,train
ACC012709,train
ACC012710,train
ACC012711,train
ACC012712,train
ACC012713,train
ACC012714,train
ACC012715,train
ACC012716,test
ACC012717,train
ACC012718,train
ACC012719,train
ACC012720,train
ACC012721,train
ACC012722,train
ACC012723,train
ACC012724,train
ACC012725,train
ACC012726,train
ACC012727,test
ACC012728,train
ACC012729,train
ACC012730,train
ACC012731,train
ACC012732,train
ACC012733,test
ACC012734,train
ACC012735,test
ACC012736,train
ACC012737,train
ACC012738,train
ACC012739,train
ACC012740,train
ACC012741,test
ACC012742,train
ACC012743,train
ACC012744,train
ACC012745,train
ACC012746,test
ACC012747,test
ACC012748,train
ACC012749,train
ACC012750,train
ACC012751,train
ACC012752,train
ACC012753,train
ACC012754,train
ACC012755,train
ACC012756,train
ACC012757,test
ACC012758,train
ACC012759,train
ACC012760,test
ACC012761,train
ACC012762,train
ACC012763,test
ACC012764,train
ACC012765,train
ACC012766,train
ACC012767,train
ACC012768,test
ACC012769,train
ACC012770,train
ACC012771,test
ACC012772,test
ACC012773,train
ACC012774,train
ACC012775,train
ACC012776,train
ACC012777,test
ACC012778,train
ACC012779,test
ACC012780,train
ACC012781,train
ACC012782,train
ACC012783,train
ACC012784,train
ACC012785,train
ACC012786,train
ACC012787,train
ACC012788,train
ACC012789,train
ACC012790,test
ACC012791,train
ACC012792,train
ACC012793,train
ACC012794,train
ACC012795,test
ACC012796,train
ACC012797,test
ACC012798,test
ACC012799,train
ACC012800,test
ACC012801,train
ACC012802,test
ACC012803,test
ACC012804,train
ACC012805,train
ACC012806,train
ACC012807,train
ACC012808,train
ACC012809,train
ACC012810,train
ACC012811,train
ACC012812,train
ACC012813,train
ACC012814,test
ACC012815,test
ACC012816,train
ACC012817,train
ACC012818,test
ACC012819,train
ACC012820,train
ACC012821,train
ACC012822,train
ACC012823,train
ACC012824,train
ACC012825,train
ACC012826,train
ACC012827,test
ACC012828,test
ACC012829,test
ACC012830,train
ACC012831,train
ACC012832,train
ACC012833,train
ACC012834,train
ACC012835,test
ACC012836,train
ACC012837,test
ACC012838,train
ACC012839,train
ACC012840,train
ACC012841,test
ACC012842,train
ACC012843,train
ACC012844,train
ACC012845,train
ACC012846,train
ACC012847,train
ACC012848,train
ACC012849,train
ACC012850,train
ACC012851,train
ACC012852,test
ACC012853,train
ACC012854,train
ACC012855,train
ACC012856,train
ACC012857,train
ACC012858,train
ACC012859,train
ACC012860,train
ACC012861,test
ACC012862,train
ACC012863,train
ACC012864,train
ACC012865,train
ACC012866,train
ACC012867,test
ACC012868,train
ACC012869,train
ACC012870,train
ACC012871,train
ACC012872,test
ACC012873,test
ACC012874,test
ACC012875,test
ACC012876,train
ACC012877,train
ACC012878,train
ACC012879,train
ACC012880,train
ACC012881,test
ACC012882,train
ACC012883,train
ACC012884,train
ACC012885,train
ACC012886,train
ACC012887,train
ACC012888,test
ACC012889,test
ACC012890,train
ACC012891,train
ACC012892,train
ACC012893,train
ACC012894,train
ACC012895,train
ACC012896,train
ACC012897,train
ACC012898,train
ACC012899,test
ACC012900,test
ACC012901,test
ACC012902,train
ACC012903,train
ACC012904,train
ACC012905,test
ACC012906,train
ACC012907,train
ACC012908,train
ACC012909,train
ACC012910,train
ACC012911,train
ACC012912,train
ACC012913,train
ACC012914,test
ACC012915,train
ACC012916,train
ACC012917,train
ACC012918,train
ACC012919,test
ACC012920,train
ACC012921,test
ACC012922,test
ACC012923,train
ACC012924,train
ACC012925,train
ACC012926,train
ACC012927,train
ACC012928,train
ACC012929,test
ACC012930,train
ACC012931,train
ACC012932,train
ACC012933,train
ACC012934,train
ACC012935,test
ACC012936,train
ACC012937,test
ACC012938,train
ACC012939,train
ACC012940,test
ACC012941,train
ACC012942,train
ACC012943,train
ACC012944,train
ACC012945,test
ACC012946,train
ACC012947,train
ACC012948,train
ACC012949,train
ACC012950,train
ACC012951,train
ACC012952,train
ACC012953,train
ACC012954,train
ACC012955,train
ACC012956,train
ACC012957,train
ACC012958,train
ACC012959,test
ACC012960,test
ACC012961,train
ACC012962,train
ACC012963,train
ACC012964,train
ACC012965,train
ACC012966,train
ACC012967,train
ACC012968,train
ACC012969,train
ACC012970,train
ACC012971,test
ACC012972,test
ACC012973,train
ACC012974,train
ACC012975,train
ACC012976,train
ACC012977,train
ACC012978,train
ACC012979,train
ACC012980,train
ACC012981,train
ACC012982,test
ACC012983,train
ACC012984,train
ACC012985,train
ACC012986,train
ACC012987,test
ACC012988,train
ACC012989,train
ACC012990,test
ACC012991,train
ACC012992,test
ACC012993,train
ACC012994,train
ACC012995,train
ACC012996,train
ACC012997,train
ACC012998,train
ACC012999,train
ACC013000,train
ACC013001,test
ACC013002,train
ACC013003,train
ACC013004,test
ACC013005,train
ACC013006,test
ACC013007,train
ACC013008,test
ACC013009,train
ACC013010,train
ACC013011,test
ACC013012,train
ACC013013,test
ACC013014,test
ACC013015,train
ACC013016,train
ACC013017,train
ACC013018,test
ACC013019,train
ACC013020,train
ACC013021,train
ACC013022,test
ACC013023,train
ACC013024,train
ACC013025,train
ACC013026,test
ACC013027,train
ACC013028,test
ACC013029,train
ACC013030,test
ACC013031,train
ACC013032,test
ACC013033,train
ACC013034,train
ACC013035,train
ACC013036,train
ACC013037,test
ACC013038,test
ACC013039,test
ACC013040,test
ACC013041,train
ACC013042,train
ACC013043,test
ACC013044,train
ACC013045,train
ACC013046,train
ACC013047,train
ACC013048,train
ACC013049,train
ACC013050,train
ACC013051,test
ACC013052,test
ACC013053,test
ACC013054,train
ACC013055,train
ACC013056,train
ACC013057,train
ACC013058,train
ACC013059,train
ACC013060,test
ACC013061,train
ACC013062,train
ACC013063,test
ACC013064,train
ACC013065,train
ACC013066,train
ACC013067,test
ACC013068,train
ACC013069,train
ACC013070,train
ACC013071,train
ACC013072,train
ACC013073,train
ACC013074,test
ACC013075,train
ACC013076,train
ACC013077,train
ACC013078,train
ACC013079,train
ACC013080,train
ACC013081,train
ACC013082,test
ACC013083,train
ACC013084,train
ACC013085,train
ACC013086,train
ACC013087,train
ACC013088,train
ACC013089,train
ACC013090,train
ACC013091,test
ACC013092,train
ACC013093,train
ACC013094,train
ACC013095,train
ACC013096,train
ACC013097,train
ACC013098,train
ACC013099,test
ACC013100,train
ACC013101,test
ACC013102,train
ACC013103,train
ACC013104,test
ACC013105,train
ACC013106,test
ACC013107,test
ACC013108,train
ACC013109,train
ACC013110,train
ACC013111,test
ACC013112,train
ACC013113,test
ACC013114,train
ACC013115,test
ACC013116,train
ACC013117,train
ACC013118,test
ACC013119,train
ACC013120,test
ACC013121,test
ACC013122,test
ACC013123,train
ACC013124,train
ACC013125,test
ACC013126,train
ACC013127,train
ACC013128,train
ACC013129,train
ACC013130,train
ACC013131,train
ACC013132,train
ACC013133,train
ACC013134,train
ACC013135,train
ACC013136,train
ACC013137,train
ACC013138,test
ACC013139,train
ACC013140,test
ACC013141,test
ACC013142,train
ACC013143,train
ACC013144,train
ACC013145,train
ACC013146,train
ACC013147,train
ACC013148,train
ACC013149,train
ACC013150,train
ACC013151,train
ACC013152,test
ACC013153,test
ACC013154,train
ACC013155,train
ACC013156,test
ACC013157,train
ACC013158,test
ACC013159,train
ACC013160,test
ACC013161,train
ACC013162,train
ACC013163,train
ACC013164,test
ACC013165,test
ACC013166,test
ACC013167,train
ACC013168,train
ACC013169,train
ACC013170,test
ACC013171,test
ACC013172,test
ACC013173,train
ACC013174,train
ACC013175,train
ACC013176,test
ACC013177,train
ACC013178,train
ACC013179,train
ACC013180,train
ACC013181,test
ACC013182,train
ACC013183,train
ACC013184,train
ACC013185,train
ACC013186,train
ACC013187,test
ACC013188,train
ACC013189,test
ACC013190,train
ACC013191,test
ACC013192,train
ACC013193,train
ACC013194,train
ACC013195,test
ACC013196,train
ACC013197,train
ACC013198,train
ACC013199,train
ACC013200,train
ACC013201,test
ACC013202,train
ACC013203,train
ACC013204,train
ACC013205,train
ACC013206,train
ACC013207,train
ACC013208,train
ACC013209,train
ACC013210,train
ACC013211,test
ACC013212,train
ACC013213,test
ACC013214,train
ACC013215,train
ACC013216,test
ACC013217,test
ACC013218,train
ACC013219,test
ACC013220,test
ACC013221,train
ACC013222,train
ACC013223,test
ACC013224,test
ACC013225,train
ACC013226,train
ACC013227,train
ACC013228,train
ACC013229,train
ACC013230,train
ACC013231,train
ACC013232,train
ACC013233,train
ACC013234,train
ACC013235,train
ACC013236,train
ACC013237,train
ACC013238,test
ACC013239,train
ACC013240,test
ACC013241,train
ACC013242,test
ACC013243,train
ACC013244,train
ACC013245,train
ACC013246,train
ACC013247,test
ACC013248,train
ACC013249,train
ACC013250,train
ACC013251,train
ACC013252,train
ACC013253,test
ACC013254,train
ACC013255,train
ACC013256,train
ACC013257,train
ACC013258,train
ACC013259,train
ACC013260,test
ACC013261,test
ACC013262,train
ACC013263,train
ACC013264,test
ACC013265,test
ACC013266,train
ACC013267,train
ACC013268,train
ACC013269,train
ACC013270,train
ACC013271,train
ACC013272,train
ACC013273,test
ACC013274,train
ACC013275,train
ACC013276,test
ACC013277,train
ACC013278,train
ACC013279,train
ACC013280,test
ACC013281,test
ACC013282,train
ACC013283,train
ACC013284,train
ACC013285,train
ACC013286,train
ACC013287,test
ACC013288,train
ACC013289,train
ACC013290,train
ACC013291,train
ACC013292,train
ACC013293,train
ACC013294,train
ACC013295,train
ACC013296,test
ACC013297,train
ACC013298,test
ACC013299,train
ACC013300,train
ACC013301,train
ACC013302,train
ACC013303,train
ACC013304,test
ACC013305,train
ACC013306,train
ACC013307,train
ACC013308,train
ACC013309,train
ACC013310,train
ACC013311,train
ACC013312,test
ACC013313,train
ACC013314,train
ACC013315,train
ACC013316,train
ACC013317,test
ACC013318,train
ACC013319,train
ACC013320,train
ACC013321,train
ACC013322,train
ACC013323,train
ACC013324,train
ACC013325,train
ACC013326,test
ACC013327,train
ACC013328,train
ACC013329,train
ACC013330,train
ACC013331,test
ACC013332,train
ACC013333,test
ACC013334,train
ACC013335,test
ACC013336,train
ACC013337,train
ACC013338,test
ACC013339,train
ACC013340,train
ACC013341,train
ACC013342,train
ACC013343,train
ACC013344,train
ACC013345,train
ACC013346,train
ACC013347,test
ACC013348,train
ACC013349,train
ACC013350,train
ACC013351,test
ACC013352,train
ACC013353,train
ACC013354,train
ACC013355,train
ACC013356,train
ACC013357,test
ACC013358,train
ACC013359,train
ACC013360,test
ACC013361,train
ACC013362,train
ACC013363,train
ACC013364,test
ACC013365,train
ACC013366,test
ACC013367,train
ACC013368,train
ACC013369,train
ACC013370,train
ACC013371,train
ACC013372,train
ACC013373,train
ACC013374,test
ACC013375,train
ACC013376,test
ACC013377,train
ACC013378,train
ACC013379,train
ACC013380,train
ACC013381,test
ACC013382,train
ACC013383,train
ACC013384,train
ACC013385,train
ACC013386,train
ACC013387,train
ACC013388,train
ACC013389,train
ACC013390,train
ACC013391,train
ACC013392,train
ACC013393,train
ACC013394,test
ACC013395,train
ACC013396,test
ACC013397,test
ACC013398,test
ACC013399,train
ACC013400,train
ACC013401,test
ACC013402,test
ACC013403,test
ACC013404,train
ACC013405,train
ACC013406,train
ACC013407,train
ACC013408,train
ACC013409,train
ACC013410,test
ACC013411,train
ACC013412,test
ACC013413,train
ACC013414,train
ACC013415,train
ACC013416,test
ACC013417,train
ACC013418,test
ACC013419,train
ACC013420,test
ACC013421,train
ACC013422,test
ACC013423,train
ACC013424,train
ACC013425,train
ACC013426,test
ACC013427,train
ACC013428,test
ACC013429,train
ACC013430,train
ACC013431,train
ACC013432,train
ACC013433,train
ACC013434,train
ACC013435,train
ACC013436,train
ACC013437,train
ACC013438,test
ACC013439,train
ACC013440,train
ACC013441,train
ACC013442,test
ACC013443,test
ACC013444,train
ACC013445,train
ACC013446,train
ACC013447,test
ACC013448,train
ACC013449,train
ACC013450,train
ACC013451,test
ACC013452,train
ACC013453,train
ACC013454,train
ACC013455,test
ACC013456,train
ACC013457,train
ACC013458,train
ACC013459,test
ACC013460,train
ACC013461,train
ACC013462,train
ACC013463,test
ACC013464,test
ACC013465,train
ACC013466,test
ACC013467,train
ACC013468,test
ACC013469,train
ACC013470,train
ACC013471,train
ACC013472,test
ACC013473,train
ACC013474,train
ACC013475,train
ACC013476,train
ACC013477,test
ACC013478,test
ACC013479,train
ACC013480,train
ACC013481,train
ACC013482,test
ACC013483,test
ACC013484,train
ACC013485,train
ACC013486,train
ACC013487,train
ACC013488,test
ACC013489,test
ACC013490,train
ACC013491,train
ACC013492,test
ACC013493,train
ACC013494,train
ACC013495,test
ACC013496,train
ACC013497,train
ACC013498,train
ACC013499,train
ACC013500,train
ACC013501,test
ACC013502,train
ACC013503,train
ACC013504,train
ACC013505,train
ACC013506,test
ACC013507,train
ACC013508,train
ACC013509,test
ACC013510,train
ACC013511,train
ACC013512,test
ACC013513,test
ACC013514,test
ACC013515,test
ACC013516,train
ACC013517,train
ACC013518,train
ACC013519,train
ACC013520,train
ACC013521,train
ACC013522,train
ACC013523,train
ACC013524,train
ACC013525,train
ACC013526,test
ACC013527,train
ACC013528,test
ACC013529,train
ACC013530,train
ACC013531,test
ACC013532,train
ACC013533,train
ACC013534,train
ACC013535,train
ACC013536,train
ACC013537,test
ACC013538,train
ACC013539,train
ACC013540,test
ACC013541,test
ACC013542,train
ACC013543,train
ACC013544,train
ACC013545,train
ACC013546,train
ACC013547,train
ACC013548,train
ACC013549,test
ACC013550,train
ACC013551,train
ACC013552,train
ACC013553,train
ACC013554,train
ACC013555,train
ACC013556,train
ACC013557,train
ACC013558,train
ACC013559,train
ACC013560,train
ACC013561,test
ACC013562,train
ACC013563,train
ACC013564,train
ACC013565,train
ACC013566,train
ACC013567,train
ACC013568,test
ACC013569,train
ACC013570,test
ACC013571,train
ACC013572,test
ACC013573,train
ACC013574,train
ACC013575,train
ACC013576,train
ACC013577,train
ACC013578,test
ACC013579,train
ACC013580,train
ACC013581,train
ACC013582,train
ACC013583,train
ACC013584,test
ACC013585,train
ACC013586,train
ACC013587,test
ACC013588,train
ACC013589,train
ACC013590,train
ACC013591,train
ACC013592,train
ACC013593,train
ACC013594,train
ACC013595,train
ACC013596,train
ACC013597,test
ACC013598,test
ACC013599,train
ACC013600,test
ACC013601,train
ACC013602,train
ACC013603,train
ACC013604,train
ACC013605,train
ACC013606,test
ACC013607,test
ACC013608,train
ACC013609,train
ACC013610,train
ACC013611,test
ACC013612,train
ACC013613,train
ACC013614,train
ACC013615,train
ACC013616,train
ACC013617,test
ACC013618,test
ACC013619,test
ACC013620,train
ACC013621,train
ACC013622,train
ACC013623,train
ACC013624,train
ACC013625,train
ACC013626,train
ACC013627,train
ACC013628,train
ACC013629,test
ACC013630,test
ACC013631,train
ACC013632,test
ACC013633,train
ACC013634,test
ACC013635,train
ACC013636,train
ACC013637,train
ACC013638,train
ACC013639,test
ACC013640,train
ACC013641,train
ACC013642,test
ACC013643,train
ACC013644,train
ACC013645,test
ACC013646,train
ACC013647,train
ACC013648,train
ACC013649,train
ACC013650,test
ACC013651,test
ACC013652,train
ACC013653,train
ACC013654,train
ACC013655,train
ACC013656,train
ACC013657,train
ACC013658,train
ACC013659,test
ACC013660,train
ACC013661,train
ACC013662,train
ACC013663,test
ACC013664,train
ACC013665,train
ACC013666,train
ACC013667,train
ACC013668,train
ACC013669,train
ACC013670,train
ACC013671,train
ACC013672,train
ACC013673,train
ACC013674,train
ACC013675,train
ACC013676,train
ACC013677,train
ACC013678,test
ACC013679,train
ACC013680,train
ACC013681,train
ACC013682,test
ACC013683,train
ACC013684,train
ACC013685,train
ACC013686,train
ACC013687,test
ACC013688,test
ACC013689,train
ACC013690,train
ACC013691,train
ACC013692,train
ACC013693,train
ACC013694,train
ACC013695,test
ACC013696,train
ACC013697,train
ACC013698,train
ACC013699,train
ACC013700,test
ACC013701,test
ACC013702,train
ACC013703,test
ACC013704,train
ACC013705,test
ACC013706,train
ACC013707,train
ACC013708,train
ACC013709,train
ACC013710,train
ACC013711,train
ACC013712,train
ACC013713,train
ACC013714,train
ACC013715,test
ACC013716,train
ACC013717,train
ACC013718,train
ACC013719,train
ACC013720,train
ACC013721,train
ACC013722,train
ACC013723,test
ACC013724,train
ACC013725,train
ACC013726,test
ACC013727,train
ACC013728,test
ACC013729,train
ACC013730,train
ACC013731,test
ACC013732,train
ACC013733,train
ACC013734,train
ACC013735,train
ACC013736,test
ACC013737,test
ACC013738,train
ACC013739,train
ACC013740,train
ACC013741,train
ACC013742,train
ACC013743,train
ACC013744,train
ACC013745,train
ACC013746,train
ACC013747,train
ACC013748,train
ACC013749,train
ACC013750,train
ACC013751,train
ACC013752,test
ACC013753,train
ACC013754,train
ACC013755,train
ACC013756,train
ACC013757,test
ACC013758,train
ACC013759,test
ACC013760,test
ACC013761,train
ACC013762,train
ACC013763,train
ACC013764,train
ACC013765,train
ACC013766,test
ACC013767,train
ACC013768,train
ACC013769,train
ACC013770,train
ACC013771,train
ACC013772,train
ACC013773,train
ACC013774,train
ACC013775,train
ACC013776,train
ACC013777,test
ACC013778,train
ACC013779,train
ACC013780,train
ACC013781,train
ACC013782,train
ACC013783,train
ACC013784,train
ACC013785,test
ACC013786,train
ACC013787,test
ACC013788,test
ACC013789,train
ACC013790,train
ACC013791,train
ACC013792,train
ACC013793,train
ACC013794,train
ACC013795,train
ACC013796,train
ACC013797,train
ACC013798,train
ACC013799,test
ACC013800,test
ACC013801,test
ACC013802,test
ACC013803,train
ACC013804,train
ACC013805,test
ACC013806,train
ACC013807,train
ACC013808,train
ACC013809,test
ACC013810,train
ACC013811,test
ACC013812,train
ACC013813,train
ACC013814,test
ACC013815,test
ACC013816,test
ACC013817,train
ACC013818,train
ACC013819,test
ACC013820,train
ACC013821,test
ACC013822,test
ACC013823,test
ACC013824,train
ACC013825,train
ACC013826,train
ACC013827,test
ACC013828,train
ACC013829,train
ACC013830,train
ACC013831,train
ACC013832,train
ACC013833,train
ACC013834,train
ACC013835,train
ACC013836,train
ACC013837,test
ACC013838,train
ACC013839,test
ACC013840,test
ACC013841,train
ACC013842,train
ACC013843,train
ACC013844,train
ACC013845,train
ACC013846,test
ACC013847,test
ACC013848,train
ACC013849,test
ACC013850,train
ACC013851,test
ACC013852,train
ACC013853,test
ACC013854,test
ACC013855,train
ACC013856,test
ACC013857,train
ACC013858,train
ACC013859,train
ACC013860,test
ACC013861,test
ACC013862,train
ACC013863,train
ACC013864,train
ACC013865,train
ACC013866,train
ACC013867,train
ACC013868,test
ACC013869,test
ACC013870,test
ACC013871,train
ACC013872,train
ACC013873,train
ACC013874,train
ACC013875,train
ACC013876,train
ACC013877,test
ACC013878,train
ACC013879,test
ACC013880,train
ACC013881,train
ACC013882,test
ACC013883,train
ACC013884,train
ACC013885,train
ACC013886,train
ACC013887,test
ACC013888,test
ACC013889,train
ACC013890,train
ACC013891,train
ACC013892,test
ACC013893,test
ACC013894,train
ACC013895,train
ACC013896,test
ACC013897,train
ACC013898,train
ACC013899,train
ACC013900,train
ACC013901,train
ACC013902,train
ACC013903,train
ACC013904,test
ACC013905,train
ACC013906,train
ACC013907,train
ACC013908,test
ACC013909,train
ACC013910,train
ACC013911,train
ACC013912,train
ACC013913,test
ACC013914,train
ACC013915,test
ACC013916,train
ACC013917,train
ACC013918,test
ACC013919,test
ACC013920,test
ACC013921,train
ACC013922,train
ACC013923,train
ACC013924,train
ACC013925,train
ACC013926,train
ACC013927,test
ACC013928,train
ACC013929,train
ACC013930,train
ACC013931,train
ACC013932,test
ACC013933,train
ACC013934,train
ACC013935,train
ACC013936,test
ACC013937,train
ACC013938,train
ACC013939,train
ACC013940,train
ACC013941,train
ACC013942,train
ACC013943,train
ACC013944,train
ACC013945,train
ACC013946,train
ACC013947,test
ACC013948,test
ACC013949,train
ACC013950,train
ACC013951,test
ACC013952,train
ACC013953,train
ACC013954,train
ACC013955,train
ACC013956,train
ACC013957,test
ACC013958,train
ACC013959,test
ACC013960,test
ACC013961,test
ACC013962,train
ACC013963,test
ACC013964,train
ACC013965,train
ACC013966,train
ACC013967,train
ACC013968,train
ACC013969,train
ACC013970,train
ACC013971,test
ACC013972,train
ACC013973,train
ACC013974,train
ACC013975,test
ACC013976,train
ACC013977,train
ACC013978,test
ACC013979,test
ACC013980,train
ACC013981,test
ACC013982,train
ACC013983,train
ACC013984,train
ACC013985,test
ACC013986,train
ACC013987,train
ACC013988,train
ACC013989,train
ACC013990,train
ACC013991,train
ACC013992,train
ACC013993,test
ACC013994,train
ACC013995,train
ACC013996,train
ACC013997,train
ACC013998,test
ACC013999,train
ACC014000,train
ACC014001,train
ACC014002,test
ACC014003,train
ACC014004,train
ACC014005,train
ACC014006,test
ACC014007,train
ACC014008,train
ACC014009,train
ACC014010,train
ACC014011,test
ACC014012,train
ACC014013,test
ACC014014,train
ACC014015,test
ACC014016,train
ACC014017,train
ACC014018,train
ACC014019,train
ACC014020,train
ACC014021,train
ACC014022,train
ACC014023,train
ACC014024,train
ACC014025,train
ACC014026,train
ACC014027,test
ACC014028,train
ACC014029,train
ACC014030,train
ACC014031,train
ACC014032,train
ACC014033,train
ACC014034,test
ACC014035,train
ACC014036,train
ACC014037,test
ACC014038,train
ACC014039,train
ACC014040,train
ACC014041,train
ACC014042,train
ACC014043,train
ACC014044,train
ACC014045,train
ACC014046,train
ACC014047,train
ACC014048,train
ACC014049,train
ACC014050,train
ACC014051,train
ACC014052,train
ACC014053,train
ACC014054,train
ACC014055,train
ACC014056,train
ACC014057,train
ACC014058,train
ACC014059,train
ACC014060,train
ACC014061,train
ACC014062,train
ACC014063,test
ACC014064,test
ACC014065,train
ACC014066,train
ACC014067,train
ACC014068,test
ACC014069,test
ACC014070,train
ACC014071,train
ACC014072,train
ACC014073,train
ACC014074,train
ACC014075,train
ACC014076,test
ACC014077,train
ACC014078,train
ACC014079,train
ACC014080,train
ACC014081,test
ACC014082,test
ACC014083,train
ACC014084,train
ACC014085,train
ACC014086,train
ACC014087,test
ACC014088,train
ACC014089,test
ACC014090,train
ACC014091,train
ACC014092,train
ACC014093,train
ACC014094,train
ACC014095,test
ACC014096,train
ACC014097,test
ACC014098,train
ACC014099,train
ACC014100,train
ACC014101,test
ACC014102,test
ACC014103,train
ACC014104,train
ACC014105,train
ACC014106,train
ACC014107,train
ACC014108,test
ACC014109,train
ACC014110,train
ACC014111,test
ACC014112,train
ACC014113,train
ACC014114,train
ACC014115,train
ACC014116,train
ACC014117,train
ACC014118,test
ACC014119,train
ACC014120,train
ACC014121,test
ACC014122,test
ACC014123,train
ACC014124,test
ACC014125,train
ACC014126,test
ACC014127,train
ACC014128,train
ACC014129,train
ACC014130,train
ACC014131,test
ACC014132,train
ACC014133,train
ACC014134,test
ACC014135,train
ACC014136,test
ACC014137,test
ACC014138,train
ACC014139,train
ACC014140,train
ACC014141,train
ACC014142,train
ACC014143,train
ACC014144,test
ACC014145,train
ACC014146,train
ACC014147,train
ACC014148,train
ACC014149,train
ACC014150,train
ACC014151,train
ACC014152,train
ACC014153,train
ACC014154,train
ACC014155,train
ACC014156,train
ACC014157,train
ACC014158,train
ACC014159,train
ACC014160,train
ACC014161,train
ACC014162,train
ACC014163,test
ACC014164,train
ACC014165,train
ACC014166,train
ACC014167,train
ACC014168,test
ACC014169,train
ACC014170,train
ACC014171,train
ACC014172,test
ACC014173,test
ACC014174,train
ACC014175,test
ACC014176,train
ACC014177,test
ACC014178,test
ACC014179,train
ACC014180,test
ACC014181,train
ACC014182,train
ACC014183,train
ACC014184,train
ACC014185,train
ACC014186,test
ACC014187,test
ACC014188,train
ACC014189,train
ACC014190,train
ACC014191,train
ACC014192,train
ACC014193,train
ACC014194,test
ACC014195,train
ACC014196,test
ACC014197,train
ACC014198,train
ACC014199,train
ACC014200,test
ACC014201,train
ACC014202,test
ACC014203,test
ACC014204,train
ACC014205,train
ACC014206,train
ACC014207,train
ACC014208,train
ACC014209,train
ACC014210,train
ACC014211,test
ACC014212,train
ACC014213,train
ACC014214,test
ACC014215,test
ACC014216,train
ACC014217,train
ACC014218,test
ACC014219,train
ACC014220,train
ACC014221,test
ACC014222,train
ACC014223,train
ACC014224,train
ACC014225,test
ACC014226,train
ACC014227,train
ACC014228,train
ACC014229,test
ACC014230,train
ACC014231,train
ACC014232,train
ACC014233,train
ACC014234,train
ACC014235,train
ACC014236,train
ACC014237,test
ACC014238,train
ACC014239,train
ACC014240,train
ACC014241,train
ACC014242,test
ACC014243,train
ACC014244,train
ACC014245,train
ACC014246,train
ACC014247,train
ACC014248,train
ACC014249,train
ACC014250,train
ACC014251,train
ACC014252,train
ACC014253,test
ACC014254,train
ACC014255,train
ACC014256,train
ACC014257,train
ACC014258,train
ACC014259,train
ACC014260,train
ACC014261,train
ACC014262,train
ACC014263,test
ACC014264,train
ACC014265,train
ACC014266,train
ACC014267,train
ACC014268,train
ACC014269,test
ACC014270,train
ACC014271,train
ACC014272,test
ACC014273,train
ACC014274,train
ACC014275,test
ACC014276,train
ACC014277,test
ACC014278,train
ACC014279,test
ACC014280,test
ACC014281,test
ACC014282,train
ACC014283,train
ACC014284,test
ACC014285,test
ACC014286,train
ACC014287,train
ACC014288,train
ACC014289,train
ACC014290,train
ACC014291,train
ACC014292,train
ACC014293,train
ACC014294,train
ACC014295,test
ACC014296,train
ACC014297,test
ACC014298,train
ACC014299,train
ACC014300,train
ACC014301,train
ACC014302,test
ACC014303,test
ACC014304,train
ACC014305,train
ACC014306,train
ACC014307,train
ACC014308,train
ACC014309,train
ACC014310,train
ACC014311,train
ACC014312,test
ACC014313,train
ACC014314,train
ACC014315,train
ACC014316,train
ACC014317,train
ACC014318,train
ACC014319,test
ACC014320,train
ACC014321,train
ACC014322,train
ACC014323,train
ACC014324,train
ACC014325,train
ACC014326,train
ACC014327,train
ACC014328,train
ACC014329,train
ACC014330,train
ACC014331,train
ACC014332,train
ACC014333,train
ACC014334,train
ACC014335,test
ACC014336,train
ACC014337,train
ACC014338,test
ACC014339,train
ACC014340,train
ACC014341,train
ACC014342,train
ACC014343,train
ACC014344,train
ACC014345,train
ACC014346,test
ACC014347,test
ACC014348,test
ACC014349,train
ACC014350,train
ACC014351,train
ACC014352,train
ACC014353,train
ACC014354,train
ACC014355,train
ACC014356,test
ACC014357,train
ACC014358,train
ACC014359,test
ACC014360,train
ACC014361,train
ACC014362,train
ACC014363,train
ACC014364,train
ACC014365,test
ACC014366,train
ACC014367,train
ACC014368,train
ACC014369,train
ACC014370,train
ACC014371,train
ACC014372,test
ACC014373,train
ACC014374,train
ACC014375,test
ACC014376,test
ACC014377,train
ACC014378,train
ACC014379,train
ACC014380,train
ACC014381,train
ACC014382,train
ACC014383,train
ACC014384,test
ACC014385,train
ACC014386,train
ACC014387,train
ACC014388,train
ACC014389,train
ACC014390,train
ACC014391,train
ACC014392,train
ACC014393,train
ACC014394,train
ACC014395,train
ACC014396,train
ACC014397,train
ACC014398,train
ACC014399,test
ACC014400,test
ACC014401,test
ACC014402,train
ACC014403,train
ACC014404,train
ACC014405,test
ACC014406,test
ACC014407,train
ACC014408,train
ACC014409,test
ACC014410,train
ACC014411,test
ACC014412,train
ACC014413,train
ACC014414,train
ACC014415,train
ACC014416,train
ACC014417,test
ACC014418,train
ACC014419,test
ACC014420,train
ACC014421,train
ACC014422,train
ACC014423,test
ACC014424,train
ACC014425,train
ACC014426,train
ACC014427,test
ACC014428,train
ACC014429,train
ACC014430,train
ACC014431,train
ACC014432,train
ACC014433,train
ACC014434,test
ACC014435,train
ACC014436,train
ACC014437,train
ACC014438,test
ACC014439,train
ACC014440,test
ACC014441,test
ACC014442,test
ACC014443,test
ACC014444,train
ACC014445,test
ACC014446,train
ACC014447,train
ACC014448,train
ACC014449,train
ACC014450,train
ACC014451,train
ACC014452,train
ACC014453,train
ACC014454,train
ACC014455,train
ACC014456,test
ACC014457,train
ACC014458,test
ACC014459,train
ACC014460,train
ACC014461,train
ACC014462,test
ACC014463,train
ACC014464,train
ACC014465,train
ACC014466,train
ACC014467,train
ACC014468,train
ACC014469,train
ACC014470,test
ACC014471,train
ACC014472,train
ACC014473,train
ACC014474,train
ACC014475,train
ACC014476,train
ACC014477,train
ACC014478,train
ACC014479,train
ACC014480,train
ACC014481,train
ACC014482,train
ACC014483,train
ACC014484,test
ACC014485,test
ACC014486,train
ACC014487,train
ACC014488,train
ACC014489,train
ACC014490,train
ACC014491,train
ACC014492,train
ACC014493,test
ACC014494,train
ACC014495,train
ACC014496,train
ACC014497,train
ACC014498,test
ACC014499,train
ACC014500,train
ACC014501,train
ACC014502,test
ACC014503,train
ACC014504,train
ACC014505,train
ACC014506,train
ACC014507,train
ACC014508,train
ACC014509,train
ACC014510,train
ACC014511,test
ACC014512,train
ACC014513,train
ACC014514,train
ACC014515,train
ACC014516,test
ACC014517,test
ACC014518,test
ACC014519,train
ACC014520,train
ACC014521,test
ACC014522,test
ACC014523,train
ACC014524,train
ACC014525,test
ACC014526,train
ACC014527,test
ACC014528,train
ACC014529,train
ACC014530,test
ACC014531,train
ACC014532,train
ACC014533,train
ACC014534,train
ACC014535,train
ACC014536,train
ACC014537,train
ACC014538,test
ACC014539,train
ACC014540,train
ACC014541,train
ACC014542,test
ACC014543,train
ACC014544,train
ACC014545,train
ACC014546,train
ACC014547,test
ACC014548,train
ACC014549,train
ACC014550,train
ACC014551,train
ACC014552,test
ACC014553,test
ACC014554,test
ACC014555,train
ACC014556,test
ACC014557,train
ACC014558,train
ACC014559,train
ACC014560,train
ACC014561,train
ACC014562,test
ACC014563,train
ACC014564,train
ACC014565,train
ACC014566,test
ACC014567,train
ACC014568,train
ACC014569,test
ACC014570,train
ACC014571,train
ACC014572,train
ACC014573,test
ACC014574,test
ACC014575,train
ACC014576,train
ACC014577,train
ACC014578,train
ACC014579,test
ACC014580,train
ACC014581,train
ACC014582,test
ACC014583,train
ACC014584,train
ACC014585,train
ACC014586,train
ACC014587,train
ACC014588,test
ACC014589,train
ACC014590,train
ACC014591,train
ACC014592,train
ACC014593,train
ACC014594,test
ACC014595,train
ACC014596,train
ACC014597,train
ACC014598,test
ACC014599,train
ACC014600,test
ACC014601,test
ACC014602,train
ACC014603,train
ACC014604,train
ACC014605,train
ACC014606,train
ACC014607,train
ACC014608,test
ACC014609,train
ACC014610,test
ACC014611,train
ACC014612,train
ACC014613,test
ACC014614,train
ACC014615,train
ACC014616,train
ACC014617,train
ACC014618,train
ACC014619,train
ACC014620,train
ACC014621,train
ACC014622,test
ACC014623,test
ACC014624,train
ACC014625,test
ACC014626,test
ACC014627,train
ACC014628,train
ACC014629,train
ACC014630,train
ACC014631,train
ACC014632,train
ACC014633,train
ACC014634,train
ACC014635,train
ACC014636,test
ACC014637,train
ACC014638,test
ACC014639,train
ACC014640,test
ACC014641,test
ACC014642,train
ACC014643,test
ACC014644,test
ACC014645,test
ACC014646,train
ACC014647,train
ACC014648,train
ACC014649,train
ACC014650,train
ACC014651,test
ACC014652,train
ACC014653,train
ACC014654,train
ACC014655,train
ACC014656,train
ACC014657,train
ACC014658,train
ACC014659,train
ACC014660,train
ACC014661,test
ACC014662,train
ACC014663,train
ACC014664,test
ACC014665,train
ACC014666,train
ACC014667,test
ACC014668,train
ACC014669,train
ACC014670,test
ACC014671,train
ACC014672,test
ACC014673,train
ACC014674,train
ACC014675,train
ACC014676,train
ACC014677,train
ACC014678,train
ACC014679,test
ACC014680,train
ACC014681,train
ACC014682,train
ACC014683,test
ACC014684,train
ACC014685,train
ACC014686,train
ACC014687,train
ACC014688,train
ACC014689,train
ACC014690,train
ACC014691,train
ACC014692,test
ACC014693,train
ACC014694,train
ACC014695,train
ACC014696,train
ACC014697,train
ACC014698,test
ACC014699,train
ACC014700,train
ACC014701,train
ACC014702,train
ACC014703,train
ACC014704,train
ACC014705,train
ACC014706,train
ACC014707,train
ACC014708,train
ACC014709,test
ACC014710,train
ACC014711,test
ACC014712,train
ACC014713,test
ACC014714,train
ACC014715,train
ACC014716,train
ACC014717,train
ACC014718,train
ACC014719,train
ACC014720,train
ACC014721,train
ACC014722,train
ACC014723,test
ACC014724,train
ACC014725,test
ACC014726,train
ACC014727,test
ACC014728,test
ACC014729,train
ACC014730,train
ACC014731,test
ACC014732,train
ACC014733,train
ACC014734,train
ACC014735,test
ACC014736,test
ACC014737,train
ACC014738,train
ACC014739,train
ACC014740,train
ACC014741,train
ACC014742,train
ACC014743,train
ACC014744,train
ACC014745,train
ACC014746,train
ACC014747,test
ACC014748,test
ACC014749,train
ACC014750,train
ACC014751,train
ACC014752,train
ACC014753,train
ACC014754,train
ACC014755,train
ACC014756,train
ACC014757,test
ACC014758,train
ACC014759,train
ACC014760,test
ACC014761,train
ACC014762,train
ACC014763,train
ACC014764,test
ACC014765,train
ACC014766,train
ACC014767,train
ACC014768,train
ACC014769,train
ACC014770,train
ACC014771,train
ACC014772,test
ACC014773,test
ACC014774,train
ACC014775,train
ACC014776,test
ACC014777,train
ACC014778,train
ACC014779,train
ACC014780,test
ACC014781,train
ACC014782,test
ACC014783,train
ACC014784,train
ACC014785,train
ACC014786,train
ACC014787,train
ACC014788,train
ACC014789,test
ACC014790,train
ACC014791,train
ACC014792,train
ACC014793,train
ACC014794,train
ACC014795,test
ACC014796,train
ACC014797,test
ACC014798,train
ACC014799,test
ACC014800,train
ACC014801,test
ACC014802,test
ACC014803,train
ACC014804,train
ACC014805,train
ACC014806,train
ACC014807,train
ACC014808,test
ACC014809,train
ACC014810,train
ACC014811,test
ACC014812,train
ACC014813,train
ACC014814,test
ACC014815,train
ACC014816,train
ACC014817,test
ACC014818,train
ACC014819,train
ACC014820,train
ACC014821,train
ACC014822,train
ACC014823,train
ACC014824,train
ACC014825,train
ACC014826,train
ACC014827,train
ACC014828,train
ACC014829,train
ACC014830,train
ACC014831,train
ACC014832,test
ACC014833,test
ACC014834,test
ACC014835,train
ACC014836,train
ACC014837,train
ACC014838,train
ACC014839,train
ACC014840,test
ACC014841,train
ACC014842,train
ACC014843,train
ACC014844,train
ACC014845,train
ACC014846,train
ACC014847,train
ACC014848,train
ACC014849,train
ACC014850,train
ACC014851,train
ACC014852,test
ACC014853,test
ACC014854,train
ACC014855,train
ACC014856,train
ACC014857,train
ACC014858,train
ACC014859,train
ACC014860,train
ACC014861,train
ACC014862,test
ACC014863,train
ACC014864,train
ACC014865,train
ACC014866,train
ACC014867,train
ACC014868,test
ACC014869,test
ACC014870,train
ACC014871,test
ACC014872,test
ACC014873,train
ACC014874,train
ACC014875,train
ACC014876,train
ACC014877,test
ACC014878,train
ACC014879,train
ACC014880,test
ACC014881,train
ACC014882,train
ACC014883,test
ACC014884,train
ACC014885,train
ACC014886,train
ACC014887,train
ACC014888,test
ACC014889,train
ACC014890,train
ACC014891,test
ACC014892,train
ACC014893,train
ACC014894,train
ACC014895,train
ACC014896,train
ACC014897,test
ACC014898,train
ACC014899,test
ACC014900,train
ACC014901,train
ACC014902,train
ACC014903,test
ACC014904,train
ACC014905,test
ACC014906,test
ACC014907,train
ACC014908,test
ACC014909,train
ACC014910,train
ACC014911,train
ACC014912,train
ACC014913,test
ACC014914,test
ACC014915,test
ACC014916,train
ACC014917,train
ACC014918,train
ACC014919,test
ACC014920,train
ACC014921,train
ACC014922,train
ACC014923,train
ACC014924,train
ACC014925,train
ACC014926,train
ACC014927,train
ACC014928,train
ACC014929,test
ACC014930,train
ACC014931,train
ACC014932,test
ACC014933,train
ACC014934,test
ACC014935,train
ACC014936,test
ACC014937,train
ACC014938,train
ACC014939,train
ACC014940,train
ACC014941,test
ACC014942,train
ACC014943,train
ACC014944,test
ACC014945,train
ACC014946,train
ACC014947,train
ACC014948,train
ACC014949,train
ACC014950,test
ACC014951,train
ACC014952,train
ACC014953,test
ACC014954,train
ACC014955,train
ACC014956,train
ACC014957,train
ACC014958,train
ACC014959,train
ACC014960,train
ACC014961,train
ACC014962,test
ACC014963,train
ACC014964,test
ACC014965,test
ACC014966,test
ACC014967,train
ACC014968,train
ACC014969,train
ACC014970,test
ACC014971,train
ACC014972,train
ACC014973,train
ACC014974,train
ACC014975,test
ACC014976,train
ACC014977,train
ACC014978,train
ACC014979,train
ACC014980,train
ACC014981,test
ACC014982,test
ACC014983,test
ACC014984,test
ACC014985,train
ACC014986,train
ACC014987,train
ACC014988,train
ACC014989,train
ACC014990,train
ACC014991,train
ACC014992,train
ACC014993,train
ACC014994,test
ACC014995,train
ACC014996,test
ACC014997,train
ACC014998,train
ACC014999,test
ACC015000,train
ACC015001,test
ACC015002,train
ACC015003,train
ACC015004,train
ACC015005,train
ACC015006,train
ACC015007,test
ACC015008,train
ACC015009,train
ACC015010,train
ACC015011,train
ACC015012,train
ACC015013,train
ACC015014,test
ACC015015,train
ACC015016,train
ACC015017,train
ACC015018,train
ACC015019,train
ACC015020,test
ACC015021,train
ACC015022,train
ACC015023,test
ACC015024,train
ACC015025,train
ACC015026,test
ACC015027,train
ACC015028,train
ACC015029,test
ACC015030,train
ACC015031,train
ACC015032,train
ACC015033,train
ACC015034,train
ACC015035,test
ACC015036,train
ACC015037,train
ACC015038,train
ACC015039,train
ACC015040,train
ACC015041,train
ACC015042,train
ACC015043,train
ACC015044,train
ACC015045,test
ACC015046,test
ACC015047,train
ACC015048,train
ACC015049,train
ACC015050,train
ACC015051,train
ACC015052,train
ACC015053,test
ACC015054,train
ACC015055,train
ACC015056,train
ACC015057,test
ACC015058,train
ACC015059,train
ACC015060,train
ACC015061,test
ACC015062,train
ACC015063,train
ACC015064,train
ACC015065,train
ACC015066,test
ACC015067,train
ACC015068,train
ACC015069,train
ACC015070,test
ACC015071,train
ACC015072,train
ACC015073,train
ACC015074,train
ACC015075,test
ACC015076,train
ACC015077,test
ACC015078,train
ACC015079,train
ACC015080,train
ACC015081,train
ACC015082,train
ACC015083,train
ACC015084,train
ACC015085,train
ACC015086,train
ACC015087,train
ACC015088,train
ACC015089,train
ACC015090,test
ACC015091,train
ACC015092,train
ACC015093,train
ACC015094,test
ACC015095,train
ACC015096,train
ACC015097,train
ACC015098,train
ACC015099,test
ACC015100,train
ACC015101,test
ACC015102,test
ACC015103,train
ACC015104,train
ACC015105,train
ACC015106,test
ACC015107,train
ACC015108,test
ACC015109,test
ACC015110,test
ACC015111,train
ACC015112,train
ACC015113,train
ACC015114,test
ACC015115,train
ACC015116,train
ACC015117,train
ACC015118,train
ACC015119,train
ACC015120,train
ACC015121,train
ACC015122,train
ACC015123,train
ACC015124,train
ACC015125,test
ACC015126,train
ACC015127,train
ACC015128,train
ACC015129,train
ACC015130,test
ACC015131,train
ACC015132,train
ACC015133,train
ACC015134,train
ACC015135,test
ACC015136,train
ACC015137,train
ACC015138,train
ACC015139,train
ACC015140,train
ACC015141,train
ACC015142,train
ACC015143,train
ACC015144,train
ACC015145,test
ACC015146,train
ACC015147,test
ACC015148,test
ACC015149,train
ACC015150,test
ACC015151,train
ACC015152,train
ACC015153,train
ACC015154,test
ACC015155,test
ACC015156,test
ACC015157,test
ACC015158,train
ACC015159,train
ACC015160,train
ACC015161,train
ACC015162,train
ACC015163,train
ACC015164,train
ACC015165,train
ACC015166,train
ACC015167,train
ACC015168,train
ACC015169,train
ACC015170,train
ACC015171,train
ACC015172,test
ACC015173,train
ACC015174,train
ACC015175,train
ACC015176,train
ACC015177,test
ACC015178,train
ACC015179,train
ACC015180,test
ACC015181,train
ACC015182,train
ACC015183,train
ACC015184,test
ACC015185,train
ACC015186,test
ACC015187,train
ACC015188,train
ACC015189,test
ACC015190,train
ACC015191,train
ACC015192,train
ACC015193,train
ACC015194,train
ACC015195,train
ACC015196,test
ACC015197,train
ACC015198,train
ACC015199,train
ACC015200,train
ACC015201,test
ACC015202,train
ACC015203,train
ACC015204,train
ACC015205,test
ACC015206,train
ACC015207,test
ACC015208,train
ACC015209,train
ACC015210,train
ACC015211,train
ACC015212,train
ACC015213,train
ACC015214,train
ACC015215,train
ACC015216,train
ACC015217,train
ACC015218,test
ACC015219,train
ACC015220,test
ACC015221,train
ACC015222,train
ACC015223,train
ACC015224,train
ACC015225,test
ACC015226,train
ACC015227,train
ACC015228,test
ACC015229,train
ACC015230,test
ACC015231,train
ACC015232,train
ACC015233,train
ACC015234,train
ACC015235,train
ACC015236,train
ACC015237,train
ACC015238,train
ACC015239,train
ACC015240,train
ACC015241,train
ACC015242,train
ACC015243,train
ACC015244,train
ACC015245,train
ACC015246,train
ACC015247,train
ACC015248,test
ACC015249,train
ACC015250,train
ACC015251,train
ACC015252,train
ACC015253,train
ACC015254,train
ACC015255,train
ACC015256,train
ACC015257,test
ACC015258,train
ACC015259,train
ACC015260,train
ACC015261,test
ACC015262,train
ACC015263,train
ACC015264,train
ACC015265,test
ACC015266,train
ACC015267,test
ACC015268,test
ACC015269,test
ACC015270,train
ACC015271,train
ACC015272,train
ACC015273,train
ACC015274,train
ACC015275,train
ACC015276,train
ACC015277,train
ACC015278,train
ACC015279,train
ACC015280,train
ACC015281,train
ACC015282,test
ACC015283,train
ACC015284,train
ACC015285,test
ACC015286,train
ACC015287,train
ACC015288,train
ACC015289,test
ACC015290,train
ACC015291,train
ACC015292,train
ACC015293,train
ACC015294,train
ACC015295,train
ACC015296,train
ACC015297,test
ACC015298,train
ACC015299,train
ACC015300,train
ACC015301,train
ACC015302,train
ACC015303,train
ACC015304,train
ACC015305,train
ACC015306,test
ACC015307,train
ACC015308,test
ACC015309,train
ACC015310,train
ACC015311,train
ACC015312,train
ACC015313,test
ACC015314,train
ACC015315,train
ACC015316,test
ACC015317,train
ACC015318,train
ACC015319,train
ACC015320,train
ACC015321,test
ACC015322,train
ACC015323,test
ACC015324,train
ACC015325,train
ACC015326,test
ACC015327,train
ACC015328,train
ACC015329,train
ACC015330,test
ACC015331,train
ACC015332,train
ACC015333,train
ACC015334,train
ACC015335,train
ACC015336,train
ACC015337,train
ACC015338,train
ACC015339,train
ACC015340,train
ACC015341,train
ACC015342,train
ACC015343,train
ACC015344,test
ACC015345,train
ACC015346,train
ACC015347,train
ACC015348,train
ACC015349,train
ACC015350,train
ACC015351,train
ACC015352,train
ACC015353,train
ACC015354,test
ACC015355,train
ACC015356,test
ACC015357,train
ACC015358,train
ACC015359,train
ACC015360,train
ACC015361,train
ACC015362,train
ACC015363,train
ACC015364,train
ACC015365,train
ACC015366,test
ACC015367,train
ACC015368,train
ACC015369,test
ACC015370,train
ACC015371,train
ACC015372,train
ACC015373,train
ACC015374,test
ACC015375,test
ACC015376,train
ACC015377,train
ACC015378,train
ACC015379,train
ACC015380,train
ACC015381,train
ACC015382,test
ACC015383,train
ACC015384,train
ACC015385,train
ACC015386,train
ACC015387,train
ACC015388,train
ACC015389,train
ACC015390,train
ACC015391,test
ACC015392,train
ACC015393,train
ACC015394,train
ACC015395,train
ACC015396,train
ACC015397,test
ACC015398,train
ACC015399,train
ACC015400,train
ACC015401,train
ACC015402,train
ACC015403,train
ACC015404,test
ACC015405,test
ACC015406,train
ACC015407,train
ACC015408,train
ACC015409,train
ACC015410,train
ACC015411,train
ACC015412,train
ACC015413,train
ACC015414,train
ACC015415,test
ACC015416,train
ACC015417,train
ACC015418,train
ACC015419,train
ACC015420,train
ACC015421,test
ACC015422,train
ACC015423,train
ACC015424,train
ACC015425,train
ACC015426,test
ACC015427,train
ACC015428,train
ACC015429,test
ACC015430,train
ACC015431,train
ACC015432,train
ACC015433,test
ACC015434,train
ACC015435,train
ACC015436,train
ACC015437,test
ACC015438,test
ACC015439,test
ACC015440,train
ACC015441,train
ACC015442,train
ACC015443,train
ACC015444,train
ACC015445,train
ACC015446,train
ACC015447,train
ACC015448,test
ACC015449,train
ACC015450,test
ACC015451,test
ACC015452,train
ACC015453,train
ACC015454,test
ACC015455,train
ACC015456,train
ACC015457,train
ACC015458,train
ACC015459,test
ACC015460,train
ACC015461,test
ACC015462,train
ACC015463,test
ACC015464,test
ACC015465,train
ACC015466,train
ACC015467,train
ACC015468,train
ACC015469,train
ACC015470,train
ACC015471,train
ACC015472,train
ACC015473,train
ACC015474,train
ACC015475,train
ACC015476,train
ACC015477,train
ACC015478,train
ACC015479,train
ACC015480,train
ACC015481,test
ACC015482,train
ACC015483,test
ACC015484,train
ACC015485,train
ACC015486,test
ACC015487,test
ACC015488,train
ACC015489,train
ACC015490,train
ACC015491,train
ACC015492,train
ACC015493,test
ACC015494,test
ACC015495,train
ACC015496,train
ACC015497,train
ACC015498,train
ACC015499,test
ACC015500,train
ACC015501,test
ACC015502,train
ACC015503,test
ACC015504,train
ACC015505,train
ACC015506,train
ACC015507,train
ACC015508,train
ACC015509,train
ACC015510,test
ACC015511,train
ACC015512,train
ACC015513,train
ACC015514,train
ACC015515,train
ACC015516,train
ACC015517,train
ACC015518,train
ACC015519,train
ACC015520,train
ACC015521,test
ACC015522,train
ACC015523,train
ACC015524,test
ACC015525,train
ACC015526,train
ACC015527,train
ACC015528,train
ACC015529,test
ACC015530,train
ACC015531,train
ACC015532,test
ACC015533,test
ACC015534,train
ACC015535,test
ACC015536,train
ACC015537,train
ACC015538,train
ACC015539,train
ACC015540,train
ACC015541,test
ACC015542,train
ACC015543,train
ACC015544,train
ACC015545,train
ACC015546,train
ACC015547,train
ACC015548,train
ACC015549,test
ACC015550,train
ACC015551,train
ACC015552,test
ACC015553,train
ACC015554,test
ACC015555,train
ACC015556,train
ACC015557,test
ACC015558,train
ACC015559,train
ACC015560,train
ACC015561,train
ACC015562,test
ACC015563,train
ACC015564,test
ACC015565,test
ACC015566,train
ACC015567,train
ACC015568,test
ACC015569,train
ACC015570,test
ACC015571,train
ACC015572,train
ACC015573,train
ACC015574,train
ACC015575,train
ACC015576,train
ACC015577,train
ACC015578,train
ACC015579,train
ACC015580,train
ACC015581,test
ACC015582,train
ACC015583,train
ACC015584,train
ACC015585,train
ACC015586,train
ACC015587,train
ACC015588,train
ACC015589,test
ACC015590,train
ACC015591,train
ACC015592,train
ACC015593,train
ACC015594,train
ACC015595,test
ACC015596,test
ACC015597,train
ACC015598,train
ACC015599,train
ACC015600,test
ACC015601,train
ACC015602,train
ACC015603,train
ACC015604,train
ACC015605,test
ACC015606,test
ACC015607,test
ACC015608,train
ACC015609,test
ACC015610,train
ACC015611,test
ACC015612,train
ACC015613,train
ACC015614,train
ACC015615,train
ACC015616,train
ACC015617,train
ACC015618,train
ACC015619,train
ACC015620,train
ACC015621,train
ACC015622,train
ACC015623,test
ACC015624,test
ACC015625,train
ACC015626,train
ACC015627,train
ACC015628,train
ACC015629,train
ACC015630,train
ACC015631,train
ACC015632,train
ACC015633,test
ACC015634,test
ACC015635,test
ACC015636,train
ACC015637,train
ACC015638,train
ACC015639,train
ACC015640,test
ACC015641,test
ACC015642,train
ACC015643,train
ACC015644,train
ACC015645,train
ACC015646,train
ACC015647,train
ACC015648,test
ACC015649,train
ACC015650,train
ACC015651,test
ACC015652,train
ACC015653,train
ACC015654,train
ACC015655,test
ACC015656,train
ACC015657,test
ACC015658,train
ACC015659,test
ACC015660,train
ACC015661,train
ACC015662,test
ACC015663,train
ACC015664,train
ACC015665,train
ACC015666,train
ACC015667,train
ACC015668,train
ACC015669,train
ACC015670,train
ACC015671,train
ACC015672,test
ACC015673,train
ACC015674,train
ACC015675,test
ACC015676,train
ACC015677,train
ACC015678,train
ACC015679,train
ACC015680,test
ACC015681,test
ACC015682,train
ACC015683,test
ACC015684,train
ACC015685,train
ACC015686,train
ACC015687,test
ACC015688,train
ACC015689,train
ACC015690,train
ACC015691,test
ACC015692,train
ACC015693,train
ACC015694,train
ACC015695,train
ACC015696,test
ACC015697,train
ACC015698,test
ACC015699,train
ACC015700,train
ACC015701,train
ACC015702,train
ACC015703,test
ACC015704,train
ACC015705,train
ACC015706,test
ACC015707,train
ACC015708,test
ACC015709,train
ACC015710,test
ACC015711,train
ACC015712,train
ACC015713,train
ACC015714,test
ACC015715,train
ACC015716,train
ACC015717,train
ACC015718,train
ACC015719,train
ACC015720,test
ACC015721,test
ACC015722,train
ACC015723,test
ACC015724,train
ACC015725,train
ACC015726,train
ACC015727,test
ACC015728,train
ACC015729,test
ACC015730,train
ACC015731,train
ACC015732,train
ACC015733,test
ACC015734,test
ACC015735,train
ACC015736,train
ACC015737,train
ACC015738,train
ACC015739,train
ACC015740,test
ACC015741,train
ACC015742,train
ACC015743,train
ACC015744,train
ACC015745,train
ACC015746,train
ACC015747,train
ACC015748,test
ACC015749,train
ACC015750,train
ACC015751,test
ACC015752,train
ACC015753,test
ACC015754,test
ACC015755,train
ACC015756,test
ACC015757,train
ACC015758,train
ACC015759,test
ACC015760,train
ACC015761,train
ACC015762,train
ACC015763,test
ACC015764,test
ACC015765,train
ACC015766,train
ACC015767,train
ACC015768,train
ACC015769,train
ACC015770,test
ACC015771,test
ACC015772,train
ACC015773,train
ACC015774,train
ACC015775,test
ACC015776,test
ACC015777,train
ACC015778,test
ACC015779,test
ACC015780,train
ACC015781,test
ACC015782,train
ACC015783,train
ACC015784,train
ACC015785,test
ACC015786,train
ACC015787,test
ACC015788,train
ACC015789,test
ACC015790,test
ACC015791,train
ACC015792,train
ACC015793,train
ACC015794,test
ACC015795,test
ACC015796,train
ACC015797,train
ACC015798,train
ACC015799,train
ACC015800,train
ACC015801,train
ACC015802,train
ACC015803,train
ACC015804,test
ACC015805,train
ACC015806,train
ACC015807,train
ACC015808,test
ACC015809,train
ACC015810,test
ACC015811,train
ACC015812,test
ACC015813,train
ACC015814,test
ACC015815,train
ACC015816,test
ACC015817,train
ACC015818,train
ACC015819,train
ACC015820,train
ACC015821,train
ACC015822,train
ACC015823,train
ACC015824,train
ACC015825,test
ACC015826,train
ACC015827,train
ACC015828,test
ACC015829,test
ACC015830,train
ACC015831,train
ACC015832,train
ACC015833,train
ACC015834,train
ACC015835,train
ACC015836,train
ACC015837,train
ACC015838,train
ACC015839,train
ACC015840,train
ACC015841,train
ACC015842,train
ACC015843,train
ACC015844,train
ACC015845,train
ACC015846,test
ACC015847,train
ACC015848,train
ACC015849,train
ACC015850,train
ACC015851,train
ACC015852,test
ACC015853,test
ACC015854,train
ACC015855,train
ACC015856,train
ACC015857,train
ACC015858,test
ACC015859,train
ACC015860,train
ACC015861,train
ACC015862,train
ACC015863,train
ACC015864,train
ACC015865,train
ACC015866,train
ACC015867,train
ACC015868,train
ACC015869,test
ACC015870,test
ACC015871,train
ACC015872,train
ACC015873,test
ACC015874,train
ACC015875,train
ACC015876,test
ACC015877,train
ACC015878,test
ACC015879,test
ACC015880,train
ACC015881,train
ACC015882,train
ACC015883,train
ACC015884,train
ACC015885,test
ACC015886,train
ACC015887,train
ACC015888,train
ACC015889,train
ACC015890,train
ACC015891,train
ACC015892,train
ACC015893,train
ACC015894,test
ACC015895,train
ACC015896,train
ACC015897,train
ACC015898,test
ACC015899,train
ACC015900,test
ACC015901,train
ACC015902,train
ACC015903,train
ACC015904,train
ACC015905,train
ACC015906,train
ACC015907,train
ACC015908,train
ACC015909,train
ACC015910,test
ACC015911,train
ACC015912,train
ACC015913,test
ACC015914,train
ACC015915,test
ACC015916,train
ACC015917,train
ACC015918,train
ACC015919,train
ACC015920,train
ACC015921,train
ACC015922,train
ACC015923,test
ACC015924,train
ACC015925,train
ACC015926,train
ACC015927,train
ACC015928,train
ACC015929,train
ACC015930,train
ACC015931,train
ACC015932,train
ACC015933,test
ACC015934,train
ACC015935,train
ACC015936,train
ACC015937,train
ACC015938,test
ACC015939,train
ACC015940,train
ACC015941,train
ACC015942,train
ACC015943,train
ACC015944,train
ACC015945,train
ACC015946,train
ACC015947,train
ACC015948,train
ACC015949,train
ACC015950,train
ACC015951,train
ACC015952,train
ACC015953,test
ACC015954,train
ACC015955,test
ACC015956,train
ACC015957,test
ACC015958,train
ACC015959,train
ACC015960,train
ACC015961,train
ACC015962,test
ACC015963,test
ACC015964,train
ACC015965,train
ACC015966,train
ACC015967,train
ACC015968,train
ACC015969,test
ACC015970,train
ACC015971,train
ACC015972,train
ACC015973,test
ACC015974,train
ACC015975,test
ACC015976,train
ACC015977,test
ACC015978,train
ACC015979,train
ACC015980,test
ACC015981,train
ACC015982,test
ACC015983,train
ACC015984,test
ACC015985,train
ACC015986,train
ACC015987,train
ACC015988,test
ACC015989,train
ACC015990,test
ACC015991,test
ACC015992,test
ACC015993,train
ACC015994,train
ACC015995,train
ACC015996,train
ACC015997,train
ACC015998,train
ACC015999,train
ACC016000,train
ACC016001,train
ACC016002,train
ACC016003,train
ACC016004,train
ACC016005,train
ACC016006,train
ACC016007,train
ACC016008,train
ACC016009,train
ACC016010,train
ACC016011,train
ACC016012,train
ACC016013,train
ACC016014,train
ACC016015,train
ACC016016,train
ACC016017,train
ACC016018,train
ACC016019,train
ACC016020,train
ACC016021,train
ACC016022,train
ACC016023,train
ACC016024,train
ACC016025,train
ACC016026,train
ACC016027,train
ACC016028,train
ACC016029,train
ACC016030,train
ACC016031,train
ACC016032,train
ACC016033,train
ACC016034,train
ACC016035,train
ACC016036,test
ACC016037,test
ACC016038,test
ACC016039,test
ACC016040,test
ACC016041,test
ACC016042,test
ACC016043,test
ACC016044,test
ACC016045,train
ACC016046,train
ACC016047,train
ACC016048,train
ACC016049,train
ACC016050,train
ACC016051,train
ACC016052,train
ACC016053,train
ACC016054,train
ACC016055,train
ACC016056,train
ACC016057,train
ACC016058,train
ACC016059,train
ACC016060,train
ACC016061,train
ACC016062,train
ACC016063,train
ACC016064,train
ACC016065,train
ACC016066,train
ACC016067,train
ACC016068,train
ACC016069,train
ACC016070,train
ACC016071,train
ACC016072,train
ACC016073,train
ACC016074,train
ACC016075,train
ACC016076,train
ACC016077,train
ACC016078,train
ACC016079,train
ACC016080,train
ACC016081,train
ACC016082,train
ACC016083,train
ACC016084,train
ACC016085,train
ACC016086,train
ACC016087,train
ACC016088,train
ACC016089,train
ACC016090,train
ACC016091,train
ACC016092,train
ACC016093,train
ACC016094,train
ACC016095,train
ACC016096,train
ACC016097,train
ACC016098,train
ACC016099,train
ACC016100,train
ACC016101,train
ACC016102,test
ACC016103,test
ACC016104,test
ACC016105,test
ACC016106,test
ACC016107,test
ACC016108,test
ACC016109,test
ACC016110,test
ACC016111,test
ACC016112,test
ACC016113,train
ACC016114,train
ACC016115,train
ACC016116,train
ACC016117,train
ACC016118,test
ACC016119,test
ACC016120,test
ACC016121,test
ACC016122,test
ACC016123,test
ACC016124,test
ACC016125,test
ACC016126,train
ACC016127,train
ACC016128,train
ACC016129,train
ACC016130,train
ACC016131,train
ACC016132,train
ACC016133,train
ACC016134,train
ACC016135,train
ACC016136,train
ACC016137,train
ACC016138,train
ACC016139,train
ACC016140,train
ACC016141,train
ACC016142,train
ACC016143,train
ACC016144,train
ACC016145,train
ACC016146,train
ACC016147,train
ACC016148,train
ACC016149,train
ACC016150,train
ACC016151,train
ACC016152,train
ACC016153,train
ACC016154,train
ACC016155,train
ACC016156,train
ACC016157,train
ACC016158,train
ACC016159,train
ACC016160,train
ACC016161,train
ACC016162,train
ACC016163,train
ACC016164,train
ACC016165,train
ACC016166,train
ACC016167,train
ACC016168,train
ACC016169,train
ACC016170,train
ACC016171,train
ACC016172,train
ACC016173,train
ACC016174,train
ACC016175,train
ACC016176,train
ACC016177,train
ACC016178,train
ACC016179,train
ACC016180,train
ACC016181,train
ACC016182,train
ACC016183,train
ACC016184,train
ACC016185,train
ACC016186,train
ACC016187,train
ACC016188,train
ACC016189,train
ACC016190,train
ACC016191,train
ACC016192,train
ACC016193,train
ACC016194,train
ACC016195,train
ACC016196,train
ACC016197,train
ACC016198,train
ACC016199,train
ACC016200,train
ACC016201,train
ACC016202,train
ACC016203,train
ACC016204,train
ACC016205,train
ACC016206,train
ACC016207,train
ACC016208,train
ACC016209,train
ACC016210,train
ACC016211,train
ACC016212,train
ACC016213,train
ACC016214,train
ACC016215,train
ACC016216,train
ACC016217,train
ACC016218,train
ACC016219,train
ACC016220,train
ACC016221,train
ACC016222,train
ACC016223,train
ACC016224,train
ACC016225,train
ACC016226,train
ACC016227,train
ACC016228,train
ACC016229,train
ACC016230,train
ACC016231,train
ACC016232,train
ACC016233,train
ACC016234,train
ACC016235,train
ACC016236,train
ACC016237,train
ACC016238,train
ACC016239,train
ACC016240,train
ACC016241,train
ACC016242,train
ACC016243,train
ACC016244,train
ACC016245,train
ACC016246,train
ACC016247,train
ACC016248,train
ACC016249,train
ACC016250,train
ACC016251,train
ACC016252,train
ACC016253,train
ACC016254,train
ACC016255,train
ACC016256,train
ACC016257,train
ACC016258,train
ACC016259,train
ACC016260,train
ACC016261,train
ACC016262,train
ACC016263,train
ACC016264,train
ACC016265,train
ACC016266,train
ACC016267,train
ACC016268,train
ACC016269,train
ACC016270,train
ACC016271,train
ACC016272,train
ACC016273,train
ACC016274,train
ACC016275,train
ACC016276,train
ACC016277,train
ACC016278,train
ACC016279,train
ACC016280,train
ACC016281,train
ACC016282,train
ACC016283,train
ACC016284,train
ACC016285,train
ACC016286,train
ACC016287,train
ACC016288,train
ACC016289,train
ACC016290,train
ACC016291,train
ACC016292,train
ACC016293,train
ACC016294,train
ACC016295,train
ACC016296,train
ACC016297,train
ACC016298,train
ACC016299,train
ACC016300,train
ACC016301,train
ACC016302,train
ACC016303,train
ACC016304,train
ACC016305,train
ACC016306,train
ACC016307,train
ACC016308,train
ACC016309,train
ACC016310,train
ACC016311,train
ACC016312,train
ACC016313,train
ACC016314,train
ACC016315,train
ACC016316,train
ACC016317,train
ACC016318,train
ACC016319,train
ACC016320,train
ACC016321,train
ACC016322,train
ACC016323,train
ACC016324,train
ACC016325,train
ACC016326,train
ACC016327,train
ACC016328,train
ACC016329,train
ACC016330,train
ACC016331,train
ACC016332,train
ACC016333,train
ACC016334,train
ACC016335,train
ACC016336,train
ACC016337,train
ACC016338,train
ACC016339,train
ACC016340,train
ACC016341,train
ACC016342,train
ACC016343,train
ACC016344,train
ACC016345,train
ACC016346,train
ACC016347,train
ACC016348,train
ACC016349,train
ACC016350,train
ACC016351,train
ACC016352,train
ACC016353,train
ACC016354,train
ACC016355,train
ACC016356,train
ACC016357,train
ACC016358,train
ACC016359,train
ACC016360,train
ACC016361,train
ACC016362,train
ACC016363,train
ACC016364,train
ACC016365,train
ACC016366,train
ACC016367,train
ACC016368,train
ACC016369,train
ACC016370,train
ACC016371,train
ACC016372,train
ACC016373,train
ACC016374,train
ACC016375,train
ACC016376,train
ACC016377,train
ACC016378,train
ACC016379,train
ACC016380,train
ACC016381,train
ACC016382,train
ACC016383,train
ACC016384,train
ACC016385,train
ACC016386,train
ACC016387,train
ACC016388,train
ACC016389,train
ACC016390,train
ACC016391,train
ACC016392,train
ACC016393,train
ACC016394,train
ACC016395,train
ACC016396,train
ACC016397,train
ACC016398,test
ACC016399,test
ACC016400,train
ACC016401,train
ACC016402,test
ACC016403,test
ACC016404,train
ACC016405,train
ACC016406,test
ACC016407,test
ACC016408,test
ACC016409,test
ACC016410,test
ACC016411,train
ACC016412,test
ACC016413,test
ACC016414,test
ACC016415,test
ACC016416,test
ACC016417,train
ACC016418,test
ACC016419,test
ACC016420,train
ACC016421,train
ACC016422,train
ACC016423,train
ACC016424,train
ACC016425,train
ACC016426,train
ACC016427,train
ACC016428,train
ACC016429,train
ACC016430,train
ACC016431,train
ACC016432,train
ACC016433,train
ACC016434,train
ACC016435,train
ACC016436,train
ACC016437,train
ACC016438,train
ACC016439,train
ACC016440,train
ACC016441,train
ACC016442,train
ACC016443,train
ACC016444,train
ACC016445,train
ACC016446,train
ACC016447,train
ACC016448,train
ACC016449,train
ACC016450,train
ACC016451,train
ACC016452,train
ACC016453,train
ACC016454,train
ACC016455,train
ACC016456,train
ACC016457,train
ACC016458,train
ACC016459,train
ACC016460,train
ACC016461,train
ACC016462,train
ACC016463,train
ACC016464,train
ACC016465,train
ACC016466,train
ACC016467,train
ACC016468,train
ACC016469,train
ACC016470,train
ACC016471,train
ACC016472,train
ACC016473,train
ACC016474,train
ACC016475,train
ACC016476,train
ACC016477,train
ACC016478,train
ACC016479,train
ACC016480,train
ACC016481,train
ACC016482,train
ACC016483,train
ACC016484,train
ACC016485,train
ACC016486,train
ACC016487,train
ACC016488,train
ACC016489,train
ACC016490,train
ACC016491,train
ACC016492,train
ACC016493,train
ACC016494,train
ACC016495,train
ACC016496,train
ACC016497,train
ACC016498,train
ACC016499,train
ACC016500,train
ACC016501,train
ACC016502,train
ACC016503,train
ACC016504,train
ACC016505,train
ACC016506,train
ACC016507,train
ACC016508,train
ACC016509,train
ACC016510,train
ACC016511,train
ACC016512,train
ACC016513,train
ACC016514,train
ACC016515,train
ACC016516,train
ACC016517,train
ACC016518,train
ACC016519,train
ACC016520,train
ACC016521,train
ACC016522,train
ACC016523,train
ACC016524,train
ACC016525,train
ACC016526,train
ACC016527,train
ACC016528,test
ACC016529,test
ACC016530,test
ACC016531,train
ACC016532,test
ACC016533,test
ACC016534,test
ACC016535,train
ACC016536,train
ACC016537,train
ACC016538,test
ACC016539,test
ACC016540,test
ACC016541,test
ACC016542,test
ACC016543,train
ACC016544,train
ACC016545,train
ACC016546,test
ACC016547,test
ACC016548,train
ACC016549,test
ACC016550,train
ACC016551,test
ACC016552,test
ACC016553,train
ACC016554,test
ACC016555,test
ACC016556,test
ACC016557,train
ACC016558,train
ACC016559,train
ACC016560,train
ACC016561,test
ACC016562,train
ACC016563,test
ACC016564,train
ACC016565,train
ACC016566,test
ACC016567,test
ACC016568,test
ACC016569,test
ACC016570,test
ACC016571,train
ACC016572,train
ACC016573,test
ACC016574,test
ACC016575,test
ACC016576,train
ACC016577,train
ACC016578,test
ACC016579,train
ACC016580,test
ACC016581,test
ACC016582,test
ACC016583,test
ACC016584,train
ACC016585,test
ACC016586,test
ACC016587,test
ACC016588,test
ACC016589,test
ACC016590,test
ACC016591,test
ACC016592,test
ACC016593,test
ACC016594,test
ACC016595,test
ACC016596,test
ACC016597,test
ACC016598,test
ACC016599,test
ACC016600,test
ACC016601,test
ACC016602,test
ACC016603,test
ACC016604,test
ACC016605,test
ACC016606,test
ACC016607,test
ACC016608,test
ACC016609,test
ACC016610,test
ACC016611,test
ACC016612,test
ACC016613,test
ACC016614,train
ACC016615,train
ACC016616,train
ACC016617,train
ACC016618,train
ACC016619,train
ACC016620,train
ACC016621,train
ACC016622,train
ACC016623,train
ACC016624,train
ACC016625,train
ACC016626,train
ACC016627,train
ACC016628,train
ACC016629,train
ACC016630,train
ACC016631,train
ACC016632,train
ACC016633,train
ACC016634,train
ACC016635,train
ACC016636,train
ACC016637,train
ACC016638,train
ACC016639,train
ACC016640,train
ACC016641,train
ACC016642,train
ACC016643,train
ACC016644,train
ACC016645,train
ACC016646,train
ACC016647,train
ACC016648,train
ACC016649,train
ACC016650,train
ACC016651,train
ACC016652,train
ACC016653,train
ACC016654,train
ACC016655,train
ACC016656,train
ACC016657,train
ACC016658,train
ACC016659,train
ACC016660,train
ACC016661,train
ACC016662,train
ACC016663,train
ACC016664,train
ACC016665,train
ACC016666,train
ACC016667,train
ACC016668,train
ACC016669,train
ACC016670,train
ACC016671,train
ACC016672,train
ACC016673,train
ACC016674,train
ACC016675,train
ACC016676,train
ACC016677,train
ACC016678,train
ACC016679,train
ACC016680,train
ACC016681,train
ACC016682,train
ACC016683,train
ACC016684,train
ACC016685,train
ACC016686,train
ACC016687,train
ACC016688,train
ACC016689,train
ACC016690,train
ACC016691,train
ACC016692,train
ACC016693,train
ACC016694,train
ACC016695,train
ACC016696,train
ACC016697,train
ACC016698,train
ACC016699,train
ACC016700,train
ACC016701,train
ACC016702,train
ACC016703,train
ACC016704,train
ACC016705,train
ACC016706,train
ACC016707,train
ACC016708,train
ACC016709,train
ACC016710,train
ACC016711,train
ACC016712,train
ACC016713,train
ACC016714,train
ACC016715,train
ACC016716,train
ACC016717,train
ACC016718,train
ACC016719,train
ACC016720,train
ACC016721,train
ACC016722,train
ACC016723,train
ACC016724,train
ACC016725,train
ACC016726,train
ACC016727,train
ACC016728,train
ACC016729,train
ACC016730,train
ACC016731,train
ACC016732,train
ACC016733,train
ACC016734,train
ACC016735,train
ACC016736,train
ACC016737,train
ACC016738,train
ACC016739,train
ACC016740,train
ACC016741,train
ACC016742,train
ACC016743,train
ACC016744,train
ACC016745,train
ACC016746,train
ACC016747,train
ACC016748,train
ACC016749,train
ACC016750,train
ACC016751,train
ACC016752,train
ACC016753,train
ACC016754,train
ACC016755,train
ACC016756,train
ACC016757,train
ACC016758,train
ACC016759,train
ACC016760,train
ACC016761,train
ACC016762,train
ACC016763,train
ACC016764,train
ACC016765,train
ACC016766,train
ACC016767,train
ACC016768,train
ACC016769,train
ACC016770,train
ACC016771,train
ACC016772,train
ACC016773,train
ACC016774,train
ACC016775,train
ACC016776,train
ACC016777,train
ACC016778,train
ACC016779,train
ACC016780,train
ACC016781,train
ACC016782,train
ACC016783,train
ACC016784,train
ACC016785,train
ACC016786,train
ACC016787,train
ACC016788,train
ACC016789,train
ACC016790,train
ACC016791,train
ACC016792,train
ACC016793,train
ACC016794,train
ACC016795,train
ACC016796,train
ACC016797,train
ACC016798,train
ACC016799,train
ACC016800,train
ACC016801,train
ACC016802,train
ACC016803,train
ACC016804,train
ACC016805,train
ACC016806,train
ACC016807,train
ACC016808,train
ACC016809,train
ACC016810,train
ACC016811,train
ACC016812,train
ACC016813,train
ACC016814,train
ACC016815,train
ACC016816,train
ACC016817,train
ACC016818,train
ACC016819,train
ACC016820,train
ACC016821,train
ACC016822,train
ACC016823,train
ACC016824,train
ACC016825,train
ACC016826,train
ACC016827,train
ACC016828,train
ACC016829,train
ACC016830,train
ACC016831,train
ACC016832,train
ACC016833,train
ACC016834,train
ACC016835,train
ACC016836,train
ACC016837,train
ACC016838,train
ACC016839,train
ACC016840,train
ACC016841,train
ACC016842,train
ACC016843,train
ACC016844,train
ACC016845,train
ACC016846,train
ACC016847,train
ACC016848,train
ACC016849,train
ACC016850,train
ACC016851,train
ACC016852,train
ACC016853,train
ACC016854,train
ACC016855,train
ACC016856,train
ACC016857,train
ACC016858,train
ACC016859,train
ACC016860,train
ACC016861,train
ACC016862,train
ACC016863,train
ACC016864,train
ACC016865,train
ACC016866,train
ACC016867,train
ACC016868,train
ACC016869,train
ACC016870,train
ACC016871,train
ACC016872,train
ACC016873,train
ACC016874,train
ACC016875,train
ACC016876,train
ACC016877,train
ACC016878,train
ACC016879,train
ACC016880,train
ACC016881,train
ACC016882,train
ACC016883,train
ACC016884,train
ACC016885,train
ACC016886,train
ACC016887,train
ACC016888,train
ACC016889,train
ACC016890,train
ACC016891,train
ACC016892,train
ACC016893,train
ACC016894,train
ACC016895,train
ACC016896,train
ACC016897,train
ACC016898,train
ACC016899,train
ACC016900,train
ACC016901,train
ACC016902,train
ACC016903,train
ACC016904,train
ACC016905,train
ACC016906,train
ACC016907,train
ACC016908,train
ACC016909,train
ACC016910,train
ACC016911,train
ACC016912,train
ACC016913,train
ACC016914,train
ACC016915,train
ACC016916,train
ACC016917,train
ACC016918,train
ACC016919,train
ACC016920,train
ACC016921,train
ACC016922,train
ACC016923,train
ACC016924,train
ACC016925,train
ACC016926,train
ACC016927,train
ACC016928,train
ACC016929,train
ACC016930,train
ACC016931,train
ACC016932,train
ACC016933,train
ACC016934,train
ACC016935,train
ACC016936,train
ACC016937,train
ACC016938,train
ACC016939,train
ACC016940,train
ACC016941,train
ACC016942,train
ACC016943,train
ACC016944,train
ACC016945,train
ACC016946,train
ACC016947,train
ACC016948,train
ACC016949,train
ACC016950,train
ACC016951,train
ACC016952,train
ACC016953,train
ACC016954,train
ACC016955,train
ACC016956,train
ACC016957,train
ACC016958,train
ACC016959,train
ACC016960,train
ACC016961,train
ACC016962,train
ACC016963,train
ACC016964,train
ACC016965,train
ACC016966,train
ACC016967,train
ACC016968,train
ACC016969,train
ACC016970,train
ACC016971,train
ACC016972,train
ACC016973,train
ACC016974,train
ACC016975,train
ACC016976,train
ACC016977,train
ACC016978,train
ACC016979,train
ACC016980,train
ACC016981,train
ACC016982,train
ACC016983,train
ACC016984,train
ACC016985,train
ACC016986,train
ACC016987,train
ACC016988,train
ACC016989,train
ACC016990,train
ACC016991,train
ACC016992,train
ACC016993,train
ACC016994,train
ACC016995,train
ACC016996,train
ACC016997,train
ACC016998,train
ACC016999,train
ACC017000,train
ACC017001,train
ACC017002,train
ACC017003,train
ACC017004,train
ACC017005,train
ACC017006,train
ACC017007,train
ACC017008,train
ACC017009,train
ACC017010,train
ACC017011,train
ACC017012,train
ACC017013,train
ACC017014,train
ACC017015,train
ACC017016,train
ACC017017,train
ACC017018,train
ACC017019,train
ACC017020,train
ACC017021,train
ACC017022,train
ACC017023,train
ACC017024,train
ACC017025,train
ACC017026,train
ACC017027,train
ACC017028,train
ACC017029,train
ACC017030,train
ACC017031,train
ACC017032,train
ACC017033,train
ACC017034,train
ACC017035,train
ACC017036,train
ACC017037,train
ACC017038,train
ACC017039,train
ACC017040,train
ACC017041,train
ACC017042,train
ACC017043,train
ACC017044,train
ACC017045,train
ACC017046,train
ACC017047,train
ACC017048,train
ACC017049,train
ACC017050,train
ACC017051,train
ACC017052,train
ACC017053,train
ACC017054,train
ACC017055,train
ACC017056,train
ACC017057,train
ACC017058,train
ACC017059,train
ACC017060,train
ACC017061,train
ACC017062,train
ACC017063,train
ACC017064,train
ACC017065,train
ACC017066,train
ACC017067,train
ACC017068,train
ACC017069,train
ACC017070,train
ACC017071,train
ACC017072,train
ACC017073,train
ACC017074,train
ACC017075,train
ACC017076,train
ACC017077,train
ACC017078,train
ACC017079,train
ACC017080,train
ACC017081,train
ACC017082,train
ACC017083,train
ACC017084,train
ACC017085,train
ACC017086,train
ACC017087,train
ACC017088,train
ACC017089,train
ACC017090,train
ACC017091,train
ACC017092,train
ACC017093,train
ACC017094,train
ACC017095,train
ACC017096,train
ACC017097,train
ACC017098,train
ACC017099,train
ACC017100,train
ACC017101,train
ACC017102,train
ACC017103,train
ACC017104,train
ACC017105,train
ACC017106,train
ACC017107,train
ACC017108,train
ACC017109,train
ACC017110,train
ACC017111,train
ACC017112,train
ACC017113,train
ACC017114,train
ACC017115,train
ACC017116,train
ACC017117,train
ACC017118,train
ACC017119,train
ACC017120,train
ACC017121,train
ACC017122,train
ACC017123,train
ACC017124,train
ACC017125,train
ACC017126,train
ACC017127,train
ACC017128,train
ACC017129,train
ACC017130,train
ACC017131,train
ACC017132,train
ACC017133,train
ACC017134,train
ACC017135,train
ACC017136,train
ACC017137,train
ACC017138,train
ACC017139,train
ACC017140,train
ACC017141,train
ACC017142,train
ACC017143,train
ACC017144,train
ACC017145,train
ACC017146,train
ACC017147,train
ACC017148,train
ACC017149,train
ACC017150,train
ACC017151,train
ACC017152,train
ACC017153,train
ACC017154,train
ACC017155,train
ACC017156,train
ACC017157,train
ACC017158,train
ACC017159,train
ACC017160,train
ACC017161,train
ACC017162,train
ACC017163,train
ACC017164,train
ACC017165,train
ACC017166,train
ACC017167,train
ACC017168,train
ACC017169,train
ACC017170,train
ACC017171,train
ACC017172,train
ACC017173,train
ACC017174,train
ACC017175,train
ACC017176,train
ACC017177,train
ACC017178,train
ACC017179,train
ACC017180,train
ACC017181,train
ACC017182,train
ACC017183,train
ACC017184,train
ACC017185,train
ACC017186,train
ACC017187,train
ACC017188,train
ACC017189,train
ACC017190,train
ACC017191,train
ACC017192,train
ACC017193,train
ACC017194,train
ACC017195,train
ACC017196,train
ACC017197,train
ACC017198,train
ACC017199,train
ACC017200,train
ACC017201,train
ACC017202,train
ACC017203,train
ACC017204,train
ACC017205,train
ACC017206,train
ACC017207,train
ACC017208,train
ACC017209,train
ACC017210,train
ACC017211,train
ACC017212,train
ACC017213,train
ACC017214,train
ACC017215,train
ACC017216,train
ACC017217,train
ACC017218,train
ACC017219,train
ACC017220,train
ACC017221,train
ACC017222,train
ACC017223,train
ACC017224,train
ACC017225,train
ACC017226,train
ACC017227,train
ACC017228,train
ACC017229,train
ACC017230,train
ACC017231,train
ACC017232,train
ACC017233,train
ACC017234,train
ACC017235,train
ACC017236,train
ACC017237,train
ACC017238,train
ACC017239,train
ACC017240,train
ACC017241,train
ACC017242,train
ACC017243,train
ACC017244,train
ACC017245,train
ACC017246,train
ACC017247,train
ACC017248,train
ACC017249,train
ACC017250,train
ACC017251,train
ACC017252,train
ACC017253,train
ACC017254,train
ACC017255,train
ACC017256,train
ACC017257,train
ACC017258,train
ACC017259,train
ACC017260,train
ACC017261,train
ACC017262,train
ACC017263,train
ACC017264,train
ACC017265,train
ACC017266,train
ACC017267,train
ACC017268,train
ACC017269,train
ACC017270,train
ACC017271,train
ACC017272,train
ACC017273,train
ACC017274,train
ACC017275,train
ACC017276,train
ACC017277,train
ACC017278,train
ACC017279,train
ACC017280,train
ACC017281,train
ACC017282,train
ACC017283,train
ACC017284,train
ACC017285,train
ACC017286,train
ACC017287,train
ACC017288,train
ACC017289,train
ACC017290,train
ACC017291,train
ACC017292,train
ACC017293,train
ACC017294,train
ACC017295,train
ACC017296,train
ACC017297,train
ACC017298,train
ACC017299,train
ACC017300,train
ACC017301,train
ACC017302,train
ACC017303,train
ACC017304,train
ACC017305,train
ACC017306,train
ACC017307,train
ACC017308,train
ACC017309,train
ACC017310,train
ACC017311,train
ACC017312,train
ACC017313,train
ACC017314,train
ACC017315,train
ACC017316,train
ACC017317,train
ACC017318,train
ACC017319,train
ACC017320,train
ACC017321,train
ACC017322,train
ACC017323,train
ACC017324,train
ACC017325,train
ACC017326,train
ACC017327,train
ACC017328,train
ACC017329,train
ACC017330,train
ACC017331,train
ACC017332,train
ACC017333,train
ACC017334,train
ACC017335,train
ACC017336,train
ACC017337,train
ACC017338,train
ACC017339,train
ACC017340,train
ACC017341,train
ACC017342,train
ACC017343,train
ACC017344,train
ACC017345,train
ACC017346,train
ACC017347,train
ACC017348,train
ACC017349,train
ACC017350,train
ACC017351,train
ACC017352,train
ACC017353,train
ACC017354,train
ACC017355,train
ACC017356,train
ACC017357,train
ACC017358,train
ACC017359,train
ACC017360,train
ACC017361,train
ACC017362,train
ACC017363,train
ACC017364,train
ACC017365,train
ACC017366,train
ACC017367,train
ACC017368,train
ACC017369,train
ACC017370,train
ACC017371,train
ACC017372,train
ACC017373,train
ACC017374,train
ACC017375,train
ACC017376,train
ACC017377,train
ACC017378,train
ACC017379,train
ACC017380,train
ACC017381,train
ACC017382,train
ACC017383,train
ACC017384,train
ACC017385,train
ACC017386,train
ACC017387,train
ACC017388,train
ACC017389,train
ACC017390,train
ACC017391,train
ACC017392,train
ACC017393,train
ACC017394,train
ACC017395,train
ACC017396,train
ACC017397,train
ACC017398,train
ACC017399,train
ACC017400,train
ACC017401,train
ACC017402,train
ACC017403,train
ACC017404,train
ACC017405,train
ACC017406,train
ACC017407,train
ACC017408,train
ACC017409,train
ACC017410,test
ACC017411,train
ACC017412,train
ACC017413,test
ACC017414,train
ACC017415,train
ACC017416,test
ACC017417,train
ACC017418,test
ACC017419,test
ACC017420,test
ACC017421,test
ACC017422,train
ACC017423,test
ACC017424,train
ACC017425,train
ACC017426,train
ACC017427,test
ACC017428,test
ACC017429,train
ACC017430,test
ACC017431,train
ACC017432,train
ACC017433,test
ACC017434,test
ACC017435,train
ACC017436,test
ACC017437,test
ACC017438,train
ACC017439,test
ACC017440,train
ACC017441,test
ACC017442,test
ACC017443,test
ACC017444,test
ACC017445,test
ACC017446,test
ACC017447,test
ACC017448,train
ACC017449,test
ACC017450,test
ACC017451,train
ACC017452,train
ACC017453,train
ACC017454,train
ACC017455,train
ACC017456,train
ACC017457,train
ACC017458,train
ACC017459,train
ACC017460,train
ACC017461,train
ACC017462,train
ACC017463,train
ACC017464,train
ACC017465,train
ACC017466,train
ACC017467,train
ACC017468,train
ACC017469,train
ACC017470,train
ACC017471,train
ACC017472,train
ACC017473,train
ACC017474,train
ACC017475,train
ACC017476,train
ACC017477,train
ACC017478,train
ACC017479,train
ACC017480,train
ACC017481,train
ACC017482,train
ACC017483,train
ACC017484,train
ACC017485,train
ACC017486,train
ACC017487,train
ACC017488,train
ACC017489,train
ACC017490,train
ACC017491,train
ACC017492,train
ACC017493,train
ACC017494,train
ACC017495,train
ACC017496,train
ACC017497,train
ACC017498,train
ACC017499,train
ACC017500,train
ACC017501,train
ACC017502,train
ACC017503,train
ACC017504,train
ACC017505,train
ACC017506,train
ACC017507,train
ACC017508,train
ACC017509,train
ACC017510,train
ACC017511,train
ACC017512,train
ACC017513,train
ACC017514,train
ACC017515,train
ACC017516,train
ACC017517,train
ACC017518,train
ACC017519,train
ACC017520,train
ACC017521,train
ACC017522,train
ACC017523,train
ACC017524,train
ACC017525,train
ACC017526,train
ACC017527,train
ACC017528,train
ACC017529,train
ACC017530,train
ACC017531,train
ACC017532,train
ACC017533,train
ACC017534,train
ACC017535,train
ACC017536,train
ACC017537,train
ACC017538,train
ACC017539,train
ACC017540,train
ACC017541,train
ACC017542,train
ACC017543,train
ACC017544,train
ACC017545,train
ACC017546,train
ACC017547,train
ACC017548,train
ACC017549,train
ACC017550,train
ACC017551,train
ACC017552,train
ACC017553,train
ACC017554,train
ACC017555,train
ACC017556,train
ACC017557,train
ACC017558,train
ACC017559,train
ACC017560,train
ACC017561,train
ACC017562,train
ACC017563,train
ACC017564,train
ACC017565,train
ACC017566,train
ACC017567,train
ACC017568,train
ACC017569,train
ACC017570,train
ACC017571,train
ACC017572,train
ACC017573,train
ACC017574,train
ACC017575,train
ACC017576,train
ACC017577,train
ACC017578,train
ACC017579,train
ACC017580,train
ACC017581,train
ACC017582,train
ACC017583,train
ACC017584,train
ACC017585,train
ACC017586,train
ACC017587,train
ACC017588,train
ACC017589,train
ACC017590,train
ACC017591,train
ACC017592,train
ACC017593,train
ACC017594,train
ACC017595,train
ACC017596,train
ACC017597,train
ACC017598,test
ACC017599,train
ACC017600,test
ACC017601,train
ACC017602,train
ACC017603,train
ACC017604,train
ACC017605,train
ACC017606,train
ACC017607,train
ACC017608,train
ACC017609,test
ACC017610,train
ACC017611,train
ACC017612,train
ACC017613,test
ACC017614,train
ACC017615,test
ACC017616,test
ACC017617,train
ACC017618,test
ACC017619,train
ACC017620,train
ACC017621,test
ACC017622,train
ACC017623,train
ACC017624,train
ACC017625,train
ACC017626,test
ACC017627,test
ACC017628,train
ACC017629,train
ACC017630,test
ACC017631,train
ACC017632,test
ACC017633,train
ACC017634,train
ACC017635,test
ACC017636,train
ACC017637,test
ACC017638,train
ACC017639,train
ACC017640,test
ACC017641,train
ACC017642,train
ACC017643,test
ACC017644,test
ACC017645,train
ACC017646,test
ACC017647,train
ACC017648,train
ACC017649,train
ACC017650,test
ACC017651,test
ACC017652,train
ACC017653,train
ACC017654,test
ACC017655,train
ACC017656,train
ACC017657,train
ACC017658,train
ACC017659,train
ACC017660,train
ACC017661,train
ACC017662,train
ACC017663,train
ACC017664,train
ACC017665,train
ACC017666,train
ACC017667,train
ACC017668,train
ACC017669,train
ACC017670,train
ACC017671,train
ACC017672,train
ACC017673,train
ACC017674,train
ACC017675,train
ACC017676,train
ACC017677,train
ACC017678,train
ACC017679,train
ACC017680,train
ACC017681,train
ACC017682,train
ACC017683,train
ACC017684,train
ACC017685,train
ACC017686,train
ACC017687,train
ACC017688,train
ACC017689,train
ACC017690,train
ACC017691,train
ACC017692,train
ACC017693,train
ACC017694,train
ACC017695,train
ACC017696,train
ACC017697,train
ACC017698,train
ACC017699,train
ACC017700,train
ACC017701,train
ACC017702,train
ACC017703,train
ACC017704,train
ACC017705,train
ACC017706,train
ACC017707,train
ACC017708,train
ACC017709,train
ACC017710,train
ACC017711,train
ACC017712,train
ACC017713,train
ACC017714,train
ACC017715,train
ACC017716,train
ACC017717,train
ACC017718,train
ACC017719,train
ACC017720,train
ACC017721,train
ACC017722,train
ACC017723,train
ACC017724,train
ACC017725,train
ACC017726,train
ACC017727,train
ACC017728,train
ACC017729,train
ACC017730,train
ACC017731,train
ACC017732,train
ACC017733,train
ACC017734,train
ACC017735,train
ACC017736,train
ACC017737,train
ACC017738,train
ACC017739,train
ACC017740,train
ACC017741,train
ACC017742,train
ACC017743,train
ACC017744,train
ACC017745,train
ACC017746,train
ACC017747,train
ACC017748,train
ACC017749,train
ACC017750,train
ACC017751,train
ACC017752,train
ACC017753,train
ACC017754,train
ACC017755,train
ACC017756,train
ACC017757,train
ACC017758,train
ACC017759,train
ACC017760,train
ACC017761,train
ACC017762,train
ACC017763,train
ACC017764,train
ACC017765,train
ACC017766,train
ACC017767,train
ACC017768,train
ACC017769,train
ACC017770,train
ACC017771,train
ACC017772,train
ACC017773,train
ACC017774,train
ACC017775,train
ACC017776,train
ACC017777,train
ACC017778,train
ACC017779,train
ACC017780,train
ACC017781,train
ACC017782,train
ACC017783,train
ACC017784,train
ACC017785,train
ACC017786,train
ACC017787,train
ACC017788,train
ACC017789,train
ACC017790,train
ACC017791,train
ACC017792,train
ACC017793,train
ACC017794,train
ACC017795,train
ACC017796,train
ACC017797,train
ACC017798,train
ACC017799,train
ACC017800,train
ACC017801,train
ACC017802,train
ACC017803,train
ACC017804,train
ACC017805,train
ACC017806,train
ACC017807,train
ACC017808,train
ACC017809,train
ACC017810,train
ACC017811,train
ACC017812,train
ACC017813,train
ACC017814,train
ACC017815,train
ACC017816,train
ACC017817,train
ACC017818,train
ACC017819,train
ACC017820,train
ACC017821,train
ACC017822,train
ACC017823,train
ACC017824,train
ACC017825,train
ACC017826,train
ACC017827,train
ACC017828,train
ACC017829,train
ACC017830,train
ACC017831,train
ACC017832,train
ACC017833,train
ACC017834,train
ACC017835,train
ACC017836,train
ACC017837,train
ACC017838,train
ACC017839,train
ACC017840,train
ACC017841,train
ACC017842,train
ACC017843,train
ACC017844,train
ACC017845,train
ACC017846,train
ACC017847,train
ACC017848,train
ACC017849,train
ACC017850,train
ACC017851,train
ACC017852,train
ACC017853,train
ACC017854,train
ACC017855,train
ACC017856,train
ACC017857,train
ACC017858,train
ACC017859,train
ACC017860,train
ACC017861,train
ACC017862,train
ACC017863,train
ACC017864,train
ACC017865,train
ACC017866,train
ACC017867,train
ACC017868,train
ACC017869,train
ACC017870,train
ACC017871,train
ACC017872,train
ACC017873,train
ACC017874,train
ACC017875,train
ACC017876,train
ACC017877,train
ACC017878,train
ACC017879,train
ACC017880,train
ACC017881,train
ACC017882,train
ACC017883,train
ACC017884,train
ACC017885,train
ACC017886,train
ACC017887,train
ACC017888,train
ACC017889,train
ACC017890,train
ACC017891,train
ACC017892,train
ACC017893,train
ACC017894,train
ACC017895,train
ACC017896,train
ACC017897,train
ACC017898,train
ACC017899,train
ACC017900,train
ACC017901,train
ACC017902,train
ACC017903,train
ACC017904,train
ACC017905,train
ACC017906,train
ACC017907,train
ACC017908,train
ACC017909,train
ACC017910,train
ACC017911,train
ACC017912,train
ACC017913,train
ACC017914,train
ACC017915,train
ACC017916,train
ACC017917,train
ACC017918,train
ACC017919,train
ACC017920,train
ACC017921,train
ACC017922,train
ACC017923,train
ACC017924,train
ACC017925,train
ACC017926,train
ACC017927,train
ACC017928,train
ACC017929,train
ACC017930,train
ACC017931,train
ACC017932,train
ACC017933,train
ACC017934,train
ACC017935,train
ACC017936,train
ACC017937,train
ACC017938,train
ACC017939,train
ACC017940,train
ACC017941,train
ACC017942,train
ACC017943,train
ACC017944,train
ACC017945,train
ACC017946,train
ACC017947,train
ACC017948,train
ACC017949,train
ACC017950,train
ACC017951,train
ACC017952,train
ACC017953,train
ACC017954,train
ACC017955,test
ACC017956,test
ACC017957,test
ACC017958,test
ACC017959,test
ACC017960,test
ACC017961,test
ACC017962,test
ACC017963,test
ACC017964,test
ACC017965,test
ACC017966,test
ACC017967,test
ACC017968,test
ACC017969,test
ACC017970,test
ACC017971,test
ACC017972,test
ACC017973,test
ACC017974,test
ACC017975,test
ACC017976,test
ACC017977,test
ACC017978,test
ACC017979,test
ACC017980,test
ACC017981,test
ACC017982,test
ACC017983,test
ACC017984,test
ACC017985,test
ACC017986,test
ACC017987,test
ACC017988,test
ACC017989,test
ACC017990,test
ACC017991,test
ACC017992,train
ACC017993,train
ACC017994,train
ACC017995,train
ACC017996,train
ACC017997,train
ACC017998,train
ACC017999,train
ACC018000,train
ACC018001,train
ACC018002,train
ACC018003,train
ACC018004,train
ACC018005,train
ACC018006,train
ACC018007,train
ACC018008,train
ACC018009,train
ACC018010,train
ACC018011,train
ACC018012,train
ACC018013,train
ACC018014,train
ACC018015,train
ACC018016,train
ACC018017,train
ACC018018,train
ACC018019,train
ACC018020,train
ACC018021,train
ACC018022,train
ACC018023,train
ACC018024,train
ACC018025,train
ACC018026,train
ACC018027,train
ACC018028,train
ACC018029,train
ACC018030,train
ACC018031,train
ACC018032,train
ACC018033,train
ACC018034,train
ACC018035,train
ACC018036,train
ACC018037,train
ACC018038,train
ACC018039,train
ACC018040,train
ACC018041,train
ACC018042,train
ACC018043,train
ACC018044,train
ACC018045,train
ACC018046,train
ACC018047,test
ACC018048,train
ACC018049,test
ACC018050,train
ACC018051,train
ACC018052,train
ACC018053,train
ACC018054,test
ACC018055,train
ACC018056,test
ACC018057,test
ACC018058,test
ACC018059,test
ACC018060,test
ACC018061,train
ACC018062,test
ACC018063,test
ACC018064,train
ACC018065,test
ACC018066,train
ACC018067,train
ACC018068,train
ACC018069,train
ACC018070,train
ACC018071,train
ACC018072,train
ACC018073,train
ACC018074,train
ACC018075,train
ACC018076,train
ACC018077,train
ACC018078,train
ACC018079,train
ACC018080,train
ACC018081,train
ACC018082,train
ACC018083,train
ACC018084,train
ACC018085,train
ACC018086,train
ACC018087,train
ACC018088,test
ACC018089,test
ACC018090,test
ACC018091,test
ACC018092,test
ACC018093,test
ACC018094,test
ACC018095,test
ACC018096,train
ACC018097,test
ACC018098,test
ACC018099,test
ACC018100,test
ACC018101,train
ACC018102,test
ACC018103,train
ACC018104,train
ACC018105,train
ACC018106,train
ACC018107,train
ACC018108,train
ACC018109,train
ACC018110,train
ACC018111,train
ACC018112,train
ACC018113,train
ACC018114,train
ACC018115,train
ACC018116,train
ACC018117,train
ACC018118,train
ACC018119,train
ACC018120,train
ACC018121,train
ACC018122,train
ACC018123,train
ACC018124,train
ACC018125,train
ACC018126,train
ACC018127,train
ACC018128,train
ACC018129,train
ACC018130,train
ACC018131,train
ACC018132,train
ACC018133,train
ACC018134,train
ACC018135,train
ACC018136,train
ACC018137,train
ACC018138,train
ACC018139,train
ACC018140,train
ACC018141,train
ACC018142,train
ACC018143,train
ACC018144,train
ACC018145,train
ACC018146,train
ACC018147,train
ACC018148,train
ACC018149,train
ACC018150,train
ACC018151,train
ACC018152,train
ACC018153,train
ACC018154,train
ACC018155,train
ACC018156,train
ACC018157,train
ACC018158,train
ACC018159,train
ACC018160,train
ACC018161,train
ACC018162,train
ACC018163,train
ACC018164,test
ACC018165,test
ACC018166,test
ACC018167,test
ACC018168,test
ACC018169,test
ACC018170,test
ACC018171,test
ACC018172,test
ACC018173,test
ACC018174,train
ACC018175,train
ACC018176,train
ACC018177,train
ACC018178,train
ACC018179,train
ACC018180,train
ACC018181,train
ACC018182,train
ACC018183,train
ACC018184,train
ACC018185,train
ACC018186,train
ACC018187,train
ACC018188,train
ACC018189,train
ACC018190,train
ACC018191,train
ACC018192,train
ACC018193,train
ACC018194,train
ACC018195,train
ACC018196,train
ACC018197,train
ACC018198,train
ACC018199,train
ACC018200,train
ACC018201,train
ACC018202,train
ACC018203,train
ACC018204,train
ACC018205,train
ACC018206,test
ACC018207,test
ACC018208,test
ACC018209,test
ACC018210,test
ACC018211,test
ACC018212,test
ACC018213,test
ACC018214,test
ACC018215,test
ACC018216,train
ACC018217,train
ACC018218,train
ACC018219,train
ACC018220,train
ACC018221,train
ACC018222,train
ACC018223,train
ACC018224,train
ACC018225,train
ACC018226,train
ACC018227,train
ACC018228,train
ACC018229,train
ACC018230,train
ACC018231,train
ACC018232,train
ACC018233,train
ACC018234,train
ACC018235,train
ACC018236,train
ACC018237,train
ACC018238,train
ACC018239,train
ACC018240,train
ACC018241,train
ACC018242,train
ACC018243,train
ACC018244,train
ACC018245,train
ACC018246,train
ACC018247,test
ACC018248,train
ACC018249,train
ACC018250,test
ACC018251,test
ACC018252,train
ACC018253,test
ACC018254,test
ACC018255,train
ACC018256,train
ACC018257,test
ACC018258,train
ACC018259,train
ACC018260,train
ACC018261,train
ACC018262,train
ACC018263,train
ACC018264,train
ACC018265,train
ACC018266,train
ACC018267,train
ACC018268,train
ACC018269,train
ACC018270,train
ACC018271,train
ACC018272,train
ACC018273,train
ACC018274,train
ACC018275,train
ACC018276,train
ACC018277,train
ACC018278,train
ACC018279,train
ACC018280,train
ACC018281,train
ACC018282,train
ACC018283,train
ACC018284,train
ACC018285,train
ACC018286,train
ACC018287,train
ACC018288,train
ACC018289,train
ACC018290,train
ACC018291,train
ACC018292,train
ACC018293,train
ACC018294,train
ACC018295,train
ACC018296,train
ACC018297,train
ACC018298,train
ACC018299,train
ACC018300,train
ACC018301,train
ACC018302,train
ACC018303,train
ACC018304,train
ACC018305,train
ACC018306,train
ACC018307,train
ACC018308,train
ACC018309,train
ACC018310,train
ACC018311,train
ACC018312,train
ACC018313,train
ACC018314,train
ACC018315,train
ACC018316,train
ACC018317,train
ACC018318,train
ACC018319,train
ACC018320,train
ACC018321,train
ACC018322,train
ACC018323,train
ACC018324,train
ACC018325,train
ACC018326,train
ACC018327,train
ACC018328,train
ACC018329,train
ACC018330,train
ACC018331,train
ACC018332,train
ACC018333,train
ACC018334,train
ACC018335,train
ACC018336,train
ACC018337,train
ACC018338,train
ACC018339,train
ACC018340,train
ACC018341,train
ACC018342,train
ACC018343,test
ACC018344,train
ACC018345,train
ACC018346,train
ACC018347,test
ACC018348,train
ACC018349,train
ACC018350,test
ACC018351,test
ACC018352,test
ACC018353,test
ACC018354,test
ACC018355,test
ACC018356,test
ACC018357,test
ACC018358,test
ACC018359,test
ACC018360,test
ACC018361,test
ACC018362,test
ACC018363,test
ACC018364,test
ACC018365,test
ACC018366,test
ACC018367,test
ACC018368,test
ACC018369,test
ACC018370,test
ACC018371,test
ACC018372,train
ACC018373,train
ACC018374,train
ACC018375,train
ACC018376,train
ACC018377,train
ACC018378,train
ACC018379,train
ACC018380,train
ACC018381,train
ACC018382,train
ACC018383,train
ACC018384,train
ACC018385,train
ACC018386,train
ACC018387,test
ACC018388,test
ACC018389,test
ACC018390,test
ACC018391,test
ACC018392,test
ACC018393,test
ACC018394,test
ACC018395,train
ACC018396,train
ACC018397,train
ACC018398,train
ACC018399,train
ACC018400,train
ACC018401,train
ACC018402,train
ACC018403,train
ACC018404,train
ACC018405,train
ACC018406,train
ACC018407,train
ACC018408,train
ACC018409,train
ACC018410,train
ACC018411,train
ACC018412,train
ACC018413,train
ACC018414,train
ACC018415,train
ACC018416,train
ACC018417,train
ACC018418,train
ACC018419,train
ACC018420,train
ACC018421,train
ACC018422,train
ACC018423,train
ACC018424,train
ACC018425,train
ACC018426,train
ACC018427,train
ACC018428,train
ACC018429,train
ACC018430,train
ACC018431,train
ACC018432,test
ACC018433,test
ACC018434,test
ACC018435,test
ACC018436,test
ACC018437,test
ACC018438,test
ACC018439,test
ACC018440,test
ACC018441,test
ACC018442,train
ACC018443,train
ACC018444,train
ACC018445,train
ACC018446,train
ACC018447,train
ACC018448,train
ACC018449,train
ACC018450,train
ACC018451,train
ACC018452,train
ACC018453,train
ACC018454,train
ACC018455,train
ACC018456,train
ACC018457,train
ACC018458,test
ACC018459,test
ACC018460,test
ACC018461,test
ACC018462,test
ACC018463,test
ACC018464,test
ACC018465,test
ACC018466,train
ACC018467,train
ACC018468,train
ACC018469,train
ACC018470,train
ACC018471,train
ACC018472,train
ACC018473,train
ACC018474,train
ACC018475,train
ACC018476,train
ACC018477,train
ACC018478,train
ACC018479,train
ACC018480,train
ACC018481,train
ACC018482,train
ACC018483,train
ACC018484,train
ACC018485,train
ACC018486,train
ACC018487,train
ACC018488,train
ACC018489,train
ACC018490,train
ACC018491,train
ACC018492,train
ACC018493,train
ACC018494,train
ACC018495,train
ACC018496,train
ACC018497,train
ACC018498,train
ACC018499,train
ACC018500,train
ACC018501,train
ACC018502,train
ACC018503,train
ACC018504,train
ACC018505,train
ACC018506,train
ACC018507,test
ACC018508,test
ACC018509,test
ACC018510,test
ACC018511,train
ACC018512,test
ACC018513,train
ACC018514,test
ACC018515,test
ACC018516,test
ACC018517,test
ACC018518,test
ACC018519,train
ACC018520,test
ACC018521,test
ACC018522,train
ACC018523,train
ACC018524,train
ACC018525,train
ACC018526,train
ACC018527,train
ACC018528,train
ACC018529,train
ACC018530,train
ACC018531,train
ACC018532,train
ACC018533,train
ACC018534,train
ACC018535,train
ACC018536,train
ACC018537,train
ACC018538,train
ACC018539,train
ACC018540,train
ACC018541,train
ACC018542,train
ACC018543,train
ACC018544,train
ACC018545,train
ACC018546,train
ACC018547,train
ACC018548,train
ACC018549,train
ACC018550,train
ACC018551,train
ACC018552,train
ACC018553,train
ACC018554,train
ACC018555,train
ACC018556,train
ACC018557,train
ACC018558,train
ACC018559,train
ACC018560,train
ACC018561,train
ACC018562,train
ACC018563,train
ACC018564,train
ACC018565,train
ACC018566,train
ACC018567,train
ACC018568,train
ACC018569,train
ACC018570,train
ACC018571,train
ACC018572,train
ACC018573,train
ACC018574,train
ACC018575,train
ACC018576,train
ACC018577,train
ACC018578,train
ACC018579,train
ACC018580,train
ACC018581,train
ACC018582,train
ACC018583,train
ACC018584,train
ACC018585,train
ACC018586,train
ACC018587,train
ACC018588,train
ACC018589,train
ACC018590,train
ACC018591,train
ACC018592,train
ACC018593,train
ACC018594,train
ACC018595,train
ACC018596,train
ACC018597,test
ACC018598,test
ACC018599,test
ACC018600,test
ACC018601,test
ACC018602,test
ACC018603,test
ACC018604,train
ACC018605,train
ACC018606,train
ACC018607,train
ACC018608,train
ACC018609,train
ACC018610,train
ACC018611,train
ACC018612,train
ACC018613,train
ACC018614,train
ACC018615,train
ACC018616,train
ACC018617,train
ACC018618,train
ACC018619,train
ACC018620,train
ACC018621,train
ACC018622,train
ACC018623,train
ACC018624,train
ACC018625,train
ACC018626,train
ACC018627,train
ACC018628,train
ACC018629,train
ACC018630,train
ACC018631,train
ACC018632,train
ACC018633,train
ACC018634,train
ACC018635,train
ACC018636,train
ACC018637,train
ACC018638,train
ACC018639,train
ACC018640,train
ACC018641,test
ACC018642,test
ACC018643,test
ACC018644,test
ACC018645,test
ACC018646,test
ACC018647,test
ACC018648,test
ACC018649,train
ACC018650,train
ACC018651,train
ACC018652,train
ACC018653,train
ACC018654,train
ACC018655,train
ACC018656,train
ACC018657,train
ACC018658,test
ACC018659,test
ACC018660,test
ACC018661,test
ACC018662,test
ACC018663,test
ACC018664,test
ACC018665,test
ACC018666,test
ACC018667,test
ACC018668,test
ACC018669,train
ACC018670,train
ACC018671,train
ACC018672,train
ACC018673,train
ACC018674,train
ACC018675,train
ACC018676,train
ACC018677,train
ACC018678,train
ACC018679,train
ACC018680,train
ACC018681,train
ACC018682,train
ACC018683,train
ACC018684,train
ACC018685,train
ACC018686,train
ACC018687,train
ACC018688,train
ACC018689,train
ACC018690,train
ACC018691,train
ACC018692,train
ACC018693,train
ACC018694,train
ACC018695,train
ACC018696,train
ACC018697,train
ACC018698,train
ACC018699,train
ACC018700,test
ACC018701,test
ACC018702,test
ACC018703,test
ACC018704,test
ACC018705,test
ACC018706,test
ACC018707,test
ACC018708,test
ACC018709,test
ACC018710,train
ACC018711,train
ACC018712,train
ACC018713,train
ACC018714,train
ACC018715,train
ACC018716,train
ACC018717,train
ACC018718,train
ACC018719,train
ACC018720,train
ACC018721,train
ACC018722,train
ACC018723,train
ACC018724,train
ACC018725,train
ACC018726,train
ACC018727,train
ACC018728,train
ACC018729,train
ACC018730,train
ACC018731,train
ACC018732,train
ACC018733,train
ACC018734,train
ACC018735,train
ACC018736,train
ACC018737,train
ACC018738,train
ACC018739,train
ACC018740,train
ACC018741,train
ACC018742,train
ACC018743,train
ACC018744,train
ACC018745,train
ACC018746,train
ACC018747,train
ACC018748,train
ACC018749,train
ACC018750,train
ACC018751,train
ACC018752,train
ACC018753,train
ACC018754,train
ACC018755,train
ACC018756,train
ACC018757,train
ACC018758,train
ACC018759,train
ACC018760,train
ACC018761,train
ACC018762,train
ACC018763,train
ACC018764,train
ACC018765,train
ACC018766,train
ACC018767,train
ACC018768,train
ACC018769,train
ACC018770,test
ACC018771,test
ACC018772,test
ACC018773,test
ACC018774,test
ACC018775,test
ACC018776,test
ACC018777,test
ACC018778,train
ACC018779,train
ACC018780,train
ACC018781,train
ACC018782,train
ACC018783,train
ACC018784,train
ACC018785,train
ACC018786,train
ACC018787,train
ACC018788,train
ACC018789,train
ACC018790,train
ACC018791,train
ACC018792,train
ACC018793,train
ACC018794,train
ACC018795,train
ACC018796,train
ACC018797,train
ACC018798,train
ACC018799,test
ACC018800,test
ACC018801,test
ACC018802,test
ACC018803,test
ACC018804,test
ACC018805,test
ACC018806,test
ACC018807,train
ACC018808,train
ACC018809,train
ACC018810,train
ACC018811,train
ACC018812,train
ACC018813,train
ACC018814,train
ACC018815,train
ACC018816,train
ACC018817,test
ACC018818,test
ACC018819,test
ACC018820,test
ACC018821,test
ACC018822,test
ACC018823,test
ACC018824,test
ACC018825,train
ACC018826,train
ACC018827,train
ACC018828,train
ACC018829,train
ACC018830,train
ACC018831,train
ACC018832,train
ACC018833,train
ACC018834,train
ACC018835,train
ACC018836,train
ACC018837,train
ACC018838,train
ACC018839,train
ACC018840,train
ACC018841,train
ACC018842,train
ACC018843,train
ACC018844,train
ACC018845,train
ACC018846,train
ACC018847,train
ACC018848,train
ACC018849,train
ACC018850,train
ACC018851,train
ACC018852,train
ACC018853,train
ACC018854,train
ACC018855,train
ACC018856,train
ACC018857,train
ACC018858,train
ACC018859,train
ACC018860,train
ACC018861,train
ACC018862,train
ACC018863,train
ACC018864,train
ACC018865,train
ACC018866,train
ACC018867,train
ACC018868,train
ACC018869,train
ACC018870,train
ACC018871,train
ACC018872,train
ACC018873,train
ACC018874,train
ACC018875,train
ACC018876,train
ACC018877,train
ACC018878,train
ACC018879,train
ACC018880,train
ACC018881,train
ACC018882,train
ACC018883,train
ACC018884,train
ACC018885,train
ACC018886,train
ACC018887,train
ACC018888,train
ACC018889,train
ACC018890,train
ACC018891,train
ACC018892,train
ACC018893,train
ACC018894,train
ACC018895,train
ACC018896,train
ACC018897,train
ACC018898,train
ACC018899,train
ACC018900,train
ACC018901,train
ACC018902,train
ACC018903,train
ACC018904,train
ACC018905,train
ACC018906,train
ACC018907,train
ACC018908,train
ACC018909,train
ACC018910,train
ACC018911,train
ACC018912,train
ACC018913,train
ACC018914,train
ACC018915,train
ACC018916,train
ACC018917,train
ACC018918,train
ACC018919,train
ACC018920,train
ACC018921,train
ACC018922,train
ACC018923,train
ACC018924,train
ACC018925,train
ACC018926,train
ACC018927,train
ACC018928,train
ACC018929,train
ACC018930,train
ACC018931,train
ACC018932,train
ACC018933,train
ACC018934,train
ACC018935,train
ACC018936,train
ACC018937,train
ACC018938,train
ACC018939,train
ACC018940,train
ACC018941,train
ACC018942,train
ACC018943,train
ACC018944,train
ACC018945,train
ACC018946,train
ACC018947,train
ACC018948,train
ACC018949,train
ACC018950,train
ACC018951,train
ACC018952,train
ACC018953,train
ACC018954,train
ACC018955,train
ACC018956,train
ACC018957,train
ACC018958,train
ACC018959,train
ACC018960,train
ACC018961,train
ACC018962,train
ACC018963,train
ACC018964,train
ACC018965,train
ACC018966,train
ACC018967,train
ACC018968,train
ACC018969,train
ACC018970,train
ACC018971,train
ACC018972,train
ACC018973,train
ACC018974,train
ACC018975,train
ACC018976,train
ACC018977,test
ACC018978,train
ACC018979,train
ACC018980,train
ACC018981,train
ACC018982,train
ACC018983,train
ACC018984,train
ACC018985,train
ACC018986,train
ACC018987,train
ACC018988,train
ACC018989,train
ACC018990,train
ACC018991,train
ACC018992,train
ACC018993,train
ACC018994,train
ACC018995,train
ACC018996,train
ACC018997,train
ACC018998,train
ACC018999,train
ACC019000,train
ACC019001,train
ACC019002,train
ACC019003,test
ACC019004,test
ACC019005,test
ACC019006,test
ACC019007,test
ACC019008,train
ACC019009,train
ACC019010,train
ACC019011,train
ACC019012,train
ACC019013,test
ACC019014,test
ACC019015,test
ACC019016,test
ACC019017,train
ACC019018,train
ACC019019,train
ACC019020,train
ACC019021,train
ACC019022,train
ACC019023,train
ACC019024,train
ACC019025,train
ACC019026,train
ACC019027,train
ACC019028,train
ACC019029,train
ACC019030,train
ACC019031,train
ACC019032,train
ACC019033,train
ACC019034,train
ACC019035,train
ACC019036,train
ACC019037,train
ACC019038,train
ACC019039,train
ACC019040,train
ACC019041,train
ACC019042,train
ACC019043,train
ACC019044,train
ACC019045,train
ACC019046,train
ACC019047,train
ACC019048,train
ACC019049,train
ACC019050,train
ACC019051,train
ACC019052,train
ACC019053,train
ACC019054,train
ACC019055,train
ACC019056,train
ACC019057,train
ACC019058,train
ACC019059,train
ACC019060,train
ACC019061,train
ACC019062,train
ACC019063,train
ACC019064,train
ACC019065,train
ACC019066,train
ACC019067,train
ACC019068,train
ACC019069,train
ACC019070,train
ACC019071,train
ACC019072,train
ACC019073,train
ACC019074,train
ACC019075,train
ACC019076,train
ACC019077,train
ACC019078,train
ACC019079,train
ACC019080,train
ACC019081,train
ACC019082,train
ACC019083,train
ACC019084,train
ACC019085,train
ACC019086,train
ACC019087,train
ACC019088,train
ACC019089,train
ACC019090,train
ACC019091,train
ACC019092,train
ACC019093,train
ACC019094,train
ACC019095,train
ACC019096,train
ACC019097,train
ACC019098,train
ACC019099,train
ACC019100,train
ACC019101,train
ACC019102,train
ACC019103,train
ACC019104,train
ACC019105,train
ACC019106,train
ACC019107,train
ACC019108,train
ACC019109,train
ACC019110,train
ACC019111,train
ACC019112,train
ACC019113,train
ACC019114,train
ACC019115,train
ACC019116,train
ACC019117,train
ACC019118,train
ACC019119,train
ACC019120,train
ACC019121,train
ACC019122,train
ACC019123,train
ACC019124,train
ACC019125,train
ACC019126,train
ACC019127,train
ACC019128,train
ACC019129,train
ACC019130,train
ACC019131,train
ACC019132,train
ACC019133,train
ACC019134,train
ACC019135,train
ACC019136,train
ACC019137,train
ACC019138,train
ACC019139,train
ACC019140,train
ACC019141,train
ACC019142,train
ACC019143,train
ACC019144,train
ACC019145,train
ACC019146,train
ACC019147,train
ACC019148,train
ACC019149,train
ACC019150,train
ACC019151,train
ACC019152,train
ACC019153,train
ACC019154,train
ACC019155,train
ACC019156,train
ACC019157,train
ACC019158,train
ACC019159,train
ACC019160,train
ACC019161,train
ACC019162,train
ACC019163,train
ACC019164,train
ACC019165,train
ACC019166,train
ACC019167,train
ACC019168,train
ACC019169,train
